----------------------------------------------------------------------------------------------------,,,,,,,,,,,,,,,,,,
Accel-Sim-build,,,,,,,,,,,,,,,,,,
CFG,l1_bw_32f/__tpb_1024___tpsm_1024___blocks_1___ws_32--_Z5l1_bwPmS_PfPKf--0,l1_bw_64f/__tpb_1024___tpsm_1024___blocks_1___ws_32--_Z5l1_bwPmS_PdS0_--0,l1_bw_128/__tpb_1024___tpsm_1024___blocks_1___ws_32--_Z5l1_bwPmS_PfS0_--0,l1_lat/__blocks_1___ws_32--_Z6l1_latPjS_PmS0_--0,l2_bw_32f/__tpb_1024___tpsm_1024___blocks_160___ws_32--_Z5l2_bwPmS_PfS0_j--0,l2_bw_64f/__tpb_1024___tpsm_1024___blocks_160___l2_786432___ws_32--_Z5l2_bwPjS_PdS0_j--0,l2_lat/__tpb_1___tpsm_1___blocks_1___l2_786432___ws_32--_Z10l2_hit_latPjS_PmS0_--0,mem_bw/__tpb_1024___tpsm_1024___blocks_80___l2_1572864___ws_32___memclk_1132___membw_64--_Z6mem_bwPfS_S_S_S_S_PjS0_j--0,mem_lat/__tpb_1024___tpsm_1024___blocks_80___l2_1572864___ws_32___memclk_1132___membw_64--_Z7mem_latPjS_PmS0_j--0,shared_bw/__tpb_1024___tpsm_1024___blocks_1____ws_32--_Z9shared_bwPmS_Pjj--0,shared_lat/__blocks_1____ws_32--_Z10shared_latPjS_Pmj--0,shared_bank_conflicts/1--_Z18transposeCoalescedPfS_ii--0,shared_bank_conflicts/2--_Z24transposeNoBankConflictsPfS_ii--0,MaxIops_int32/__tpb_1024____blocks_1____ws_32--_Z9max_flopsIiEvPjS0_PT_S2_S2_--0,l1_shared_bw/__tpb_1024____blocks_1____ws_32--_Z9shared_bwPjS_S_S_j--0,l1_bw_32f_unroll/__tpb_1024___blocks_1____ws_32--_Z5l1_bwPjS_PfS0_--0,l1_bw_32f_unroll_large/NO_ARGS--_Z5l1_bwPjS_PfS0_--0,AV--VG
RTX3070-SASS-accel-f677b74-gpgpu-deb5eb5,NA,NA,NA,NA,NA,NA,NA,NA,NA,NA,NA,NA,NA,NA,NA,NA,NA,NA
RTX3070-SASS-accel-c366657-gpgpu-deb5eb5,NA,NA,NA,NA,NA,NA,NA,NA,NA,NA,NA,NA,NA,NA,NA,NA,NA,NA
RTX3070-SASS-accel-a72607f-gpgpu-deb5eb5,NA,NA,NA,NA,NA,NA,NA,NA,NA,NA,NA,NA,NA,NA,NA,NA,NA,NA
RTX3070-SASS-accel-4dbd5b1-gpgpu-deb5eb5,NA,NA,NA,NA,NA,NA,NA,NA,NA,NA,NA,NA,NA,NA,NA,NA,NA,NA
RTX3070-SASS-accel-60ad810-gpgpu-deb5eb5,NA,NA,NA,NA,NA,NA,NA,NA,NA,NA,NA,NA,NA,NA,NA,NA,NA,NA
RTX3070-SASS-accel-0ce7699-gpgpu-deb5eb5,NA,NA,NA,NA,NA,NA,NA,NA,NA,NA,NA,NA,NA,NA,NA,NA,NA,NA
RTX3070-SASS-accel-6812c12-gpgpu-deb5eb5,NA,NA,NA,NA,NA,NA,NA,NA,NA,NA,NA,NA,NA,NA,NA,NA,NA,NA
RTX3070-SASS-accel-31082a4-gpgpu-1ee03f0,NA,NA,NA,NA,NA,NA,NA,NA,NA,NA,NA,NA,NA,NA,NA,NA,NA,NA
RTX3070-SASS-accel-28e2777-gpgpu-1ee03f0,NA,NA,NA,NA,NA,NA,NA,NA,NA,NA,NA,NA,NA,NA,NA,NA,NA,NA
RTX3070-SASS-accel-10dc9a0-gpgpu-1ee03f0,NA,NA,NA,NA,NA,NA,NA,NA,NA,NA,NA,NA,NA,NA,NA,NA,NA,NA
RTX3070-SASS-accel-9719269-gpgpu-c51350d,NA,NA,NA,NA,NA,NA,NA,NA,NA,NA,NA,NA,NA,NA,NA,NA,NA,NA
RTX3070-SASS-accel-6b6f836-gpgpu-585dcf5,NA,NA,NA,NA,NA,NA,NA,NA,NA,NA,NA,NA,NA,NA,NA,NA,NA,NA
RTX3070-SASS-accel-252e8c4-gpgpu-585dcf5,NA,NA,NA,NA,NA,NA,NA,NA,NA,NA,NA,NA,NA,NA,NA,NA,NA,NA
RTX3070-SASS-accel-a4e0907-gpgpu-6c9e13d,NA,NA,NA,NA,NA,NA,NA,NA,NA,NA,NA,NA,NA,NA,NA,NA,NA,NA
RTX3070-SASS-accel-fea3381-gpgpu-6ad461a,NA,NA,NA,NA,NA,NA,NA,NA,NA,NA,NA,NA,NA,NA,NA,NA,NA,NA
RTX3070-SASS-accel-16c3068-gpgpu-6ad461a,NA,NA,NA,NA,NA,NA,NA,NA,NA,NA,NA,NA,NA,NA,NA,NA,NA,NA
RTX3070-SASS-accel-8f124d9-gpgpu-99b5997,NA,NA,NA,NA,NA,NA,NA,NA,NA,NA,NA,NA,NA,NA,NA,NA,NA,NA
RTX3070-SASS-accel-7a31963-gpgpu-84c4f46,NA,NA,NA,NA,NA,NA,NA,NA,NA,NA,NA,NA,NA,NA,NA,NA,NA,NA
RTX3070-SASS-accel-a8c1d6d-gpgpu-84c4f46,NA,NA,NA,NA,NA,NA,NA,NA,NA,NA,NA,NA,NA,NA,NA,NA,NA,NA
RTX3070-SASS-accel-000be7f-gpgpu-e466afb,NA,NA,NA,NA,NA,NA,NA,NA,NA,NA,NA,NA,NA,NA,NA,NA,NA,NA
RTX3070-SASS-accel-1cb6168-gpgpu-d38b300,NA,NA,NA,NA,NA,NA,NA,NA,NA,NA,NA,NA,NA,NA,NA,NA,NA,NA
RTX3070-SASS-accel-a9305c5-gpgpu-d38b300,NA,NA,NA,NA,NA,NA,NA,NA,NA,NA,NA,NA,NA,NA,NA,NA,NA,NA
RTX3070-SASS-accel-5b93243-gpgpu-d38b300,NA,NA,NA,NA,NA,NA,NA,NA,NA,NA,NA,NA,NA,NA,NA,NA,NA,NA
RTX3070-SASS-accel-5745567-gpgpu-d38b300,NA,NA,NA,NA,NA,NA,NA,NA,NA,NA,NA,NA,NA,NA,NA,NA,NA,NA
RTX3070-SASS-accel-8d1cf8e-gpgpu-d38b300,NA,NA,NA,NA,NA,NA,NA,NA,NA,NA,NA,NA,NA,NA,NA,NA,NA,NA
RTX3070-SASS-accel-17f819f-gpgpu-d38b300,NA,NA,NA,NA,NA,NA,NA,NA,NA,NA,NA,NA,NA,NA,NA,NA,NA,NA
RTX3070-SASS-accel-2f29d2d-gpgpu-1d39b6f,NA,NA,NA,NA,NA,NA,NA,NA,NA,NA,NA,NA,NA,NA,NA,NA,NA,NA
RTX3070-SASS-accel-786503a-gpgpu-13c6711,NA,NA,NA,NA,NA,NA,NA,NA,NA,NA,NA,NA,NA,NA,NA,NA,NA,NA
RTX3070-SASS-accel-53584fc-gpgpu-13c6711,NA,NA,NA,NA,NA,NA,NA,NA,NA,NA,NA,NA,NA,NA,NA,NA,NA,NA
RTX3070-SASS-accel-e02c99d-gpgpu-13c6711,NA,NA,NA,NA,NA,NA,NA,NA,NA,NA,NA,NA,NA,NA,NA,NA,NA,NA
RTX3070-SASS-accel-bccdebb-gpgpu-13c6711,NA,NA,NA,NA,NA,NA,NA,NA,NA,NA,NA,NA,NA,NA,NA,NA,NA,NA
RTX3070-SASS-accel-0f84efb-gpgpu-74cdacd,NA,NA,NA,NA,NA,NA,NA,NA,NA,NA,NA,NA,NA,NA,NA,NA,NA,NA
RTX3070-SASS-accel-7feb41c-gpgpu-74cdacd,NA,NA,NA,NA,NA,NA,NA,NA,NA,NA,NA,NA,NA,NA,NA,NA,NA,NA
RTX3070-SASS-accel-8f77aae-gpgpu-948c0e1,NA,NA,NA,NA,NA,NA,NA,NA,NA,NA,NA,NA,NA,NA,NA,NA,NA,NA
RTX3070-SASS-accel-8f2c50f-gpgpu-6dd3bfc,NA,NA,NA,NA,NA,NA,NA,NA,NA,NA,NA,NA,NA,NA,NA,NA,NA,NA
RTX3070-SASS-accel-2f19b3d-gpgpu-e033c1f,NA,NA,NA,NA,NA,NA,NA,NA,NA,NA,NA,NA,NA,NA,NA,NA,NA,NA
RTX3070-SASS-accel-17e94d7-gpgpu-e033c1f,NA,NA,NA,NA,NA,NA,NA,NA,NA,NA,NA,NA,NA,NA,NA,NA,NA,NA
RTX3070-SASS-accel-dc0bece-gpgpu-e033c1f,NA,NA,NA,NA,NA,NA,NA,NA,NA,NA,NA,NA,NA,NA,NA,NA,NA,NA
RTX3070-SASS-accel-21f6fea-gpgpu-e033c1f,NA,NA,NA,NA,NA,NA,NA,NA,NA,NA,NA,NA,NA,NA,NA,NA,NA,NA
RTX3070-SASS-accel-a88075e-gpgpu-e033c1f,NA,NA,NA,NA,NA,NA,NA,NA,NA,NA,NA,NA,NA,NA,NA,NA,NA,NA
RTX3070-SASS-accel-470e82b-gpgpu-73db3f7,NA,NA,NA,NA,NA,NA,NA,NA,NA,NA,NA,NA,NA,NA,NA,NA,NA,NA
RTX3070-SASS-accel-a6c1a7a-gpgpu-66ae881,NA,NA,NA,NA,NA,NA,NA,NA,NA,NA,NA,NA,NA,NA,NA,NA,NA,NA
RTX3070-SASS-accel-572f6fd-gpgpu-301be9e,NA,NA,NA,NA,NA,NA,NA,NA,NA,NA,NA,NA,NA,NA,NA,NA,NA,NA
RTX3070-SASS-accel-92027de-gpgpu-58beccb,NA,NA,NA,NA,NA,NA,NA,NA,NA,NA,NA,NA,NA,NA,NA,NA,NA,NA
RTX3070-SASS-accel-0c80a10-gpgpu-58beccb,NA,NA,NA,NA,NA,NA,NA,NA,NA,NA,NA,NA,NA,NA,NA,NA,NA,NA
RTX3070-SASS-accel-53da2df-gpgpu-a0c12f5,NA,NA,NA,NA,NA,NA,NA,NA,NA,NA,NA,NA,NA,NA,NA,NA,NA,NA
RTX3070-SASS-accel-86f4430-gpgpu-a0c12f5,NA,NA,NA,NA,NA,NA,NA,NA,NA,NA,NA,NA,NA,NA,NA,NA,NA,NA
RTX3070-SASS-accel-c1a12bc-gpgpu-9aeacdf,NA,NA,NA,NA,NA,NA,NA,NA,NA,NA,NA,NA,NA,NA,NA,NA,NA,NA
RTX3070-SASS-accel-a1ca547-gpgpu-9aeacdf,NA,NA,NA,NA,NA,NA,NA,NA,NA,NA,NA,NA,NA,NA,NA,NA,NA,NA
RTX3070-SASS-accel-a1ca547-gpgpu-67fc78c,NA,NA,NA,NA,NA,NA,NA,NA,NA,NA,NA,NA,NA,NA,NA,NA,NA,NA
RTX3070-SASS-accel-_modifi-gpgpu-67fc78c,NA,NA,NA,NA,NA,NA,NA,NA,NA,NA,NA,NA,NA,NA,NA,NA,NA,NA
RTX3070-SASS-accel-c5fa0e8-gpgpu-bc268aa,NA,NA,NA,NA,NA,NA,NA,NA,NA,NA,NA,NA,NA,NA,NA,NA,NA,NA
RTX3070-SASS-accel-43a51f3-gpgpu-7d3ad23,NA,NA,NA,NA,NA,NA,NA,NA,NA,NA,NA,NA,NA,NA,NA,NA,NA,NA
RTX3070-SASS-accel-4ac0e40-gpgpu-7d3ad23,NA,NA,NA,NA,NA,NA,NA,NA,NA,NA,NA,NA,NA,NA,NA,NA,NA,NA
RTX3070-SASS-accel-efa370c-gpgpu-6b22d66,NA,NA,NA,NA,NA,NA,NA,NA,NA,NA,NA,NA,NA,NA,NA,NA,NA,NA
RTX3070-SASS-accel-66ed9f2-gpgpu-6b22d66,NA,NA,NA,NA,NA,NA,NA,NA,NA,NA,NA,NA,NA,NA,NA,NA,NA,NA
RTX3070-SASS-accel-b1c61bc-gpgpu-6b22d66,NA,NA,NA,NA,NA,NA,NA,NA,NA,NA,NA,NA,NA,NA,NA,NA,NA,NA
RTX3070-SASS-accel-b3d9838-gpgpu-22159f1,NA,NA,NA,NA,NA,NA,NA,NA,NA,NA,NA,NA,NA,NA,NA,NA,NA,NA
RTX3070-SASS-accel-3ff1be8-gpgpu-67d8a3b,NA,NA,NA,NA,NA,NA,NA,NA,NA,NA,NA,NA,NA,NA,NA,NA,NA,NA
RTX3070-SASS-accel-3ff1be8-gpgpu-9d88a1c,NA,NA,NA,NA,NA,NA,NA,NA,NA,NA,NA,NA,NA,NA,NA,NA,NA,NA
RTX3070-SASS-accel-879dc35-gpgpu-3364474,NA,NA,NA,NA,NA,NA,NA,NA,NA,NA,NA,NA,NA,NA,NA,NA,NA,NA
RTX3070-SASS-accel-e7b698e-gpgpu-3364474,NA,NA,NA,NA,NA,NA,NA,NA,NA,NA,NA,NA,NA,NA,NA,NA,NA,NA
RTX3070-SASS-accel-1688c9d-gpgpu-3364474,NA,NA,NA,NA,NA,NA,NA,NA,NA,NA,NA,NA,NA,NA,NA,NA,NA,NA
RTX3070-SASS-accel-a634fe0-gpgpu-3364474,NA,NA,NA,NA,NA,NA,NA,NA,NA,NA,NA,NA,NA,NA,NA,NA,NA,NA
RTX3070-SASS-accel-7a8e345-gpgpu-3364474,NA,NA,NA,NA,NA,NA,NA,NA,NA,NA,NA,NA,NA,NA,NA,NA,NA,NA
RTX3070-SASS-accel-d3ba55f-gpgpu-a3c52cf,NA,NA,NA,NA,NA,NA,NA,NA,NA,NA,NA,NA,NA,NA,NA,NA,NA,NA
RTX3070-SASS-accel-ec00037-gpgpu-a3c52cf,NA,NA,NA,NA,NA,NA,NA,NA,NA,NA,NA,NA,NA,NA,NA,NA,NA,NA
RTX3070-SASS-accel-a619790-gpgpu-a3c52cf,NA,NA,NA,NA,NA,NA,NA,NA,NA,NA,NA,NA,NA,NA,NA,NA,NA,NA
RTX3070-SASS-accel-08a6b5b-gpgpu-a3c52cf,NA,NA,NA,NA,NA,NA,NA,NA,NA,NA,NA,NA,NA,NA,NA,NA,NA,NA
RTX3070-SASS-accel-f2bcdfa-gpgpu-a3c52cf,NA,NA,NA,NA,NA,NA,NA,NA,NA,NA,NA,NA,NA,NA,NA,NA,NA,NA
RTX3070-SASS-accel-d21015b-gpgpu-a3c52cf,NA,NA,NA,NA,NA,NA,NA,NA,NA,NA,NA,NA,NA,NA,NA,NA,NA,NA
RTX3070-SASS-accel-b577da3-gpgpu-a3c52cf,NA,NA,NA,NA,NA,NA,NA,NA,NA,NA,NA,NA,NA,NA,NA,NA,NA,NA
RTX3070-SASS-accel-186e1bf-gpgpu-a3c52cf,NA,NA,NA,NA,NA,NA,NA,NA,NA,NA,NA,NA,NA,NA,NA,NA,NA,NA
RTX3070-SASS-accel-cad11ca-gpgpu-a3c52cf,NA,NA,NA,NA,NA,NA,NA,NA,NA,NA,NA,NA,NA,NA,NA,NA,NA,NA
RTX3070-SASS-accel-1f5a2ed-gpgpu-a3c52cf,NA,NA,NA,NA,NA,NA,NA,NA,NA,NA,NA,NA,NA,NA,NA,NA,NA,NA
RTX3070-SASS-accel-20e5f99-gpgpu-a3c52cf,NA,NA,NA,NA,NA,NA,NA,NA,NA,NA,NA,NA,NA,NA,NA,NA,NA,NA
RTX3070-SASS-accel-fae2d48-gpgpu-a3c52cf,NA,NA,NA,NA,NA,NA,NA,NA,NA,NA,NA,NA,NA,NA,NA,NA,NA,NA

----------------------------------------------------------------------------------------------------,,,,,,,,,,,,,,,,,,
GPGPU-Sim-build,,,,,,,,,,,,,,,,,,
CFG,l1_bw_32f/__tpb_1024___tpsm_1024___blocks_1___ws_32--_Z5l1_bwPmS_PfPKf--0,l1_bw_64f/__tpb_1024___tpsm_1024___blocks_1___ws_32--_Z5l1_bwPmS_PdS0_--0,l1_bw_128/__tpb_1024___tpsm_1024___blocks_1___ws_32--_Z5l1_bwPmS_PfS0_--0,l1_lat/__blocks_1___ws_32--_Z6l1_latPjS_PmS0_--0,l2_bw_32f/__tpb_1024___tpsm_1024___blocks_160___ws_32--_Z5l2_bwPmS_PfS0_j--0,l2_bw_64f/__tpb_1024___tpsm_1024___blocks_160___l2_786432___ws_32--_Z5l2_bwPjS_PdS0_j--0,l2_lat/__tpb_1___tpsm_1___blocks_1___l2_786432___ws_32--_Z10l2_hit_latPjS_PmS0_--0,mem_bw/__tpb_1024___tpsm_1024___blocks_80___l2_1572864___ws_32___memclk_1132___membw_64--_Z6mem_bwPfS_S_S_S_S_PjS0_j--0,mem_lat/__tpb_1024___tpsm_1024___blocks_80___l2_1572864___ws_32___memclk_1132___membw_64--_Z7mem_latPjS_PmS0_j--0,shared_bw/__tpb_1024___tpsm_1024___blocks_1____ws_32--_Z9shared_bwPmS_Pjj--0,shared_lat/__blocks_1____ws_32--_Z10shared_latPjS_Pmj--0,shared_bank_conflicts/1--_Z18transposeCoalescedPfS_ii--0,shared_bank_conflicts/2--_Z24transposeNoBankConflictsPfS_ii--0,MaxIops_int32/__tpb_1024____blocks_1____ws_32--_Z9max_flopsIiEvPjS0_PT_S2_S2_--0,l1_shared_bw/__tpb_1024____blocks_1____ws_32--_Z9shared_bwPjS_S_S_j--0,l1_bw_32f_unroll/__tpb_1024___blocks_1____ws_32--_Z5l1_bwPjS_PfS0_--0,l1_bw_32f_unroll_large/NO_ARGS--_Z5l1_bwPjS_PfS0_--0,AV--VG
RTX3070-SASS-accel-f677b74-gpgpu-deb5eb5,NA,NA,NA,NA,NA,NA,NA,NA,NA,NA,NA,NA,NA,NA,NA,NA,NA,NA
RTX3070-SASS-accel-c366657-gpgpu-deb5eb5,NA,NA,NA,NA,NA,NA,NA,NA,NA,NA,NA,NA,NA,NA,NA,NA,NA,NA
RTX3070-SASS-accel-a72607f-gpgpu-deb5eb5,NA,NA,NA,NA,NA,NA,NA,NA,NA,NA,NA,NA,NA,NA,NA,NA,NA,NA
RTX3070-SASS-accel-4dbd5b1-gpgpu-deb5eb5,NA,NA,NA,NA,NA,NA,NA,NA,NA,NA,NA,NA,NA,NA,NA,NA,NA,NA
RTX3070-SASS-accel-60ad810-gpgpu-deb5eb5,NA,NA,NA,NA,NA,NA,NA,NA,NA,NA,NA,NA,NA,NA,NA,NA,NA,NA
RTX3070-SASS-accel-0ce7699-gpgpu-deb5eb5,NA,NA,NA,NA,NA,NA,NA,NA,NA,NA,NA,NA,NA,NA,NA,NA,NA,NA
RTX3070-SASS-accel-6812c12-gpgpu-deb5eb5,NA,NA,NA,NA,NA,NA,NA,NA,NA,NA,NA,NA,NA,NA,NA,NA,NA,NA
RTX3070-SASS-accel-31082a4-gpgpu-1ee03f0,NA,NA,NA,NA,NA,NA,NA,NA,NA,NA,NA,NA,NA,NA,NA,NA,NA,NA
RTX3070-SASS-accel-28e2777-gpgpu-1ee03f0,NA,NA,NA,NA,NA,NA,NA,NA,NA,NA,NA,NA,NA,NA,NA,NA,NA,NA
RTX3070-SASS-accel-10dc9a0-gpgpu-1ee03f0,NA,NA,NA,NA,NA,NA,NA,NA,NA,NA,NA,NA,NA,NA,NA,NA,NA,NA
RTX3070-SASS-accel-9719269-gpgpu-c51350d,NA,NA,NA,NA,NA,NA,NA,NA,NA,NA,NA,NA,NA,NA,NA,NA,NA,NA
RTX3070-SASS-accel-6b6f836-gpgpu-585dcf5,NA,NA,NA,NA,NA,NA,NA,NA,NA,NA,NA,NA,NA,NA,NA,NA,NA,NA
RTX3070-SASS-accel-252e8c4-gpgpu-585dcf5,NA,NA,NA,NA,NA,NA,NA,NA,NA,NA,NA,NA,NA,NA,NA,NA,NA,NA
RTX3070-SASS-accel-a4e0907-gpgpu-6c9e13d,NA,NA,NA,NA,NA,NA,NA,NA,NA,NA,NA,NA,NA,NA,NA,NA,NA,NA
RTX3070-SASS-accel-fea3381-gpgpu-6ad461a,NA,NA,NA,NA,NA,NA,NA,NA,NA,NA,NA,NA,NA,NA,NA,NA,NA,NA
RTX3070-SASS-accel-16c3068-gpgpu-6ad461a,NA,NA,NA,NA,NA,NA,NA,NA,NA,NA,NA,NA,NA,NA,NA,NA,NA,NA
RTX3070-SASS-accel-8f124d9-gpgpu-99b5997,NA,NA,NA,NA,NA,NA,NA,NA,NA,NA,NA,NA,NA,NA,NA,NA,NA,NA
RTX3070-SASS-accel-7a31963-gpgpu-84c4f46,NA,NA,NA,NA,NA,NA,NA,NA,NA,NA,NA,NA,NA,NA,NA,NA,NA,NA
RTX3070-SASS-accel-a8c1d6d-gpgpu-84c4f46,NA,NA,NA,NA,NA,NA,NA,NA,NA,NA,NA,NA,NA,NA,NA,NA,NA,NA
RTX3070-SASS-accel-000be7f-gpgpu-e466afb,NA,NA,NA,NA,NA,NA,NA,NA,NA,NA,NA,NA,NA,NA,NA,NA,NA,NA
RTX3070-SASS-accel-1cb6168-gpgpu-d38b300,NA,NA,NA,NA,NA,NA,NA,NA,NA,NA,NA,NA,NA,NA,NA,NA,NA,NA
RTX3070-SASS-accel-a9305c5-gpgpu-d38b300,NA,NA,NA,NA,NA,NA,NA,NA,NA,NA,NA,NA,NA,NA,NA,NA,NA,NA
RTX3070-SASS-accel-5b93243-gpgpu-d38b300,NA,NA,NA,NA,NA,NA,NA,NA,NA,NA,NA,NA,NA,NA,NA,NA,NA,NA
RTX3070-SASS-accel-5745567-gpgpu-d38b300,NA,NA,NA,NA,NA,NA,NA,NA,NA,NA,NA,NA,NA,NA,NA,NA,NA,NA
RTX3070-SASS-accel-8d1cf8e-gpgpu-d38b300,NA,NA,NA,NA,NA,NA,NA,NA,NA,NA,NA,NA,NA,NA,NA,NA,NA,NA
RTX3070-SASS-accel-17f819f-gpgpu-d38b300,NA,NA,NA,NA,NA,NA,NA,NA,NA,NA,NA,NA,NA,NA,NA,NA,NA,NA
RTX3070-SASS-accel-2f29d2d-gpgpu-1d39b6f,NA,NA,NA,NA,NA,NA,NA,NA,NA,NA,NA,NA,NA,NA,NA,NA,NA,NA
RTX3070-SASS-accel-786503a-gpgpu-13c6711,NA,NA,NA,NA,NA,NA,NA,NA,NA,NA,NA,NA,NA,NA,NA,NA,NA,NA
RTX3070-SASS-accel-53584fc-gpgpu-13c6711,NA,NA,NA,NA,NA,NA,NA,NA,NA,NA,NA,NA,NA,NA,NA,NA,NA,NA
RTX3070-SASS-accel-e02c99d-gpgpu-13c6711,NA,NA,NA,NA,NA,NA,NA,NA,NA,NA,NA,NA,NA,NA,NA,NA,NA,NA
RTX3070-SASS-accel-bccdebb-gpgpu-13c6711,NA,NA,NA,NA,NA,NA,NA,NA,NA,NA,NA,NA,NA,NA,NA,NA,NA,NA
RTX3070-SASS-accel-0f84efb-gpgpu-74cdacd,NA,NA,NA,NA,NA,NA,NA,NA,NA,NA,NA,NA,NA,NA,NA,NA,NA,NA
RTX3070-SASS-accel-7feb41c-gpgpu-74cdacd,NA,NA,NA,NA,NA,NA,NA,NA,NA,NA,NA,NA,NA,NA,NA,NA,NA,NA
RTX3070-SASS-accel-8f77aae-gpgpu-948c0e1,NA,NA,NA,NA,NA,NA,NA,NA,NA,NA,NA,NA,NA,NA,NA,NA,NA,NA
RTX3070-SASS-accel-8f2c50f-gpgpu-6dd3bfc,NA,NA,NA,NA,NA,NA,NA,NA,NA,NA,NA,NA,NA,NA,NA,NA,NA,NA
RTX3070-SASS-accel-2f19b3d-gpgpu-e033c1f,NA,NA,NA,NA,NA,NA,NA,NA,NA,NA,NA,NA,NA,NA,NA,NA,NA,NA
RTX3070-SASS-accel-17e94d7-gpgpu-e033c1f,NA,NA,NA,NA,NA,NA,NA,NA,NA,NA,NA,NA,NA,NA,NA,NA,NA,NA
RTX3070-SASS-accel-dc0bece-gpgpu-e033c1f,NA,NA,NA,NA,NA,NA,NA,NA,NA,NA,NA,NA,NA,NA,NA,NA,NA,NA
RTX3070-SASS-accel-21f6fea-gpgpu-e033c1f,NA,NA,NA,NA,NA,NA,NA,NA,NA,NA,NA,NA,NA,NA,NA,NA,NA,NA
RTX3070-SASS-accel-a88075e-gpgpu-e033c1f,NA,NA,NA,NA,NA,NA,NA,NA,NA,NA,NA,NA,NA,NA,NA,NA,NA,NA
RTX3070-SASS-accel-470e82b-gpgpu-73db3f7,NA,NA,NA,NA,NA,NA,NA,NA,NA,NA,NA,NA,NA,NA,NA,NA,NA,NA
RTX3070-SASS-accel-a6c1a7a-gpgpu-66ae881,NA,NA,NA,NA,NA,NA,NA,NA,NA,NA,NA,NA,NA,NA,NA,NA,NA,NA
RTX3070-SASS-accel-572f6fd-gpgpu-301be9e,NA,NA,NA,NA,NA,NA,NA,NA,NA,NA,NA,NA,NA,NA,NA,NA,NA,NA
RTX3070-SASS-accel-92027de-gpgpu-58beccb,NA,NA,NA,NA,NA,NA,NA,NA,NA,NA,NA,NA,NA,NA,NA,NA,NA,NA
RTX3070-SASS-accel-0c80a10-gpgpu-58beccb,NA,NA,NA,NA,NA,NA,NA,NA,NA,NA,NA,NA,NA,NA,NA,NA,NA,NA
RTX3070-SASS-accel-53da2df-gpgpu-a0c12f5,NA,NA,NA,NA,NA,NA,NA,NA,NA,NA,NA,NA,NA,NA,NA,NA,NA,NA
RTX3070-SASS-accel-86f4430-gpgpu-a0c12f5,NA,NA,NA,NA,NA,NA,NA,NA,NA,NA,NA,NA,NA,NA,NA,NA,NA,NA
RTX3070-SASS-accel-c1a12bc-gpgpu-9aeacdf,NA,NA,NA,NA,NA,NA,NA,NA,NA,NA,NA,NA,NA,NA,NA,NA,NA,NA
RTX3070-SASS-accel-a1ca547-gpgpu-9aeacdf,NA,NA,NA,NA,NA,NA,NA,NA,NA,NA,NA,NA,NA,NA,NA,NA,NA,NA
RTX3070-SASS-accel-a1ca547-gpgpu-67fc78c,NA,NA,NA,NA,NA,NA,NA,NA,NA,NA,NA,NA,NA,NA,NA,NA,NA,NA
RTX3070-SASS-accel-_modifi-gpgpu-67fc78c,NA,NA,NA,NA,NA,NA,NA,NA,NA,NA,NA,NA,NA,NA,NA,NA,NA,NA
RTX3070-SASS-accel-c5fa0e8-gpgpu-bc268aa,NA,NA,NA,NA,NA,NA,NA,NA,NA,NA,NA,NA,NA,NA,NA,NA,NA,NA
RTX3070-SASS-accel-43a51f3-gpgpu-7d3ad23,NA,NA,NA,NA,NA,NA,NA,NA,NA,NA,NA,NA,NA,NA,NA,NA,NA,NA
RTX3070-SASS-accel-4ac0e40-gpgpu-7d3ad23,NA,NA,NA,NA,NA,NA,NA,NA,NA,NA,NA,NA,NA,NA,NA,NA,NA,NA
RTX3070-SASS-accel-efa370c-gpgpu-6b22d66,NA,NA,NA,NA,NA,NA,NA,NA,NA,NA,NA,NA,NA,NA,NA,NA,NA,NA
RTX3070-SASS-accel-66ed9f2-gpgpu-6b22d66,NA,NA,NA,NA,NA,NA,NA,NA,NA,NA,NA,NA,NA,NA,NA,NA,NA,NA
RTX3070-SASS-accel-b1c61bc-gpgpu-6b22d66,NA,NA,NA,NA,NA,NA,NA,NA,NA,NA,NA,NA,NA,NA,NA,NA,NA,NA
RTX3070-SASS-accel-b3d9838-gpgpu-22159f1,NA,NA,NA,NA,NA,NA,NA,NA,NA,NA,NA,NA,NA,NA,NA,NA,NA,NA
RTX3070-SASS-accel-3ff1be8-gpgpu-67d8a3b,NA,NA,NA,NA,NA,NA,NA,NA,NA,NA,NA,NA,NA,NA,NA,NA,NA,NA
RTX3070-SASS-accel-3ff1be8-gpgpu-9d88a1c,NA,NA,NA,NA,NA,NA,NA,NA,NA,NA,NA,NA,NA,NA,NA,NA,NA,NA
RTX3070-SASS-accel-879dc35-gpgpu-3364474,NA,NA,NA,NA,NA,NA,NA,NA,NA,NA,NA,NA,NA,NA,NA,NA,NA,NA
RTX3070-SASS-accel-e7b698e-gpgpu-3364474,NA,NA,NA,NA,NA,NA,NA,NA,NA,NA,NA,NA,NA,NA,NA,NA,NA,NA
RTX3070-SASS-accel-1688c9d-gpgpu-3364474,NA,NA,NA,NA,NA,NA,NA,NA,NA,NA,NA,NA,NA,NA,NA,NA,NA,NA
RTX3070-SASS-accel-a634fe0-gpgpu-3364474,NA,NA,NA,NA,NA,NA,NA,NA,NA,NA,NA,NA,NA,NA,NA,NA,NA,NA
RTX3070-SASS-accel-7a8e345-gpgpu-3364474,NA,NA,NA,NA,NA,NA,NA,NA,NA,NA,NA,NA,NA,NA,NA,NA,NA,NA
RTX3070-SASS-accel-d3ba55f-gpgpu-a3c52cf,NA,NA,NA,NA,NA,NA,NA,NA,NA,NA,NA,NA,NA,NA,NA,NA,NA,NA
RTX3070-SASS-accel-ec00037-gpgpu-a3c52cf,NA,NA,NA,NA,NA,NA,NA,NA,NA,NA,NA,NA,NA,NA,NA,NA,NA,NA
RTX3070-SASS-accel-a619790-gpgpu-a3c52cf,NA,NA,NA,NA,NA,NA,NA,NA,NA,NA,NA,NA,NA,NA,NA,NA,NA,NA
RTX3070-SASS-accel-08a6b5b-gpgpu-a3c52cf,NA,NA,NA,NA,NA,NA,NA,NA,NA,NA,NA,NA,NA,NA,NA,NA,NA,NA
RTX3070-SASS-accel-f2bcdfa-gpgpu-a3c52cf,NA,NA,NA,NA,NA,NA,NA,NA,NA,NA,NA,NA,NA,NA,NA,NA,NA,NA
RTX3070-SASS-accel-d21015b-gpgpu-a3c52cf,NA,NA,NA,NA,NA,NA,NA,NA,NA,NA,NA,NA,NA,NA,NA,NA,NA,NA
RTX3070-SASS-accel-b577da3-gpgpu-a3c52cf,NA,NA,NA,NA,NA,NA,NA,NA,NA,NA,NA,NA,NA,NA,NA,NA,NA,NA
RTX3070-SASS-accel-186e1bf-gpgpu-a3c52cf,NA,NA,NA,NA,NA,NA,NA,NA,NA,NA,NA,NA,NA,NA,NA,NA,NA,NA
RTX3070-SASS-accel-cad11ca-gpgpu-a3c52cf,NA,NA,NA,NA,NA,NA,NA,NA,NA,NA,NA,NA,NA,NA,NA,NA,NA,NA
RTX3070-SASS-accel-1f5a2ed-gpgpu-a3c52cf,NA,NA,NA,NA,NA,NA,NA,NA,NA,NA,NA,NA,NA,NA,NA,NA,NA,NA
RTX3070-SASS-accel-20e5f99-gpgpu-a3c52cf,NA,NA,NA,NA,NA,NA,NA,NA,NA,NA,NA,NA,NA,NA,NA,NA,NA,NA
RTX3070-SASS-accel-fae2d48-gpgpu-a3c52cf,NA,NA,NA,NA,NA,NA,NA,NA,NA,NA,NA,NA,NA,NA,NA,NA,NA,NA

----------------------------------------------------------------------------------------------------,,,,,,,,,,,,,,,,,,
gpu_tot_sim_insn\s*=\s*(.*),,,,,,,,,,,,,,,,,,
CFG,l1_bw_32f/__tpb_1024___tpsm_1024___blocks_1___ws_32--_Z5l1_bwPmS_PfPKf--0,l1_bw_64f/__tpb_1024___tpsm_1024___blocks_1___ws_32--_Z5l1_bwPmS_PdS0_--0,l1_bw_128/__tpb_1024___tpsm_1024___blocks_1___ws_32--_Z5l1_bwPmS_PfS0_--0,l1_lat/__blocks_1___ws_32--_Z6l1_latPjS_PmS0_--0,l2_bw_32f/__tpb_1024___tpsm_1024___blocks_160___ws_32--_Z5l2_bwPmS_PfS0_j--0,l2_bw_64f/__tpb_1024___tpsm_1024___blocks_160___l2_786432___ws_32--_Z5l2_bwPjS_PdS0_j--0,l2_lat/__tpb_1___tpsm_1___blocks_1___l2_786432___ws_32--_Z10l2_hit_latPjS_PmS0_--0,mem_bw/__tpb_1024___tpsm_1024___blocks_80___l2_1572864___ws_32___memclk_1132___membw_64--_Z6mem_bwPfS_S_S_S_S_PjS0_j--0,mem_lat/__tpb_1024___tpsm_1024___blocks_80___l2_1572864___ws_32___memclk_1132___membw_64--_Z7mem_latPjS_PmS0_j--0,shared_bw/__tpb_1024___tpsm_1024___blocks_1____ws_32--_Z9shared_bwPmS_Pjj--0,shared_lat/__blocks_1____ws_32--_Z10shared_latPjS_Pmj--0,shared_bank_conflicts/1--_Z18transposeCoalescedPfS_ii--0,shared_bank_conflicts/2--_Z24transposeNoBankConflictsPfS_ii--0,MaxIops_int32/__tpb_1024____blocks_1____ws_32--_Z9max_flopsIiEvPjS0_PT_S2_S2_--0,l1_shared_bw/__tpb_1024____blocks_1____ws_32--_Z9shared_bwPjS_S_S_j--0,l1_bw_32f_unroll/__tpb_1024___blocks_1____ws_32--_Z5l1_bwPjS_PfS0_--0,l1_bw_32f_unroll_large/NO_ARGS--_Z5l1_bwPjS_PfS0_--0,AV--VG
RTX3070-SASS-accel-f677b74-gpgpu-deb5eb5,NA,NA,NA,NA,NA,NA,NA,NA,NA,NA,NA,NA,NA,NA,NA,NA,NA,113662405.3
RTX3070-SASS-accel-c366657-gpgpu-deb5eb5,NA,NA,NA,NA,NA,NA,NA,NA,NA,NA,NA,NA,NA,NA,NA,NA,NA,113662405.3
RTX3070-SASS-accel-a72607f-gpgpu-deb5eb5,NA,NA,NA,NA,NA,NA,NA,NA,NA,NA,NA,NA,NA,NA,NA,NA,NA,113662405.3
RTX3070-SASS-accel-4dbd5b1-gpgpu-deb5eb5,NA,NA,NA,NA,NA,NA,NA,NA,NA,NA,NA,NA,NA,NA,NA,NA,NA,113662405.3
RTX3070-SASS-accel-60ad810-gpgpu-deb5eb5,NA,NA,NA,NA,NA,NA,NA,NA,NA,NA,NA,NA,NA,NA,NA,NA,NA,113662405.3
RTX3070-SASS-accel-0ce7699-gpgpu-deb5eb5,NA,NA,NA,NA,NA,NA,NA,NA,NA,NA,NA,NA,NA,NA,NA,NA,NA,22030433.0
RTX3070-SASS-accel-6812c12-gpgpu-deb5eb5,NA,NA,NA,NA,NA,NA,NA,NA,NA,NA,NA,NA,NA,NA,NA,NA,NA,113662405.3
RTX3070-SASS-accel-31082a4-gpgpu-1ee03f0,NA,NA,NA,NA,NA,NA,NA,NA,NA,NA,NA,NA,NA,NA,NA,NA,NA,45783493.3
RTX3070-SASS-accel-28e2777-gpgpu-1ee03f0,NA,NA,NA,NA,NA,NA,NA,NA,NA,NA,NA,NA,NA,NA,NA,NA,NA,45783493.3
RTX3070-SASS-accel-10dc9a0-gpgpu-1ee03f0,NA,NA,NA,NA,NA,NA,NA,NA,NA,NA,NA,NA,NA,NA,NA,NA,NA,45783493.3
RTX3070-SASS-accel-9719269-gpgpu-c51350d,NA,NA,NA,NA,NA,NA,NA,NA,NA,NA,NA,NA,NA,NA,NA,NA,NA,45783493.3
RTX3070-SASS-accel-6b6f836-gpgpu-585dcf5,NA,NA,NA,NA,NA,NA,NA,NA,NA,NA,NA,NA,NA,NA,NA,NA,NA,45783493.3
RTX3070-SASS-accel-252e8c4-gpgpu-585dcf5,NA,NA,NA,NA,NA,NA,NA,NA,NA,NA,NA,NA,NA,NA,NA,NA,NA,45783493.3
RTX3070-SASS-accel-a4e0907-gpgpu-6c9e13d,NA,NA,NA,NA,NA,NA,NA,NA,NA,NA,NA,NA,NA,NA,NA,NA,NA,NA
RTX3070-SASS-accel-fea3381-gpgpu-6ad461a,NA,NA,NA,NA,NA,NA,NA,NA,NA,NA,NA,NA,NA,NA,NA,NA,9650176.0,45783493.3
RTX3070-SASS-accel-16c3068-gpgpu-6ad461a,NA,NA,NA,NA,NA,NA,NA,NA,NA,NA,NA,NA,NA,NA,NA,NA,9650176.0,45783493.3
RTX3070-SASS-accel-8f124d9-gpgpu-99b5997,NA,NA,NA,NA,NA,NA,NA,NA,NA,NA,NA,NA,NA,NA,NA,NA,9650176.0,45783493.3
RTX3070-SASS-accel-7a31963-gpgpu-84c4f46,NA,NA,NA,NA,NA,NA,NA,NA,NA,NA,NA,NA,NA,NA,NA,NA,9650176.0,45783493.3
RTX3070-SASS-accel-a8c1d6d-gpgpu-84c4f46,NA,NA,NA,NA,NA,NA,NA,NA,NA,NA,NA,NA,NA,NA,NA,NA,9650176.0,45783493.3
RTX3070-SASS-accel-000be7f-gpgpu-e466afb,NA,NA,NA,NA,NA,NA,NA,NA,NA,NA,NA,NA,NA,NA,NA,NA,9650176.0,45783493.3
RTX3070-SASS-accel-1cb6168-gpgpu-d38b300,NA,NA,NA,NA,NA,NA,NA,NA,NA,NA,NA,NA,NA,NA,NA,NA,9650176.0,45783493.3
RTX3070-SASS-accel-a9305c5-gpgpu-d38b300,NA,NA,NA,NA,NA,NA,NA,NA,NA,NA,NA,NA,NA,NA,NA,NA,9650176.0,45783493.3
RTX3070-SASS-accel-5b93243-gpgpu-d38b300,NA,NA,NA,NA,NA,NA,NA,NA,NA,NA,NA,NA,NA,NA,NA,NA,9650176.0,45783493.3
RTX3070-SASS-accel-5745567-gpgpu-d38b300,NA,NA,NA,NA,NA,NA,NA,NA,NA,NA,NA,NA,NA,NA,NA,NA,9650176.0,45783493.3
RTX3070-SASS-accel-8d1cf8e-gpgpu-d38b300,NA,NA,NA,NA,NA,NA,NA,NA,NA,NA,NA,NA,NA,NA,NA,NA,9650176.0,45783493.3
RTX3070-SASS-accel-17f819f-gpgpu-d38b300,NA,NA,NA,NA,NA,NA,NA,NA,NA,NA,NA,NA,NA,NA,NA,NA,9650176.0,45783493.3
RTX3070-SASS-accel-2f29d2d-gpgpu-1d39b6f,NA,NA,NA,NA,NA,NA,NA,NA,NA,NA,NA,NA,NA,NA,NA,NA,9650176.0,45783493.3
RTX3070-SASS-accel-786503a-gpgpu-13c6711,NA,NA,NA,NA,NA,NA,NA,NA,NA,NA,NA,NA,NA,NA,NA,NA,9650176.0,45783493.3
RTX3070-SASS-accel-53584fc-gpgpu-13c6711,NA,NA,NA,NA,NA,NA,NA,NA,NA,NA,NA,NA,NA,NA,NA,NA,9650176.0,45783493.3
RTX3070-SASS-accel-e02c99d-gpgpu-13c6711,NA,NA,NA,NA,NA,NA,NA,NA,NA,NA,NA,NA,NA,NA,NA,NA,9650176.0,45783493.3
RTX3070-SASS-accel-bccdebb-gpgpu-13c6711,NA,NA,NA,NA,NA,NA,NA,NA,NA,NA,NA,NA,NA,NA,NA,NA,9650176.0,45783493.3
RTX3070-SASS-accel-0f84efb-gpgpu-74cdacd,NA,NA,NA,NA,NA,NA,NA,NA,NA,NA,NA,NA,NA,NA,NA,NA,9650176.0,51923974.1
RTX3070-SASS-accel-7feb41c-gpgpu-74cdacd,NA,NA,NA,NA,NA,NA,NA,NA,NA,NA,NA,NA,NA,NA,NA,NA,9650176.0,45783493.3
RTX3070-SASS-accel-8f77aae-gpgpu-948c0e1,NA,NA,NA,NA,NA,NA,NA,NA,NA,NA,NA,NA,NA,NA,NA,NA,9650176.0,45783493.3
RTX3070-SASS-accel-8f2c50f-gpgpu-6dd3bfc,NA,NA,NA,NA,NA,NA,NA,NA,NA,NA,NA,NA,NA,NA,NA,NA,9650176.0,45783493.3
RTX3070-SASS-accel-2f19b3d-gpgpu-e033c1f,NA,NA,NA,NA,NA,NA,NA,NA,NA,NA,NA,NA,NA,NA,NA,NA,9650176.0,45783493.3
RTX3070-SASS-accel-17e94d7-gpgpu-e033c1f,NA,NA,NA,NA,NA,NA,NA,NA,NA,NA,NA,NA,NA,NA,NA,NA,9650176.0,45783493.3
RTX3070-SASS-accel-dc0bece-gpgpu-e033c1f,NA,NA,NA,NA,NA,NA,NA,NA,NA,NA,NA,NA,NA,NA,NA,NA,9650176.0,45783493.3
RTX3070-SASS-accel-21f6fea-gpgpu-e033c1f,NA,NA,NA,NA,NA,NA,NA,NA,NA,NA,NA,NA,NA,NA,NA,NA,9650176.0,45783493.3
RTX3070-SASS-accel-a88075e-gpgpu-e033c1f,NA,NA,NA,NA,NA,NA,NA,NA,NA,NA,NA,NA,NA,NA,NA,NA,9650176.0,45783493.3
RTX3070-SASS-accel-470e82b-gpgpu-73db3f7,NA,NA,NA,NA,NA,NA,NA,NA,NA,NA,NA,NA,NA,NA,NA,NA,9650176.0,45783493.3
RTX3070-SASS-accel-a6c1a7a-gpgpu-66ae881,NA,NA,NA,NA,NA,NA,NA,NA,NA,NA,NA,NA,NA,NA,NA,NA,9650176.0,45783493.3
RTX3070-SASS-accel-572f6fd-gpgpu-301be9e,NA,NA,NA,NA,NA,NA,NA,NA,NA,NA,NA,NA,NA,NA,NA,NA,9650176.0,45783493.3
RTX3070-SASS-accel-92027de-gpgpu-58beccb,NA,NA,NA,NA,NA,NA,NA,NA,NA,NA,NA,NA,NA,NA,NA,NA,9650176.0,45783493.3
RTX3070-SASS-accel-0c80a10-gpgpu-58beccb,NA,NA,NA,NA,NA,NA,NA,NA,NA,NA,NA,NA,NA,NA,NA,NA,9650176.0,45783493.3
RTX3070-SASS-accel-53da2df-gpgpu-a0c12f5,NA,NA,NA,NA,NA,NA,NA,NA,NA,NA,NA,NA,NA,NA,NA,NA,9650176.0,45783493.3
RTX3070-SASS-accel-86f4430-gpgpu-a0c12f5,NA,NA,NA,NA,NA,NA,NA,NA,NA,NA,NA,NA,NA,NA,NA,NA,9650176.0,45783493.3
RTX3070-SASS-accel-c1a12bc-gpgpu-9aeacdf,NA,NA,NA,NA,NA,NA,NA,NA,NA,NA,NA,NA,NA,NA,NA,NA,9650176.0,45783493.3
RTX3070-SASS-accel-a1ca547-gpgpu-9aeacdf,NA,NA,NA,NA,NA,NA,NA,NA,NA,NA,NA,NA,NA,NA,NA,NA,9650176.0,45783493.3
RTX3070-SASS-accel-a1ca547-gpgpu-67fc78c,NA,NA,NA,NA,NA,NA,NA,NA,NA,NA,NA,NA,NA,NA,NA,NA,9650176.0,45783493.3
RTX3070-SASS-accel-_modifi-gpgpu-67fc78c,NA,NA,NA,NA,NA,NA,NA,NA,NA,NA,NA,NA,NA,NA,NA,NA,9650176.0,45783493.3
RTX3070-SASS-accel-c5fa0e8-gpgpu-bc268aa,NA,NA,NA,NA,NA,NA,NA,NA,NA,NA,NA,2949120.0,2949120.0,NA,NA,NA,9650176.0,41024118.5
RTX3070-SASS-accel-43a51f3-gpgpu-7d3ad23,NA,NA,NA,NA,NA,NA,NA,NA,NA,NA,NA,2949120.0,2949120.0,NA,NA,NA,9650176.0,41024118.5
RTX3070-SASS-accel-4ac0e40-gpgpu-7d3ad23,NA,NA,NA,NA,NA,NA,NA,NA,NA,NA,NA,2949120.0,2949120.0,NA,NA,NA,9650176.0,41024118.5
RTX3070-SASS-accel-efa370c-gpgpu-6b22d66,NA,NA,NA,NA,NA,NA,NA,NA,NA,NA,NA,2949120.0,2949120.0,NA,NA,NA,9650176.0,41024118.5
RTX3070-SASS-accel-66ed9f2-gpgpu-6b22d66,NA,NA,NA,NA,NA,NA,NA,NA,NA,NA,NA,2949120.0,2949120.0,NA,NA,NA,9650176.0,41024118.5
RTX3070-SASS-accel-b1c61bc-gpgpu-6b22d66,NA,NA,NA,NA,NA,NA,NA,NA,NA,NA,NA,2949120.0,2949120.0,NA,NA,NA,9650176.0,41024118.5
RTX3070-SASS-accel-b3d9838-gpgpu-22159f1,NA,NA,NA,NA,NA,NA,NA,NA,NA,NA,NA,2949120.0,2949120.0,NA,NA,NA,9650176.0,41024118.5
RTX3070-SASS-accel-3ff1be8-gpgpu-67d8a3b,NA,NA,NA,NA,NA,NA,NA,NA,NA,NA,NA,2949120.0,2949120.0,NA,NA,NA,9650176.0,41024118.5
RTX3070-SASS-accel-3ff1be8-gpgpu-9d88a1c,NA,NA,NA,NA,NA,NA,NA,NA,NA,NA,NA,2949120.0,2949120.0,NA,NA,NA,9650176.0,41024118.5
RTX3070-SASS-accel-879dc35-gpgpu-3364474,54947840.0,2284544.0,40716288.0,51040.0,603570176.0,603734016.0,58464.0,72859648.0,7610564.0,6708224.0,59844.0,2949120.0,2949120.0,NA,48750592.0,26768384.0,9657344.0,87526313.9
RTX3070-SASS-accel-e7b698e-gpgpu-3364474,54947840.0,2284544.0,40716288.0,51040.0,603570176.0,603734016.0,58464.0,72859648.0,7610564.0,6708224.0,59844.0,2949120.0,2949120.0,NA,48750592.0,26768384.0,9657344.0,87526313.9
RTX3070-SASS-accel-1688c9d-gpgpu-3364474,54947840.0,2284544.0,40716288.0,51040.0,603570176.0,603734016.0,58464.0,72859648.0,7610564.0,6708224.0,59844.0,2949120.0,2949120.0,NA,48750592.0,26768384.0,9657344.0,87526313.9
RTX3070-SASS-accel-a634fe0-gpgpu-3364474,54947840.0,2284544.0,40716288.0,51040.0,603570176.0,603734016.0,58464.0,72859648.0,7610564.0,6708224.0,59844.0,2949120.0,2949120.0,4272128.0,48750592.0,26768384.0,9657344.0,87526313.9
RTX3070-SASS-accel-7a8e345-gpgpu-3364474,54947840.0,2284544.0,40716288.0,51040.0,603570176.0,603734016.0,58464.0,72859648.0,7610564.0,6708224.0,59844.0,2949120.0,2949120.0,4272128.0,48750592.0,26768384.0,9657344.0,87526313.9
RTX3070-SASS-accel-d3ba55f-gpgpu-a3c52cf,54947840.0,2284544.0,40716288.0,51040.0,603570176.0,603734016.0,58464.0,72859648.0,7610564.0,6708224.0,59844.0,2949120.0,2949120.0,4272128.0,48750592.0,26768384.0,9657344.0,87526313.9
RTX3070-SASS-accel-ec00037-gpgpu-a3c52cf,54947840.0,2284544.0,40716288.0,51040.0,603570176.0,603734016.0,58464.0,72859648.0,7610564.0,6708224.0,59844.0,2949120.0,2949120.0,4272128.0,48750592.0,26768384.0,9657344.0,87526313.9
RTX3070-SASS-accel-a619790-gpgpu-a3c52cf,54947840.0,2284544.0,40716288.0,51040.0,603570176.0,603734016.0,58464.0,72859648.0,7610564.0,6708224.0,59844.0,2949120.0,2949120.0,4272128.0,48750592.0,26768384.0,9657344.0,87526313.9
RTX3070-SASS-accel-08a6b5b-gpgpu-a3c52cf,54947840.0,2284544.0,40716288.0,51040.0,603570176.0,603734016.0,58464.0,72859648.0,7610564.0,6708224.0,59844.0,2949120.0,2949120.0,4272128.0,48750592.0,26768384.0,9657344.0,87526313.9
RTX3070-SASS-accel-f2bcdfa-gpgpu-a3c52cf,54947840.0,2284544.0,40716288.0,51040.0,603570176.0,603734016.0,58464.0,72859648.0,7610564.0,6708224.0,59844.0,2949120.0,2949120.0,4272128.0,48750592.0,26768384.0,9657344.0,87526313.9
RTX3070-SASS-accel-d21015b-gpgpu-a3c52cf,54947840.0,2284544.0,40716288.0,51040.0,603570176.0,603734016.0,58464.0,72859648.0,7610564.0,6708224.0,59844.0,2949120.0,2949120.0,4272128.0,48750592.0,26768384.0,9657344.0,87526313.9
RTX3070-SASS-accel-b577da3-gpgpu-a3c52cf,54947840.0,2284544.0,40716288.0,51040.0,603570176.0,603734016.0,58464.0,72859648.0,7610564.0,6708224.0,59844.0,2949120.0,2949120.0,4272128.0,48750592.0,26768384.0,9657344.0,87526313.9
RTX3070-SASS-accel-186e1bf-gpgpu-a3c52cf,54947840.0,2284544.0,40716288.0,51040.0,603570176.0,603734016.0,58464.0,72859648.0,7610564.0,6708224.0,59844.0,2949120.0,2949120.0,4272128.0,48750592.0,26768384.0,9657344.0,87526313.9
RTX3070-SASS-accel-cad11ca-gpgpu-a3c52cf,54947840.0,2284544.0,40716288.0,51040.0,603570176.0,603734016.0,58464.0,72859648.0,7610564.0,6708224.0,59844.0,2949120.0,2949120.0,4272128.0,48750592.0,26768384.0,9657344.0,87526313.9
RTX3070-SASS-accel-1f5a2ed-gpgpu-a3c52cf,54947840.0,2284544.0,40716288.0,51040.0,603570176.0,603734016.0,58464.0,72859648.0,7610564.0,6708224.0,59844.0,2949120.0,2949120.0,4272128.0,48750592.0,26768384.0,9657344.0,87526313.9
RTX3070-SASS-accel-20e5f99-gpgpu-a3c52cf,54947840.0,2284544.0,40716288.0,51040.0,603570176.0,603734016.0,58464.0,72859648.0,7610564.0,6708224.0,59844.0,2949120.0,2949120.0,4272128.0,48750592.0,26768384.0,9657344.0,87526313.9
RTX3070-SASS-accel-fae2d48-gpgpu-a3c52cf,54947840.0,2284544.0,40716288.0,51040.0,603570176.0,603734016.0,58464.0,72859648.0,7610564.0,6708224.0,59844.0,2949120.0,2949120.0,4272128.0,48750592.0,26768384.0,9657344.0,87526313.9

----------------------------------------------------------------------------------------------------,,,,,,,,,,,,,,,,,,
gpgpu_simulation_time\s*=.*\(([0-9]+) sec\).*,,,,,,,,,,,,,,,,,,
CFG,l1_bw_32f/__tpb_1024___tpsm_1024___blocks_1___ws_32--_Z5l1_bwPmS_PfPKf--0,l1_bw_64f/__tpb_1024___tpsm_1024___blocks_1___ws_32--_Z5l1_bwPmS_PdS0_--0,l1_bw_128/__tpb_1024___tpsm_1024___blocks_1___ws_32--_Z5l1_bwPmS_PfS0_--0,l1_lat/__blocks_1___ws_32--_Z6l1_latPjS_PmS0_--0,l2_bw_32f/__tpb_1024___tpsm_1024___blocks_160___ws_32--_Z5l2_bwPmS_PfS0_j--0,l2_bw_64f/__tpb_1024___tpsm_1024___blocks_160___l2_786432___ws_32--_Z5l2_bwPjS_PdS0_j--0,l2_lat/__tpb_1___tpsm_1___blocks_1___l2_786432___ws_32--_Z10l2_hit_latPjS_PmS0_--0,mem_bw/__tpb_1024___tpsm_1024___blocks_80___l2_1572864___ws_32___memclk_1132___membw_64--_Z6mem_bwPfS_S_S_S_S_PjS0_j--0,mem_lat/__tpb_1024___tpsm_1024___blocks_80___l2_1572864___ws_32___memclk_1132___membw_64--_Z7mem_latPjS_PmS0_j--0,shared_bw/__tpb_1024___tpsm_1024___blocks_1____ws_32--_Z9shared_bwPmS_Pjj--0,shared_lat/__blocks_1____ws_32--_Z10shared_latPjS_Pmj--0,shared_bank_conflicts/1--_Z18transposeCoalescedPfS_ii--0,shared_bank_conflicts/2--_Z24transposeNoBankConflictsPfS_ii--0,MaxIops_int32/__tpb_1024____blocks_1____ws_32--_Z9max_flopsIiEvPjS0_PT_S2_S2_--0,l1_shared_bw/__tpb_1024____blocks_1____ws_32--_Z9shared_bwPjS_S_S_j--0,l1_bw_32f_unroll/__tpb_1024___blocks_1____ws_32--_Z5l1_bwPjS_PfS0_--0,l1_bw_32f_unroll_large/NO_ARGS--_Z5l1_bwPjS_PfS0_--0,AV--VG
RTX3070-SASS-accel-f677b74-gpgpu-deb5eb5,NA,NA,NA,NA,NA,NA,NA,NA,NA,NA,NA,NA,NA,NA,NA,NA,NA,1644.1
RTX3070-SASS-accel-c366657-gpgpu-deb5eb5,NA,NA,NA,NA,NA,NA,NA,NA,NA,NA,NA,NA,NA,NA,NA,NA,NA,1566.9
RTX3070-SASS-accel-a72607f-gpgpu-deb5eb5,NA,NA,NA,NA,NA,NA,NA,NA,NA,NA,NA,NA,NA,NA,NA,NA,NA,1573.6
RTX3070-SASS-accel-4dbd5b1-gpgpu-deb5eb5,NA,NA,NA,NA,NA,NA,NA,NA,NA,NA,NA,NA,NA,NA,NA,NA,NA,1696.4
RTX3070-SASS-accel-60ad810-gpgpu-deb5eb5,NA,NA,NA,NA,NA,NA,NA,NA,NA,NA,NA,NA,NA,NA,NA,NA,NA,1638.0
RTX3070-SASS-accel-0ce7699-gpgpu-deb5eb5,NA,NA,NA,NA,NA,NA,NA,NA,NA,NA,NA,NA,NA,NA,NA,NA,NA,885.0
RTX3070-SASS-accel-6812c12-gpgpu-deb5eb5,NA,NA,NA,NA,NA,NA,NA,NA,NA,NA,NA,NA,NA,NA,NA,NA,NA,1893.5
RTX3070-SASS-accel-31082a4-gpgpu-1ee03f0,NA,NA,NA,NA,NA,NA,NA,NA,NA,NA,NA,NA,NA,NA,NA,NA,NA,1256.7
RTX3070-SASS-accel-28e2777-gpgpu-1ee03f0,NA,NA,NA,NA,NA,NA,NA,NA,NA,NA,NA,NA,NA,NA,NA,NA,NA,1112.1
RTX3070-SASS-accel-10dc9a0-gpgpu-1ee03f0,NA,NA,NA,NA,NA,NA,NA,NA,NA,NA,NA,NA,NA,NA,NA,NA,NA,1139.7
RTX3070-SASS-accel-9719269-gpgpu-c51350d,NA,NA,NA,NA,NA,NA,NA,NA,NA,NA,NA,NA,NA,NA,NA,NA,NA,1050.2
RTX3070-SASS-accel-6b6f836-gpgpu-585dcf5,NA,NA,NA,NA,NA,NA,NA,NA,NA,NA,NA,NA,NA,NA,NA,NA,NA,1337.9
RTX3070-SASS-accel-252e8c4-gpgpu-585dcf5,NA,NA,NA,NA,NA,NA,NA,NA,NA,NA,NA,NA,NA,NA,NA,NA,NA,1145.6
RTX3070-SASS-accel-a4e0907-gpgpu-6c9e13d,NA,NA,NA,NA,NA,NA,NA,NA,NA,NA,NA,NA,NA,NA,NA,NA,NA,NA
RTX3070-SASS-accel-fea3381-gpgpu-6ad461a,NA,NA,NA,NA,NA,NA,NA,NA,NA,NA,NA,NA,NA,NA,NA,NA,128.0,1461.2
RTX3070-SASS-accel-16c3068-gpgpu-6ad461a,NA,NA,NA,NA,NA,NA,NA,NA,NA,NA,NA,NA,NA,NA,NA,NA,115.0,1319.7
RTX3070-SASS-accel-8f124d9-gpgpu-99b5997,NA,NA,NA,NA,NA,NA,NA,NA,NA,NA,NA,NA,NA,NA,NA,NA,112.0,1292.0
RTX3070-SASS-accel-7a31963-gpgpu-84c4f46,NA,NA,NA,NA,NA,NA,NA,NA,NA,NA,NA,NA,NA,NA,NA,NA,95.0,1165.9
RTX3070-SASS-accel-a8c1d6d-gpgpu-84c4f46,NA,NA,NA,NA,NA,NA,NA,NA,NA,NA,NA,NA,NA,NA,NA,NA,67.0,1102.5
RTX3070-SASS-accel-000be7f-gpgpu-e466afb,NA,NA,NA,NA,NA,NA,NA,NA,NA,NA,NA,NA,NA,NA,NA,NA,110.0,1220.2
RTX3070-SASS-accel-1cb6168-gpgpu-d38b300,NA,NA,NA,NA,NA,NA,NA,NA,NA,NA,NA,NA,NA,NA,NA,NA,100.0,1612.8
RTX3070-SASS-accel-a9305c5-gpgpu-d38b300,NA,NA,NA,NA,NA,NA,NA,NA,NA,NA,NA,NA,NA,NA,NA,NA,134.0,1498.7
RTX3070-SASS-accel-5b93243-gpgpu-d38b300,NA,NA,NA,NA,NA,NA,NA,NA,NA,NA,NA,NA,NA,NA,NA,NA,116.0,1559.2
RTX3070-SASS-accel-5745567-gpgpu-d38b300,NA,NA,NA,NA,NA,NA,NA,NA,NA,NA,NA,NA,NA,NA,NA,NA,102.0,1481.2
RTX3070-SASS-accel-8d1cf8e-gpgpu-d38b300,NA,NA,NA,NA,NA,NA,NA,NA,NA,NA,NA,NA,NA,NA,NA,NA,129.0,1393.5
RTX3070-SASS-accel-17f819f-gpgpu-d38b300,NA,NA,NA,NA,NA,NA,NA,NA,NA,NA,NA,NA,NA,NA,NA,NA,123.0,1365.1
RTX3070-SASS-accel-2f29d2d-gpgpu-1d39b6f,NA,NA,NA,NA,NA,NA,NA,NA,NA,NA,NA,NA,NA,NA,NA,NA,121.0,1283.4
RTX3070-SASS-accel-786503a-gpgpu-13c6711,NA,NA,NA,NA,NA,NA,NA,NA,NA,NA,NA,NA,NA,NA,NA,NA,140.0,1310.4
RTX3070-SASS-accel-53584fc-gpgpu-13c6711,NA,NA,NA,NA,NA,NA,NA,NA,NA,NA,NA,NA,NA,NA,NA,NA,124.0,1243.2
RTX3070-SASS-accel-e02c99d-gpgpu-13c6711,NA,NA,NA,NA,NA,NA,NA,NA,NA,NA,NA,NA,NA,NA,NA,NA,100.0,1397.9
RTX3070-SASS-accel-bccdebb-gpgpu-13c6711,NA,NA,NA,NA,NA,NA,NA,NA,NA,NA,NA,NA,NA,NA,NA,NA,124.0,1256.0
RTX3070-SASS-accel-0f84efb-gpgpu-74cdacd,NA,NA,NA,NA,NA,NA,NA,NA,NA,NA,NA,NA,NA,NA,NA,NA,126.0,1551.0
RTX3070-SASS-accel-7feb41c-gpgpu-74cdacd,NA,NA,NA,NA,NA,NA,NA,NA,NA,NA,NA,NA,NA,NA,NA,NA,120.0,1477.7
RTX3070-SASS-accel-8f77aae-gpgpu-948c0e1,NA,NA,NA,NA,NA,NA,NA,NA,NA,NA,NA,NA,NA,NA,NA,NA,70.0,1640.3
RTX3070-SASS-accel-8f2c50f-gpgpu-6dd3bfc,NA,NA,NA,NA,NA,NA,NA,NA,NA,NA,NA,NA,NA,NA,NA,NA,123.0,1571.9
RTX3070-SASS-accel-2f19b3d-gpgpu-e033c1f,NA,NA,NA,NA,NA,NA,NA,NA,NA,NA,NA,NA,NA,NA,NA,NA,106.0,1486.6
RTX3070-SASS-accel-17e94d7-gpgpu-e033c1f,NA,NA,NA,NA,NA,NA,NA,NA,NA,NA,NA,NA,NA,NA,NA,NA,117.0,1575.6
RTX3070-SASS-accel-dc0bece-gpgpu-e033c1f,NA,NA,NA,NA,NA,NA,NA,NA,NA,NA,NA,NA,NA,NA,NA,NA,129.0,1162.4
RTX3070-SASS-accel-21f6fea-gpgpu-e033c1f,NA,NA,NA,NA,NA,NA,NA,NA,NA,NA,NA,NA,NA,NA,NA,NA,130.0,1459.0
RTX3070-SASS-accel-a88075e-gpgpu-e033c1f,NA,NA,NA,NA,NA,NA,NA,NA,NA,NA,NA,NA,NA,NA,NA,NA,121.0,1430.2
RTX3070-SASS-accel-470e82b-gpgpu-73db3f7,NA,NA,NA,NA,NA,NA,NA,NA,NA,NA,NA,NA,NA,NA,NA,NA,104.0,1244.4
RTX3070-SASS-accel-a6c1a7a-gpgpu-66ae881,NA,NA,NA,NA,NA,NA,NA,NA,NA,NA,NA,NA,NA,NA,NA,NA,102.0,1479.5
RTX3070-SASS-accel-572f6fd-gpgpu-301be9e,NA,NA,NA,NA,NA,NA,NA,NA,NA,NA,NA,NA,NA,NA,NA,NA,79.0,1567.9
RTX3070-SASS-accel-92027de-gpgpu-58beccb,NA,NA,NA,NA,NA,NA,NA,NA,NA,NA,NA,NA,NA,NA,NA,NA,80.0,1263.9
RTX3070-SASS-accel-0c80a10-gpgpu-58beccb,NA,NA,NA,NA,NA,NA,NA,NA,NA,NA,NA,NA,NA,NA,NA,NA,121.0,1566.4
RTX3070-SASS-accel-53da2df-gpgpu-a0c12f5,NA,NA,NA,NA,NA,NA,NA,NA,NA,NA,NA,NA,NA,NA,NA,NA,87.0,1514.4
RTX3070-SASS-accel-86f4430-gpgpu-a0c12f5,NA,NA,NA,NA,NA,NA,NA,NA,NA,NA,NA,NA,NA,NA,NA,NA,107.0,1374.1
RTX3070-SASS-accel-c1a12bc-gpgpu-9aeacdf,NA,NA,NA,NA,NA,NA,NA,NA,NA,NA,NA,NA,NA,NA,NA,NA,124.0,1565.2
RTX3070-SASS-accel-a1ca547-gpgpu-9aeacdf,NA,NA,NA,NA,NA,NA,NA,NA,NA,NA,NA,NA,NA,NA,NA,NA,106.0,1344.2
RTX3070-SASS-accel-a1ca547-gpgpu-67fc78c,NA,NA,NA,NA,NA,NA,NA,NA,NA,NA,NA,NA,NA,NA,NA,NA,86.0,1507.0
RTX3070-SASS-accel-_modifi-gpgpu-67fc78c,NA,NA,NA,NA,NA,NA,NA,NA,NA,NA,NA,NA,NA,NA,NA,NA,103.0,1182.4
RTX3070-SASS-accel-c5fa0e8-gpgpu-bc268aa,NA,NA,NA,NA,NA,NA,NA,NA,NA,NA,NA,31.0,19.0,NA,NA,NA,38.0,468.4
RTX3070-SASS-accel-43a51f3-gpgpu-7d3ad23,NA,NA,NA,NA,NA,NA,NA,NA,NA,NA,NA,17.0,12.0,NA,NA,NA,30.0,423.3
RTX3070-SASS-accel-4ac0e40-gpgpu-7d3ad23,NA,NA,NA,NA,NA,NA,NA,NA,NA,NA,NA,21.0,14.0,NA,NA,NA,25.0,489.8
RTX3070-SASS-accel-efa370c-gpgpu-6b22d66,NA,NA,NA,NA,NA,NA,NA,NA,NA,NA,NA,28.0,18.0,NA,NA,NA,41.0,532.7
RTX3070-SASS-accel-66ed9f2-gpgpu-6b22d66,NA,NA,NA,NA,NA,NA,NA,NA,NA,NA,NA,28.0,20.0,NA,NA,NA,33.0,427.9
RTX3070-SASS-accel-b1c61bc-gpgpu-6b22d66,NA,NA,NA,NA,NA,NA,NA,NA,NA,NA,NA,27.0,18.0,NA,NA,NA,38.0,480.3
RTX3070-SASS-accel-b3d9838-gpgpu-22159f1,NA,NA,NA,NA,NA,NA,NA,NA,NA,NA,NA,27.0,21.0,NA,NA,NA,40.0,422.4
RTX3070-SASS-accel-3ff1be8-gpgpu-67d8a3b,NA,NA,NA,NA,NA,NA,NA,NA,NA,NA,NA,25.0,16.0,NA,NA,NA,40.0,475.8
RTX3070-SASS-accel-3ff1be8-gpgpu-9d88a1c,NA,NA,NA,NA,NA,NA,NA,NA,NA,NA,NA,27.0,20.0,NA,NA,NA,34.0,415.7
RTX3070-SASS-accel-879dc35-gpgpu-3364474,161.0,65.0,120.0,14.0,1288.0,3398.0,1114.0,1751.0,735.0,36.0,19.0,42.0,22.0,NA,156.0,63.0,43.0,532.2
RTX3070-SASS-accel-e7b698e-gpgpu-3364474,161.0,66.0,117.0,14.0,1257.0,2396.0,1106.0,1315.0,748.0,35.0,18.0,33.0,22.0,NA,157.0,63.0,44.0,445.5
RTX3070-SASS-accel-1688c9d-gpgpu-3364474,156.0,37.0,96.0,14.0,1789.0,2503.0,1105.0,1251.0,740.0,35.0,18.0,31.0,22.0,NA,157.0,63.0,44.0,475.4
RTX3070-SASS-accel-a634fe0-gpgpu-3364474,150.0,64.0,99.0,14.0,2116.0,2722.0,1110.0,1430.0,458.0,43.0,16.0,31.0,20.0,18.0,176.0,74.0,40.0,504.8
RTX3070-SASS-accel-7a8e345-gpgpu-3364474,131.0,66.0,97.0,14.0,2154.0,2793.0,1095.0,1493.0,531.0,44.0,17.0,34.0,22.0,20.0,168.0,63.0,44.0,516.8
RTX3070-SASS-accel-d3ba55f-gpgpu-a3c52cf,159.0,66.0,116.0,15.0,924.0,1963.0,1170.0,965.0,464.0,36.0,19.0,31.0,22.0,21.0,161.0,63.0,44.0,367.0
RTX3070-SASS-accel-ec00037-gpgpu-a3c52cf,123.0,66.0,96.0,14.0,1282.0,1942.0,1174.0,1186.0,285.0,45.0,17.0,30.0,20.0,18.0,173.0,74.0,38.0,387.2
RTX3070-SASS-accel-a619790-gpgpu-a3c52cf,158.0,65.0,115.0,14.0,987.0,1936.0,1168.0,958.0,464.0,35.0,18.0,31.0,21.0,20.0,180.0,62.0,44.0,369.2
RTX3070-SASS-accel-08a6b5b-gpgpu-a3c52cf,132.0,65.0,99.0,14.0,1286.0,1827.0,741.0,1133.0,443.0,39.0,16.0,26.0,19.0,18.0,185.0,74.0,42.0,362.3
RTX3070-SASS-accel-f2bcdfa-gpgpu-a3c52cf,141.0,65.0,105.0,14.0,1902.0,4799.0,994.0,1045.0,450.0,36.0,19.0,31.0,23.0,20.0,207.0,63.0,44.0,585.8
RTX3070-SASS-accel-d21015b-gpgpu-a3c52cf,124.0,66.0,100.0,14.0,2494.0,3673.0,1093.0,1804.0,429.0,43.0,17.0,30.0,19.0,18.0,230.0,70.0,41.0,603.8
RTX3070-SASS-accel-b577da3-gpgpu-a3c52cf,161.0,66.0,116.0,14.0,1047.0,2132.0,1170.0,1028.0,458.0,35.0,18.0,29.0,21.0,21.0,158.0,63.0,44.0,387.1
RTX3070-SASS-accel-186e1bf-gpgpu-a3c52cf,144.0,68.0,149.0,14.0,1577.0,2204.0,789.0,1760.0,441.0,36.0,19.0,41.0,22.0,16.0,185.0,77.0,40.0,446.0
RTX3070-SASS-accel-cad11ca-gpgpu-a3c52cf,165.0,66.0,119.0,14.0,1648.0,2803.0,1088.0,1557.0,429.0,44.0,17.0,33.0,23.0,19.0,174.0,76.0,41.0,489.2
RTX3070-SASS-accel-1f5a2ed-gpgpu-a3c52cf,162.0,66.0,120.0,15.0,1266.0,2133.0,1133.0,1101.0,436.0,36.0,18.0,31.0,20.0,20.0,185.0,60.0,42.0,402.6
RTX3070-SASS-accel-20e5f99-gpgpu-a3c52cf,155.0,65.0,101.0,15.0,2734.0,2580.0,1082.0,1386.0,467.0,35.0,18.0,40.0,22.0,18.0,247.0,69.0,39.0,533.7
RTX3070-SASS-accel-fae2d48-gpgpu-a3c52cf,161.0,65.0,116.0,14.0,1729.0,3877.0,1113.0,1185.0,445.0,38.0,19.0,27.0,20.0,20.0,156.0,63.0,43.0,534.8

----------------------------------------------------------------------------------------------------,,,,,,,,,,,,,,,,,,
gpu_tot_sim_cycle\s*=\s*(.*),,,,,,,,,,,,,,,,,,
CFG,l1_bw_32f/__tpb_1024___tpsm_1024___blocks_1___ws_32--_Z5l1_bwPmS_PfPKf--0,l1_bw_64f/__tpb_1024___tpsm_1024___blocks_1___ws_32--_Z5l1_bwPmS_PdS0_--0,l1_bw_128/__tpb_1024___tpsm_1024___blocks_1___ws_32--_Z5l1_bwPmS_PfS0_--0,l1_lat/__blocks_1___ws_32--_Z6l1_latPjS_PmS0_--0,l2_bw_32f/__tpb_1024___tpsm_1024___blocks_160___ws_32--_Z5l2_bwPmS_PfS0_j--0,l2_bw_64f/__tpb_1024___tpsm_1024___blocks_160___l2_786432___ws_32--_Z5l2_bwPjS_PdS0_j--0,l2_lat/__tpb_1___tpsm_1___blocks_1___l2_786432___ws_32--_Z10l2_hit_latPjS_PmS0_--0,mem_bw/__tpb_1024___tpsm_1024___blocks_80___l2_1572864___ws_32___memclk_1132___membw_64--_Z6mem_bwPfS_S_S_S_S_PjS0_j--0,mem_lat/__tpb_1024___tpsm_1024___blocks_80___l2_1572864___ws_32___memclk_1132___membw_64--_Z7mem_latPjS_PmS0_j--0,shared_bw/__tpb_1024___tpsm_1024___blocks_1____ws_32--_Z9shared_bwPmS_Pjj--0,shared_lat/__blocks_1____ws_32--_Z10shared_latPjS_Pmj--0,shared_bank_conflicts/1--_Z18transposeCoalescedPfS_ii--0,shared_bank_conflicts/2--_Z24transposeNoBankConflictsPfS_ii--0,MaxIops_int32/__tpb_1024____blocks_1____ws_32--_Z9max_flopsIiEvPjS0_PT_S2_S2_--0,l1_shared_bw/__tpb_1024____blocks_1____ws_32--_Z9shared_bwPjS_S_S_j--0,l1_bw_32f_unroll/__tpb_1024___blocks_1____ws_32--_Z5l1_bwPjS_PfS0_--0,l1_bw_32f_unroll_large/NO_ARGS--_Z5l1_bwPjS_PfS0_--0,AV--VG
RTX3070-SASS-accel-f677b74-gpgpu-deb5eb5,NA,NA,NA,NA,NA,NA,NA,NA,NA,NA,NA,NA,NA,NA,NA,NA,NA,1655230.8
RTX3070-SASS-accel-c366657-gpgpu-deb5eb5,NA,NA,NA,NA,NA,NA,NA,NA,NA,NA,NA,NA,NA,NA,NA,NA,NA,1659557.8
RTX3070-SASS-accel-a72607f-gpgpu-deb5eb5,NA,NA,NA,NA,NA,NA,NA,NA,NA,NA,NA,NA,NA,NA,NA,NA,NA,1659557.8
RTX3070-SASS-accel-4dbd5b1-gpgpu-deb5eb5,NA,NA,NA,NA,NA,NA,NA,NA,NA,NA,NA,NA,NA,NA,NA,NA,NA,1655230.8
RTX3070-SASS-accel-60ad810-gpgpu-deb5eb5,NA,NA,NA,NA,NA,NA,NA,NA,NA,NA,NA,NA,NA,NA,NA,NA,NA,1659500.3
RTX3070-SASS-accel-0ce7699-gpgpu-deb5eb5,NA,NA,NA,NA,NA,NA,NA,NA,NA,NA,NA,NA,NA,NA,NA,NA,NA,1413093.8
RTX3070-SASS-accel-6812c12-gpgpu-deb5eb5,NA,NA,NA,NA,NA,NA,NA,NA,NA,NA,NA,NA,NA,NA,NA,NA,NA,1655230.8
RTX3070-SASS-accel-31082a4-gpgpu-1ee03f0,NA,NA,NA,NA,NA,NA,NA,NA,NA,NA,NA,NA,NA,NA,NA,NA,NA,1348544.8
RTX3070-SASS-accel-28e2777-gpgpu-1ee03f0,NA,NA,NA,NA,NA,NA,NA,NA,NA,NA,NA,NA,NA,NA,NA,NA,NA,1348557.6
RTX3070-SASS-accel-10dc9a0-gpgpu-1ee03f0,NA,NA,NA,NA,NA,NA,NA,NA,NA,NA,NA,NA,NA,NA,NA,NA,NA,1348544.8
RTX3070-SASS-accel-9719269-gpgpu-c51350d,NA,NA,NA,NA,NA,NA,NA,NA,NA,NA,NA,NA,NA,NA,NA,NA,NA,1348557.6
RTX3070-SASS-accel-6b6f836-gpgpu-585dcf5,NA,NA,NA,NA,NA,NA,NA,NA,NA,NA,NA,NA,NA,NA,NA,NA,NA,1353173.3
RTX3070-SASS-accel-252e8c4-gpgpu-585dcf5,NA,NA,NA,NA,NA,NA,NA,NA,NA,NA,NA,NA,NA,NA,NA,NA,NA,1353173.3
RTX3070-SASS-accel-a4e0907-gpgpu-6c9e13d,NA,NA,NA,NA,NA,NA,NA,NA,NA,NA,NA,NA,NA,NA,NA,NA,NA,NA
RTX3070-SASS-accel-fea3381-gpgpu-6ad461a,NA,NA,NA,NA,NA,NA,NA,NA,NA,NA,NA,NA,NA,NA,NA,NA,204701.0,1768514.2
RTX3070-SASS-accel-16c3068-gpgpu-6ad461a,NA,NA,NA,NA,NA,NA,NA,NA,NA,NA,NA,NA,NA,NA,NA,NA,200966.0,1767491.1
RTX3070-SASS-accel-8f124d9-gpgpu-99b5997,NA,NA,NA,NA,NA,NA,NA,NA,NA,NA,NA,NA,NA,NA,NA,NA,159038.0,1624330.6
RTX3070-SASS-accel-7a31963-gpgpu-84c4f46,NA,NA,NA,NA,NA,NA,NA,NA,NA,NA,NA,NA,NA,NA,NA,NA,159762.0,1623302.1
RTX3070-SASS-accel-a8c1d6d-gpgpu-84c4f46,NA,NA,NA,NA,NA,NA,NA,NA,NA,NA,NA,NA,NA,NA,NA,NA,158638.0,1623155.5
RTX3070-SASS-accel-000be7f-gpgpu-e466afb,NA,NA,NA,NA,NA,NA,NA,NA,NA,NA,NA,NA,NA,NA,NA,NA,159238.0,1622955.1
RTX3070-SASS-accel-1cb6168-gpgpu-d38b300,NA,NA,NA,NA,NA,NA,NA,NA,NA,NA,NA,NA,NA,NA,NA,NA,158551.0,1623070.4
RTX3070-SASS-accel-a9305c5-gpgpu-d38b300,NA,NA,NA,NA,NA,NA,NA,NA,NA,NA,NA,NA,NA,NA,NA,NA,158551.0,1623727.1
RTX3070-SASS-accel-5b93243-gpgpu-d38b300,NA,NA,NA,NA,NA,NA,NA,NA,NA,NA,NA,NA,NA,NA,NA,NA,158571.0,1623247.1
RTX3070-SASS-accel-5745567-gpgpu-d38b300,NA,NA,NA,NA,NA,NA,NA,NA,NA,NA,NA,NA,NA,NA,NA,NA,158551.0,1623328.2
RTX3070-SASS-accel-8d1cf8e-gpgpu-d38b300,NA,NA,NA,NA,NA,NA,NA,NA,NA,NA,NA,NA,NA,NA,NA,NA,158551.0,1623057.4
RTX3070-SASS-accel-17f819f-gpgpu-d38b300,NA,NA,NA,NA,NA,NA,NA,NA,NA,NA,NA,NA,NA,NA,NA,NA,159224.0,1623689.1
RTX3070-SASS-accel-2f29d2d-gpgpu-1d39b6f,NA,NA,NA,NA,NA,NA,NA,NA,NA,NA,NA,NA,NA,NA,NA,NA,159307.0,1622968.1
RTX3070-SASS-accel-786503a-gpgpu-13c6711,NA,NA,NA,NA,NA,NA,NA,NA,NA,NA,NA,NA,NA,NA,NA,NA,160603.0,1622672.1
RTX3070-SASS-accel-53584fc-gpgpu-13c6711,NA,NA,NA,NA,NA,NA,NA,NA,NA,NA,NA,NA,NA,NA,NA,NA,160687.0,1623666.4
RTX3070-SASS-accel-e02c99d-gpgpu-13c6711,NA,NA,NA,NA,NA,NA,NA,NA,NA,NA,NA,NA,NA,NA,NA,NA,160603.0,1622558.1
RTX3070-SASS-accel-bccdebb-gpgpu-13c6711,NA,NA,NA,NA,NA,NA,NA,NA,NA,NA,NA,NA,NA,NA,NA,NA,161379.0,1623022.1
RTX3070-SASS-accel-0f84efb-gpgpu-74cdacd,NA,NA,NA,NA,NA,NA,NA,NA,NA,NA,NA,NA,NA,NA,NA,NA,160603.0,1823752.4
RTX3070-SASS-accel-7feb41c-gpgpu-74cdacd,NA,NA,NA,NA,NA,NA,NA,NA,NA,NA,NA,NA,NA,NA,NA,NA,160687.0,1623618.8
RTX3070-SASS-accel-8f77aae-gpgpu-948c0e1,NA,NA,NA,NA,NA,NA,NA,NA,NA,NA,NA,NA,NA,NA,NA,NA,160483.0,1622520.7
RTX3070-SASS-accel-8f2c50f-gpgpu-6dd3bfc,NA,NA,NA,NA,NA,NA,NA,NA,NA,NA,NA,NA,NA,NA,NA,NA,160029.0,1623430.1
RTX3070-SASS-accel-2f19b3d-gpgpu-e033c1f,NA,NA,NA,NA,NA,NA,NA,NA,NA,NA,NA,NA,NA,NA,NA,NA,160216.0,1622356.1
RTX3070-SASS-accel-17e94d7-gpgpu-e033c1f,NA,NA,NA,NA,NA,NA,NA,NA,NA,NA,NA,NA,NA,NA,NA,NA,161043.0,1622562.5
RTX3070-SASS-accel-dc0bece-gpgpu-e033c1f,NA,NA,NA,NA,NA,NA,NA,NA,NA,NA,NA,NA,NA,NA,NA,NA,160502.0,1622757.2
RTX3070-SASS-accel-21f6fea-gpgpu-e033c1f,NA,NA,NA,NA,NA,NA,NA,NA,NA,NA,NA,NA,NA,NA,NA,NA,160690.0,1622683.9
RTX3070-SASS-accel-a88075e-gpgpu-e033c1f,NA,NA,NA,NA,NA,NA,NA,NA,NA,NA,NA,NA,NA,NA,NA,NA,162627.0,1623394.9
RTX3070-SASS-accel-470e82b-gpgpu-73db3f7,NA,NA,NA,NA,NA,NA,NA,NA,NA,NA,NA,NA,NA,NA,NA,NA,162627.0,1623394.9
RTX3070-SASS-accel-a6c1a7a-gpgpu-66ae881,NA,NA,NA,NA,NA,NA,NA,NA,NA,NA,NA,NA,NA,NA,NA,NA,162627.0,1623394.9
RTX3070-SASS-accel-572f6fd-gpgpu-301be9e,NA,NA,NA,NA,NA,NA,NA,NA,NA,NA,NA,NA,NA,NA,NA,NA,162627.0,1623394.9
RTX3070-SASS-accel-92027de-gpgpu-58beccb,NA,NA,NA,NA,NA,NA,NA,NA,NA,NA,NA,NA,NA,NA,NA,NA,162627.0,1623394.9
RTX3070-SASS-accel-0c80a10-gpgpu-58beccb,NA,NA,NA,NA,NA,NA,NA,NA,NA,NA,NA,NA,NA,NA,NA,NA,162627.0,1623394.9
RTX3070-SASS-accel-53da2df-gpgpu-a0c12f5,NA,NA,NA,NA,NA,NA,NA,NA,NA,NA,NA,NA,NA,NA,NA,NA,162627.0,1623394.9
RTX3070-SASS-accel-86f4430-gpgpu-a0c12f5,NA,NA,NA,NA,NA,NA,NA,NA,NA,NA,NA,NA,NA,NA,NA,NA,162627.0,1623394.9
RTX3070-SASS-accel-c1a12bc-gpgpu-9aeacdf,NA,NA,NA,NA,NA,NA,NA,NA,NA,NA,NA,NA,NA,NA,NA,NA,162627.0,1623394.9
RTX3070-SASS-accel-a1ca547-gpgpu-9aeacdf,NA,NA,NA,NA,NA,NA,NA,NA,NA,NA,NA,NA,NA,NA,NA,NA,162627.0,1623394.9
RTX3070-SASS-accel-a1ca547-gpgpu-67fc78c,NA,NA,NA,NA,NA,NA,NA,NA,NA,NA,NA,NA,NA,NA,NA,NA,162627.0,1623394.9
RTX3070-SASS-accel-_modifi-gpgpu-67fc78c,NA,NA,NA,NA,NA,NA,NA,NA,NA,NA,NA,NA,NA,NA,NA,NA,162627.0,1623394.9
RTX3070-SASS-accel-c5fa0e8-gpgpu-bc268aa,NA,NA,NA,NA,NA,NA,NA,NA,NA,NA,NA,14905.0,10121.0,NA,NA,NA,163665.0,1444304.9
RTX3070-SASS-accel-43a51f3-gpgpu-7d3ad23,NA,NA,NA,NA,NA,NA,NA,NA,NA,NA,NA,14905.0,10121.0,NA,NA,NA,163665.0,1444304.9
RTX3070-SASS-accel-4ac0e40-gpgpu-7d3ad23,NA,NA,NA,NA,NA,NA,NA,NA,NA,NA,NA,14905.0,10121.0,NA,NA,NA,163665.0,1444304.9
RTX3070-SASS-accel-efa370c-gpgpu-6b22d66,NA,NA,NA,NA,NA,NA,NA,NA,NA,NA,NA,14905.0,10121.0,NA,NA,NA,163665.0,1444304.9
RTX3070-SASS-accel-66ed9f2-gpgpu-6b22d66,NA,NA,NA,NA,NA,NA,NA,NA,NA,NA,NA,14905.0,10121.0,NA,NA,NA,163665.0,1444304.9
RTX3070-SASS-accel-b1c61bc-gpgpu-6b22d66,NA,NA,NA,NA,NA,NA,NA,NA,NA,NA,NA,14905.0,10121.0,NA,NA,NA,163665.0,1444304.9
RTX3070-SASS-accel-b3d9838-gpgpu-22159f1,NA,NA,NA,NA,NA,NA,NA,NA,NA,NA,NA,14905.0,10121.0,NA,NA,NA,163665.0,1444304.9
RTX3070-SASS-accel-3ff1be8-gpgpu-67d8a3b,NA,NA,NA,NA,NA,NA,NA,NA,NA,NA,NA,14905.0,10121.0,NA,NA,NA,163665.0,1444304.9
RTX3070-SASS-accel-3ff1be8-gpgpu-9d88a1c,NA,NA,NA,NA,NA,NA,NA,NA,NA,NA,NA,14905.0,10121.0,NA,NA,NA,163665.0,1444304.9
RTX3070-SASS-accel-879dc35-gpgpu-3364474,596586.0,308000.0,548910.0,68852.0,580615.0,1303189.0,6552781.0,589000.0,4023922.0,216190.0,95677.0,14953.0,10129.0,NA,1136795.0,300574.0,160305.0,976479.9
RTX3070-SASS-accel-e7b698e-gpgpu-3364474,596586.0,308000.0,548910.0,68852.0,580615.0,1303189.0,6552781.0,589000.0,4023922.0,216190.0,95677.0,14953.0,10129.0,NA,1136795.0,300574.0,160305.0,976479.9
RTX3070-SASS-accel-1688c9d-gpgpu-3364474,596586.0,308000.0,548910.0,68852.0,580615.0,1303189.0,6552781.0,589000.0,4023922.0,216190.0,95677.0,14953.0,10129.0,NA,1136795.0,300574.0,160305.0,976479.9
RTX3070-SASS-accel-a634fe0-gpgpu-3364474,596586.0,308000.0,548910.0,68852.0,580615.0,1303189.0,6552781.0,589000.0,4023922.0,216190.0,95677.0,14953.0,10129.0,93680.0,1136795.0,300574.0,160305.0,976479.9
RTX3070-SASS-accel-7a8e345-gpgpu-3364474,596586.0,308000.0,548910.0,68852.0,580615.0,1303189.0,6552781.0,589000.0,4023922.0,216190.0,95677.0,14953.0,10129.0,93680.0,1136795.0,300574.0,160305.0,976479.9
RTX3070-SASS-accel-d3ba55f-gpgpu-a3c52cf,596586.0,308000.0,548910.0,68852.0,583238.0,1311310.0,6552781.0,588754.0,4027101.0,216190.0,95677.0,14953.0,10129.0,93680.0,1136795.0,300574.0,160305.0,977284.4
RTX3070-SASS-accel-ec00037-gpgpu-a3c52cf,596586.0,308000.0,548910.0,68852.0,583238.0,1311310.0,6552781.0,588754.0,4027101.0,216190.0,95677.0,14953.0,10129.0,93680.0,1136795.0,300574.0,160305.0,977284.4
RTX3070-SASS-accel-a619790-gpgpu-a3c52cf,596586.0,308000.0,548910.0,68852.0,583238.0,1311310.0,6552781.0,588754.0,4027101.0,216190.0,95677.0,14953.0,10129.0,93680.0,1136795.0,300574.0,160305.0,977284.4
RTX3070-SASS-accel-08a6b5b-gpgpu-a3c52cf,596586.0,308000.0,548910.0,68852.0,583238.0,1311310.0,6552781.0,588754.0,4027101.0,216190.0,95677.0,14953.0,10129.0,93680.0,1136795.0,300574.0,160305.0,977284.4
RTX3070-SASS-accel-f2bcdfa-gpgpu-a3c52cf,596586.0,308000.0,548910.0,68852.0,583238.0,1311310.0,6552781.0,588754.0,4027101.0,216190.0,95677.0,14953.0,10129.0,93680.0,1136795.0,300574.0,160305.0,977284.4
RTX3070-SASS-accel-d21015b-gpgpu-a3c52cf,596586.0,308000.0,548910.0,68852.0,583238.0,1311310.0,6552781.0,588754.0,4027101.0,216190.0,95677.0,14953.0,10129.0,93680.0,1136795.0,300574.0,160305.0,977284.4
RTX3070-SASS-accel-b577da3-gpgpu-a3c52cf,596586.0,308000.0,548910.0,68852.0,583238.0,1311310.0,6552781.0,588754.0,4027101.0,216190.0,95677.0,14953.0,10129.0,93680.0,1136795.0,300574.0,160305.0,977284.4
RTX3070-SASS-accel-186e1bf-gpgpu-a3c52cf,596586.0,308000.0,548910.0,68852.0,583238.0,1311310.0,6552781.0,588754.0,4027101.0,216190.0,95677.0,14953.0,10129.0,93680.0,1136795.0,300574.0,160305.0,977284.4
RTX3070-SASS-accel-cad11ca-gpgpu-a3c52cf,596586.0,308000.0,548910.0,68852.0,583238.0,1311310.0,6552781.0,588754.0,4027101.0,216190.0,95677.0,14953.0,10129.0,93680.0,1136795.0,300574.0,160305.0,977284.4
RTX3070-SASS-accel-1f5a2ed-gpgpu-a3c52cf,596586.0,308000.0,548910.0,68852.0,583238.0,1311310.0,6552781.0,588754.0,4027101.0,216190.0,95677.0,14953.0,10129.0,93680.0,1136795.0,300574.0,160305.0,977284.4
RTX3070-SASS-accel-20e5f99-gpgpu-a3c52cf,596586.0,308000.0,548910.0,68852.0,583238.0,1311310.0,6552781.0,588754.0,4027101.0,216190.0,95677.0,14953.0,10129.0,93680.0,1136795.0,300574.0,160305.0,977284.4
RTX3070-SASS-accel-fae2d48-gpgpu-a3c52cf,596586.0,308000.0,548910.0,68852.0,583238.0,1311310.0,6552781.0,588754.0,4027101.0,216190.0,95677.0,14953.0,10129.0,93680.0,1136795.0,300574.0,160305.0,977284.4

----------------------------------------------------------------------------------------------------,,,,,,,,,,,,,,,,,,
\s+L2_cache_stats_breakdown\[GLOBAL_ACC_R\]\[HIT\]\s*=\s*(.*),,,,,,,,,,,,,,,,,,
CFG,l1_bw_32f/__tpb_1024___tpsm_1024___blocks_1___ws_32--_Z5l1_bwPmS_PfPKf--0,l1_bw_64f/__tpb_1024___tpsm_1024___blocks_1___ws_32--_Z5l1_bwPmS_PdS0_--0,l1_bw_128/__tpb_1024___tpsm_1024___blocks_1___ws_32--_Z5l1_bwPmS_PfS0_--0,l1_lat/__blocks_1___ws_32--_Z6l1_latPjS_PmS0_--0,l2_bw_32f/__tpb_1024___tpsm_1024___blocks_160___ws_32--_Z5l2_bwPmS_PfS0_j--0,l2_bw_64f/__tpb_1024___tpsm_1024___blocks_160___l2_786432___ws_32--_Z5l2_bwPjS_PdS0_j--0,l2_lat/__tpb_1___tpsm_1___blocks_1___l2_786432___ws_32--_Z10l2_hit_latPjS_PmS0_--0,mem_bw/__tpb_1024___tpsm_1024___blocks_80___l2_1572864___ws_32___memclk_1132___membw_64--_Z6mem_bwPfS_S_S_S_S_PjS0_j--0,mem_lat/__tpb_1024___tpsm_1024___blocks_80___l2_1572864___ws_32___memclk_1132___membw_64--_Z7mem_latPjS_PmS0_j--0,shared_bw/__tpb_1024___tpsm_1024___blocks_1____ws_32--_Z9shared_bwPmS_Pjj--0,shared_lat/__blocks_1____ws_32--_Z10shared_latPjS_Pmj--0,shared_bank_conflicts/1--_Z18transposeCoalescedPfS_ii--0,shared_bank_conflicts/2--_Z24transposeNoBankConflictsPfS_ii--0,MaxIops_int32/__tpb_1024____blocks_1____ws_32--_Z9max_flopsIiEvPjS0_PT_S2_S2_--0,l1_shared_bw/__tpb_1024____blocks_1____ws_32--_Z9shared_bwPjS_S_S_j--0,l1_bw_32f_unroll/__tpb_1024___blocks_1____ws_32--_Z5l1_bwPjS_PfS0_--0,l1_bw_32f_unroll_large/NO_ARGS--_Z5l1_bwPjS_PfS0_--0,AV--VG
RTX3070-SASS-accel-f677b74-gpgpu-deb5eb5,NA,NA,NA,NA,NA,NA,NA,NA,NA,NA,NA,NA,NA,NA,NA,NA,NA,7867104.8
RTX3070-SASS-accel-c366657-gpgpu-deb5eb5,NA,NA,NA,NA,NA,NA,NA,NA,NA,NA,NA,NA,NA,NA,NA,NA,NA,7869208.8
RTX3070-SASS-accel-a72607f-gpgpu-deb5eb5,NA,NA,NA,NA,NA,NA,NA,NA,NA,NA,NA,NA,NA,NA,NA,NA,NA,7869208.8
RTX3070-SASS-accel-4dbd5b1-gpgpu-deb5eb5,NA,NA,NA,NA,NA,NA,NA,NA,NA,NA,NA,NA,NA,NA,NA,NA,NA,7867104.8
RTX3070-SASS-accel-60ad810-gpgpu-deb5eb5,NA,NA,NA,NA,NA,NA,NA,NA,NA,NA,NA,NA,NA,NA,NA,NA,NA,7869315.1
RTX3070-SASS-accel-0ce7699-gpgpu-deb5eb5,NA,NA,NA,NA,NA,NA,NA,NA,NA,NA,NA,NA,NA,NA,NA,NA,NA,0.0
RTX3070-SASS-accel-6812c12-gpgpu-deb5eb5,NA,NA,NA,NA,NA,NA,NA,NA,NA,NA,NA,NA,NA,NA,NA,NA,NA,7867104.8
RTX3070-SASS-accel-31082a4-gpgpu-1ee03f0,NA,NA,NA,NA,NA,NA,NA,NA,NA,NA,NA,NA,NA,NA,NA,NA,NA,1971660.4
RTX3070-SASS-accel-28e2777-gpgpu-1ee03f0,NA,NA,NA,NA,NA,NA,NA,NA,NA,NA,NA,NA,NA,NA,NA,NA,NA,1971661.6
RTX3070-SASS-accel-10dc9a0-gpgpu-1ee03f0,NA,NA,NA,NA,NA,NA,NA,NA,NA,NA,NA,NA,NA,NA,NA,NA,NA,1971660.4
RTX3070-SASS-accel-9719269-gpgpu-c51350d,NA,NA,NA,NA,NA,NA,NA,NA,NA,NA,NA,NA,NA,NA,NA,NA,NA,1971661.6
RTX3070-SASS-accel-6b6f836-gpgpu-585dcf5,NA,NA,NA,NA,NA,NA,NA,NA,NA,NA,NA,NA,NA,NA,NA,NA,NA,1969941.0
RTX3070-SASS-accel-252e8c4-gpgpu-585dcf5,NA,NA,NA,NA,NA,NA,NA,NA,NA,NA,NA,NA,NA,NA,NA,NA,NA,1969941.0
RTX3070-SASS-accel-a4e0907-gpgpu-6c9e13d,NA,NA,NA,NA,NA,NA,NA,NA,NA,NA,NA,NA,NA,NA,NA,NA,NA,NA
RTX3070-SASS-accel-fea3381-gpgpu-6ad461a,NA,NA,NA,NA,NA,NA,NA,NA,NA,NA,NA,NA,NA,NA,NA,NA,43060.0,1970562.8
RTX3070-SASS-accel-16c3068-gpgpu-6ad461a,NA,NA,NA,NA,NA,NA,NA,NA,NA,NA,NA,NA,NA,NA,NA,NA,39232.0,1970252.4
RTX3070-SASS-accel-8f124d9-gpgpu-99b5997,NA,NA,NA,NA,NA,NA,NA,NA,NA,NA,NA,NA,NA,NA,NA,NA,16508.0,1968897.4
RTX3070-SASS-accel-7a31963-gpgpu-84c4f46,NA,NA,NA,NA,NA,NA,NA,NA,NA,NA,NA,NA,NA,NA,NA,NA,16508.0,1968872.9
RTX3070-SASS-accel-a8c1d6d-gpgpu-84c4f46,NA,NA,NA,NA,NA,NA,NA,NA,NA,NA,NA,NA,NA,NA,NA,NA,16508.0,1968924.8
RTX3070-SASS-accel-000be7f-gpgpu-e466afb,NA,NA,NA,NA,NA,NA,NA,NA,NA,NA,NA,NA,NA,NA,NA,NA,16508.0,1968779.9
RTX3070-SASS-accel-1cb6168-gpgpu-d38b300,NA,NA,NA,NA,NA,NA,NA,NA,NA,NA,NA,NA,NA,NA,NA,NA,16508.0,1968946.0
RTX3070-SASS-accel-a9305c5-gpgpu-d38b300,NA,NA,NA,NA,NA,NA,NA,NA,NA,NA,NA,NA,NA,NA,NA,NA,16508.0,1968923.2
RTX3070-SASS-accel-5b93243-gpgpu-d38b300,NA,NA,NA,NA,NA,NA,NA,NA,NA,NA,NA,NA,NA,NA,NA,NA,16508.0,1968773.2
RTX3070-SASS-accel-5745567-gpgpu-d38b300,NA,NA,NA,NA,NA,NA,NA,NA,NA,NA,NA,NA,NA,NA,NA,NA,16508.0,1968834.5
RTX3070-SASS-accel-8d1cf8e-gpgpu-d38b300,NA,NA,NA,NA,NA,NA,NA,NA,NA,NA,NA,NA,NA,NA,NA,NA,16508.0,1968832.9
RTX3070-SASS-accel-17f819f-gpgpu-d38b300,NA,NA,NA,NA,NA,NA,NA,NA,NA,NA,NA,NA,NA,NA,NA,NA,16508.0,1968895.5
RTX3070-SASS-accel-2f29d2d-gpgpu-1d39b6f,NA,NA,NA,NA,NA,NA,NA,NA,NA,NA,NA,NA,NA,NA,NA,NA,16508.0,1968895.9
RTX3070-SASS-accel-786503a-gpgpu-13c6711,NA,NA,NA,NA,NA,NA,NA,NA,NA,NA,NA,NA,NA,NA,NA,NA,16508.0,1968967.6
RTX3070-SASS-accel-53584fc-gpgpu-13c6711,NA,NA,NA,NA,NA,NA,NA,NA,NA,NA,NA,NA,NA,NA,NA,NA,16508.0,1969001.5
RTX3070-SASS-accel-e02c99d-gpgpu-13c6711,NA,NA,NA,NA,NA,NA,NA,NA,NA,NA,NA,NA,NA,NA,NA,NA,16508.0,1968987.9
RTX3070-SASS-accel-bccdebb-gpgpu-13c6711,NA,NA,NA,NA,NA,NA,NA,NA,NA,NA,NA,NA,NA,NA,NA,NA,16508.0,1968989.1
RTX3070-SASS-accel-0f84efb-gpgpu-74cdacd,NA,NA,NA,NA,NA,NA,NA,NA,NA,NA,NA,NA,NA,NA,NA,NA,16508.0,2250334.6
RTX3070-SASS-accel-7feb41c-gpgpu-74cdacd,NA,NA,NA,NA,NA,NA,NA,NA,NA,NA,NA,NA,NA,NA,NA,NA,16508.0,1969049.9
RTX3070-SASS-accel-8f77aae-gpgpu-948c0e1,NA,NA,NA,NA,NA,NA,NA,NA,NA,NA,NA,NA,NA,NA,NA,NA,16508.0,1969027.5
RTX3070-SASS-accel-8f2c50f-gpgpu-6dd3bfc,NA,NA,NA,NA,NA,NA,NA,NA,NA,NA,NA,NA,NA,NA,NA,NA,16508.0,1969036.7
RTX3070-SASS-accel-2f19b3d-gpgpu-e033c1f,NA,NA,NA,NA,NA,NA,NA,NA,NA,NA,NA,NA,NA,NA,NA,NA,16508.0,1969015.0
RTX3070-SASS-accel-17e94d7-gpgpu-e033c1f,NA,NA,NA,NA,NA,NA,NA,NA,NA,NA,NA,NA,NA,NA,NA,NA,16508.0,1969008.1
RTX3070-SASS-accel-dc0bece-gpgpu-e033c1f,NA,NA,NA,NA,NA,NA,NA,NA,NA,NA,NA,NA,NA,NA,NA,NA,16508.0,1969010.5
RTX3070-SASS-accel-21f6fea-gpgpu-e033c1f,NA,NA,NA,NA,NA,NA,NA,NA,NA,NA,NA,NA,NA,NA,NA,NA,16508.0,1969011.6
RTX3070-SASS-accel-a88075e-gpgpu-e033c1f,NA,NA,NA,NA,NA,NA,NA,NA,NA,NA,NA,NA,NA,NA,NA,NA,16508.0,1968990.6
RTX3070-SASS-accel-470e82b-gpgpu-73db3f7,NA,NA,NA,NA,NA,NA,NA,NA,NA,NA,NA,NA,NA,NA,NA,NA,16508.0,1968990.6
RTX3070-SASS-accel-a6c1a7a-gpgpu-66ae881,NA,NA,NA,NA,NA,NA,NA,NA,NA,NA,NA,NA,NA,NA,NA,NA,16508.0,1968990.6
RTX3070-SASS-accel-572f6fd-gpgpu-301be9e,NA,NA,NA,NA,NA,NA,NA,NA,NA,NA,NA,NA,NA,NA,NA,NA,16508.0,1968990.6
RTX3070-SASS-accel-92027de-gpgpu-58beccb,NA,NA,NA,NA,NA,NA,NA,NA,NA,NA,NA,NA,NA,NA,NA,NA,16508.0,1968990.6
RTX3070-SASS-accel-0c80a10-gpgpu-58beccb,NA,NA,NA,NA,NA,NA,NA,NA,NA,NA,NA,NA,NA,NA,NA,NA,16508.0,1968990.6
RTX3070-SASS-accel-53da2df-gpgpu-a0c12f5,NA,NA,NA,NA,NA,NA,NA,NA,NA,NA,NA,NA,NA,NA,NA,NA,16508.0,1968990.6
RTX3070-SASS-accel-86f4430-gpgpu-a0c12f5,NA,NA,NA,NA,NA,NA,NA,NA,NA,NA,NA,NA,NA,NA,NA,NA,16508.0,1968990.6
RTX3070-SASS-accel-c1a12bc-gpgpu-9aeacdf,NA,NA,NA,NA,NA,NA,NA,NA,NA,NA,NA,NA,NA,NA,NA,NA,16508.0,1968990.6
RTX3070-SASS-accel-a1ca547-gpgpu-9aeacdf,NA,NA,NA,NA,NA,NA,NA,NA,NA,NA,NA,NA,NA,NA,NA,NA,16508.0,1968990.6
RTX3070-SASS-accel-a1ca547-gpgpu-67fc78c,NA,NA,NA,NA,NA,NA,NA,NA,NA,NA,NA,NA,NA,NA,NA,NA,16508.0,1968990.6
RTX3070-SASS-accel-_modifi-gpgpu-67fc78c,NA,NA,NA,NA,NA,NA,NA,NA,NA,NA,NA,NA,NA,NA,NA,NA,16508.0,1968990.6
RTX3070-SASS-accel-c5fa0e8-gpgpu-bc268aa,NA,NA,NA,NA,NA,NA,NA,NA,NA,NA,NA,0.0,0.0,NA,NA,NA,16508.0,1750242.4
RTX3070-SASS-accel-43a51f3-gpgpu-7d3ad23,NA,NA,NA,NA,NA,NA,NA,NA,NA,NA,NA,0.0,0.0,NA,NA,NA,16508.0,1750242.4
RTX3070-SASS-accel-4ac0e40-gpgpu-7d3ad23,NA,NA,NA,NA,NA,NA,NA,NA,NA,NA,NA,0.0,0.0,NA,NA,NA,16508.0,1750242.4
RTX3070-SASS-accel-efa370c-gpgpu-6b22d66,NA,NA,NA,NA,NA,NA,NA,NA,NA,NA,NA,0.0,0.0,NA,NA,NA,16508.0,1750242.4
RTX3070-SASS-accel-66ed9f2-gpgpu-6b22d66,NA,NA,NA,NA,NA,NA,NA,NA,NA,NA,NA,0.0,0.0,NA,NA,NA,16508.0,1750242.4
RTX3070-SASS-accel-b1c61bc-gpgpu-6b22d66,NA,NA,NA,NA,NA,NA,NA,NA,NA,NA,NA,0.0,0.0,NA,NA,NA,16508.0,1750242.4
RTX3070-SASS-accel-b3d9838-gpgpu-22159f1,NA,NA,NA,NA,NA,NA,NA,NA,NA,NA,NA,0.0,0.0,NA,NA,NA,16508.0,1750242.4
RTX3070-SASS-accel-3ff1be8-gpgpu-67d8a3b,NA,NA,NA,NA,NA,NA,NA,NA,NA,NA,NA,0.0,0.0,NA,NA,NA,16508.0,1750242.4
RTX3070-SASS-accel-3ff1be8-gpgpu-9d88a1c,NA,NA,NA,NA,NA,NA,NA,NA,NA,NA,NA,0.0,0.0,NA,NA,NA,16508.0,1750242.4
RTX3070-SASS-accel-879dc35-gpgpu-3364474,0.0,0.0,0.0,0.0,10483321.0,20970293.0,32769.0,0.0,0.0,0.0,0.0,0.0,0.0,NA,0.0,0.0,16508.0,1853111.2
RTX3070-SASS-accel-e7b698e-gpgpu-3364474,0.0,0.0,0.0,0.0,10483321.0,20970293.0,32769.0,0.0,0.0,0.0,0.0,0.0,0.0,NA,0.0,0.0,16508.0,1853111.2
RTX3070-SASS-accel-1688c9d-gpgpu-3364474,0.0,0.0,0.0,0.0,10483321.0,20970293.0,32769.0,0.0,0.0,0.0,0.0,0.0,0.0,NA,0.0,0.0,16508.0,1853111.2
RTX3070-SASS-accel-a634fe0-gpgpu-3364474,0.0,0.0,0.0,0.0,10483321.0,20970293.0,32769.0,0.0,0.0,0.0,0.0,0.0,0.0,0.0,0.0,0.0,16508.0,1853111.2
RTX3070-SASS-accel-7a8e345-gpgpu-3364474,0.0,0.0,0.0,0.0,10483321.0,20970293.0,32769.0,0.0,0.0,0.0,0.0,0.0,0.0,0.0,0.0,0.0,16508.0,1853111.2
RTX3070-SASS-accel-d3ba55f-gpgpu-a3c52cf,0.0,0.0,0.0,0.0,10485030.0,20971003.0,32769.0,0.0,0.0,0.0,0.0,0.0,0.0,0.0,0.0,0.0,16508.0,1853253.5
RTX3070-SASS-accel-ec00037-gpgpu-a3c52cf,0.0,0.0,0.0,0.0,10485030.0,20971003.0,32769.0,0.0,0.0,0.0,0.0,0.0,0.0,0.0,0.0,0.0,16508.0,1853253.5
RTX3070-SASS-accel-a619790-gpgpu-a3c52cf,0.0,0.0,0.0,0.0,10485030.0,20971003.0,32769.0,0.0,0.0,0.0,0.0,0.0,0.0,0.0,0.0,0.0,16508.0,1853253.5
RTX3070-SASS-accel-08a6b5b-gpgpu-a3c52cf,0.0,0.0,0.0,0.0,10485030.0,20971003.0,32769.0,0.0,0.0,0.0,0.0,0.0,0.0,0.0,0.0,0.0,16508.0,1853253.5
RTX3070-SASS-accel-f2bcdfa-gpgpu-a3c52cf,0.0,0.0,0.0,0.0,10485030.0,20971003.0,32769.0,0.0,0.0,0.0,0.0,0.0,0.0,0.0,0.0,0.0,16508.0,1853253.5
RTX3070-SASS-accel-d21015b-gpgpu-a3c52cf,0.0,0.0,0.0,0.0,10485030.0,20971003.0,32769.0,0.0,0.0,0.0,0.0,0.0,0.0,0.0,0.0,0.0,16508.0,1853253.5
RTX3070-SASS-accel-b577da3-gpgpu-a3c52cf,0.0,0.0,0.0,0.0,10485030.0,20971003.0,32769.0,0.0,0.0,0.0,0.0,0.0,0.0,0.0,0.0,0.0,16508.0,1853253.5
RTX3070-SASS-accel-186e1bf-gpgpu-a3c52cf,0.0,0.0,0.0,0.0,10485030.0,20971003.0,32769.0,0.0,0.0,0.0,0.0,0.0,0.0,0.0,0.0,0.0,16508.0,1853253.5
RTX3070-SASS-accel-cad11ca-gpgpu-a3c52cf,0.0,0.0,0.0,0.0,10485030.0,20971003.0,32769.0,0.0,0.0,0.0,0.0,0.0,0.0,0.0,0.0,0.0,16508.0,1853253.5
RTX3070-SASS-accel-1f5a2ed-gpgpu-a3c52cf,0.0,0.0,0.0,0.0,10485030.0,20971003.0,32769.0,0.0,0.0,0.0,0.0,0.0,0.0,0.0,0.0,0.0,16508.0,1853253.5
RTX3070-SASS-accel-20e5f99-gpgpu-a3c52cf,0.0,0.0,0.0,0.0,10485030.0,20971003.0,32769.0,0.0,0.0,0.0,0.0,0.0,0.0,0.0,0.0,0.0,16508.0,1853253.5
RTX3070-SASS-accel-fae2d48-gpgpu-a3c52cf,0.0,0.0,0.0,0.0,10485030.0,20971003.0,32769.0,0.0,0.0,0.0,0.0,0.0,0.0,0.0,0.0,0.0,16508.0,1853253.5

----------------------------------------------------------------------------------------------------,,,,,,,,,,,,,,,,,,
\s+L2_cache_stats_breakdown\[GLOBAL_ACC_R\]\[TOTAL_ACCESS\]\s*=\s*(.*),,,,,,,,,,,,,,,,,,
CFG,l1_bw_32f/__tpb_1024___tpsm_1024___blocks_1___ws_32--_Z5l1_bwPmS_PfPKf--0,l1_bw_64f/__tpb_1024___tpsm_1024___blocks_1___ws_32--_Z5l1_bwPmS_PdS0_--0,l1_bw_128/__tpb_1024___tpsm_1024___blocks_1___ws_32--_Z5l1_bwPmS_PfS0_--0,l1_lat/__blocks_1___ws_32--_Z6l1_latPjS_PmS0_--0,l2_bw_32f/__tpb_1024___tpsm_1024___blocks_160___ws_32--_Z5l2_bwPmS_PfS0_j--0,l2_bw_64f/__tpb_1024___tpsm_1024___blocks_160___l2_786432___ws_32--_Z5l2_bwPjS_PdS0_j--0,l2_lat/__tpb_1___tpsm_1___blocks_1___l2_786432___ws_32--_Z10l2_hit_latPjS_PmS0_--0,mem_bw/__tpb_1024___tpsm_1024___blocks_80___l2_1572864___ws_32___memclk_1132___membw_64--_Z6mem_bwPfS_S_S_S_S_PjS0_j--0,mem_lat/__tpb_1024___tpsm_1024___blocks_80___l2_1572864___ws_32___memclk_1132___membw_64--_Z7mem_latPjS_PmS0_j--0,shared_bw/__tpb_1024___tpsm_1024___blocks_1____ws_32--_Z9shared_bwPmS_Pjj--0,shared_lat/__blocks_1____ws_32--_Z10shared_latPjS_Pmj--0,shared_bank_conflicts/1--_Z18transposeCoalescedPfS_ii--0,shared_bank_conflicts/2--_Z24transposeNoBankConflictsPfS_ii--0,MaxIops_int32/__tpb_1024____blocks_1____ws_32--_Z9max_flopsIiEvPjS0_PT_S2_S2_--0,l1_shared_bw/__tpb_1024____blocks_1____ws_32--_Z9shared_bwPjS_S_S_j--0,l1_bw_32f_unroll/__tpb_1024___blocks_1____ws_32--_Z5l1_bwPjS_PfS0_--0,l1_bw_32f_unroll_large/NO_ARGS--_Z5l1_bwPjS_PfS0_--0,AV--VG
RTX3070-SASS-accel-f677b74-gpgpu-deb5eb5,NA,NA,NA,NA,NA,NA,NA,NA,NA,NA,NA,NA,NA,NA,NA,NA,NA,9377497.4
RTX3070-SASS-accel-c366657-gpgpu-deb5eb5,NA,NA,NA,NA,NA,NA,NA,NA,NA,NA,NA,NA,NA,NA,NA,NA,NA,9379901.9
RTX3070-SASS-accel-a72607f-gpgpu-deb5eb5,NA,NA,NA,NA,NA,NA,NA,NA,NA,NA,NA,NA,NA,NA,NA,NA,NA,9379901.9
RTX3070-SASS-accel-4dbd5b1-gpgpu-deb5eb5,NA,NA,NA,NA,NA,NA,NA,NA,NA,NA,NA,NA,NA,NA,NA,NA,NA,9377497.4
RTX3070-SASS-accel-60ad810-gpgpu-deb5eb5,NA,NA,NA,NA,NA,NA,NA,NA,NA,NA,NA,NA,NA,NA,NA,NA,NA,9379780.4
RTX3070-SASS-accel-0ce7699-gpgpu-deb5eb5,NA,NA,NA,NA,NA,NA,NA,NA,NA,NA,NA,NA,NA,NA,NA,NA,NA,1600.2
RTX3070-SASS-accel-6812c12-gpgpu-deb5eb5,NA,NA,NA,NA,NA,NA,NA,NA,NA,NA,NA,NA,NA,NA,NA,NA,NA,9377497.4
RTX3070-SASS-accel-31082a4-gpgpu-1ee03f0,NA,NA,NA,NA,NA,NA,NA,NA,NA,NA,NA,NA,NA,NA,NA,NA,NA,2637264.3
RTX3070-SASS-accel-28e2777-gpgpu-1ee03f0,NA,NA,NA,NA,NA,NA,NA,NA,NA,NA,NA,NA,NA,NA,NA,NA,NA,2637262.9
RTX3070-SASS-accel-10dc9a0-gpgpu-1ee03f0,NA,NA,NA,NA,NA,NA,NA,NA,NA,NA,NA,NA,NA,NA,NA,NA,NA,2637264.3
RTX3070-SASS-accel-9719269-gpgpu-c51350d,NA,NA,NA,NA,NA,NA,NA,NA,NA,NA,NA,NA,NA,NA,NA,NA,NA,2637262.9
RTX3070-SASS-accel-6b6f836-gpgpu-585dcf5,NA,NA,NA,NA,NA,NA,NA,NA,NA,NA,NA,NA,NA,NA,NA,NA,NA,2633984.2
RTX3070-SASS-accel-252e8c4-gpgpu-585dcf5,NA,NA,NA,NA,NA,NA,NA,NA,NA,NA,NA,NA,NA,NA,NA,NA,NA,2633984.2
RTX3070-SASS-accel-a4e0907-gpgpu-6c9e13d,NA,NA,NA,NA,NA,NA,NA,NA,NA,NA,NA,NA,NA,NA,NA,NA,NA,NA
RTX3070-SASS-accel-fea3381-gpgpu-6ad461a,NA,NA,NA,NA,NA,NA,NA,NA,NA,NA,NA,NA,NA,NA,NA,NA,59572.0,2634345.9
RTX3070-SASS-accel-16c3068-gpgpu-6ad461a,NA,NA,NA,NA,NA,NA,NA,NA,NA,NA,NA,NA,NA,NA,NA,NA,55744.0,2634072.4
RTX3070-SASS-accel-8f124d9-gpgpu-99b5997,NA,NA,NA,NA,NA,NA,NA,NA,NA,NA,NA,NA,NA,NA,NA,NA,33020.0,3070849.5
RTX3070-SASS-accel-7a31963-gpgpu-84c4f46,NA,NA,NA,NA,NA,NA,NA,NA,NA,NA,NA,NA,NA,NA,NA,NA,33020.0,3070849.5
RTX3070-SASS-accel-a8c1d6d-gpgpu-84c4f46,NA,NA,NA,NA,NA,NA,NA,NA,NA,NA,NA,NA,NA,NA,NA,NA,33020.0,3070849.5
RTX3070-SASS-accel-000be7f-gpgpu-e466afb,NA,NA,NA,NA,NA,NA,NA,NA,NA,NA,NA,NA,NA,NA,NA,NA,33020.0,3070849.5
RTX3070-SASS-accel-1cb6168-gpgpu-d38b300,NA,NA,NA,NA,NA,NA,NA,NA,NA,NA,NA,NA,NA,NA,NA,NA,33020.0,3070849.5
RTX3070-SASS-accel-a9305c5-gpgpu-d38b300,NA,NA,NA,NA,NA,NA,NA,NA,NA,NA,NA,NA,NA,NA,NA,NA,33020.0,3070849.5
RTX3070-SASS-accel-5b93243-gpgpu-d38b300,NA,NA,NA,NA,NA,NA,NA,NA,NA,NA,NA,NA,NA,NA,NA,NA,33020.0,3070849.5
RTX3070-SASS-accel-5745567-gpgpu-d38b300,NA,NA,NA,NA,NA,NA,NA,NA,NA,NA,NA,NA,NA,NA,NA,NA,33020.0,3070849.5
RTX3070-SASS-accel-8d1cf8e-gpgpu-d38b300,NA,NA,NA,NA,NA,NA,NA,NA,NA,NA,NA,NA,NA,NA,NA,NA,33020.0,3070849.5
RTX3070-SASS-accel-17f819f-gpgpu-d38b300,NA,NA,NA,NA,NA,NA,NA,NA,NA,NA,NA,NA,NA,NA,NA,NA,33020.0,3070849.5
RTX3070-SASS-accel-2f29d2d-gpgpu-1d39b6f,NA,NA,NA,NA,NA,NA,NA,NA,NA,NA,NA,NA,NA,NA,NA,NA,33020.0,3070849.5
RTX3070-SASS-accel-786503a-gpgpu-13c6711,NA,NA,NA,NA,NA,NA,NA,NA,NA,NA,NA,NA,NA,NA,NA,NA,33020.0,3070849.5
RTX3070-SASS-accel-53584fc-gpgpu-13c6711,NA,NA,NA,NA,NA,NA,NA,NA,NA,NA,NA,NA,NA,NA,NA,NA,33020.0,3070849.5
RTX3070-SASS-accel-e02c99d-gpgpu-13c6711,NA,NA,NA,NA,NA,NA,NA,NA,NA,NA,NA,NA,NA,NA,NA,NA,33020.0,3070849.5
RTX3070-SASS-accel-bccdebb-gpgpu-13c6711,NA,NA,NA,NA,NA,NA,NA,NA,NA,NA,NA,NA,NA,NA,NA,NA,33020.0,3070849.5
RTX3070-SASS-accel-0f84efb-gpgpu-74cdacd,NA,NA,NA,NA,NA,NA,NA,NA,NA,NA,NA,NA,NA,NA,NA,NA,33020.0,3684607.8
RTX3070-SASS-accel-7feb41c-gpgpu-74cdacd,NA,NA,NA,NA,NA,NA,NA,NA,NA,NA,NA,NA,NA,NA,NA,NA,33020.0,3070849.5
RTX3070-SASS-accel-8f77aae-gpgpu-948c0e1,NA,NA,NA,NA,NA,NA,NA,NA,NA,NA,NA,NA,NA,NA,NA,NA,33020.0,3070849.5
RTX3070-SASS-accel-8f2c50f-gpgpu-6dd3bfc,NA,NA,NA,NA,NA,NA,NA,NA,NA,NA,NA,NA,NA,NA,NA,NA,33020.0,3070849.5
RTX3070-SASS-accel-2f19b3d-gpgpu-e033c1f,NA,NA,NA,NA,NA,NA,NA,NA,NA,NA,NA,NA,NA,NA,NA,NA,33020.0,3070849.5
RTX3070-SASS-accel-17e94d7-gpgpu-e033c1f,NA,NA,NA,NA,NA,NA,NA,NA,NA,NA,NA,NA,NA,NA,NA,NA,33020.0,3070849.5
RTX3070-SASS-accel-dc0bece-gpgpu-e033c1f,NA,NA,NA,NA,NA,NA,NA,NA,NA,NA,NA,NA,NA,NA,NA,NA,33020.0,3070849.5
RTX3070-SASS-accel-21f6fea-gpgpu-e033c1f,NA,NA,NA,NA,NA,NA,NA,NA,NA,NA,NA,NA,NA,NA,NA,NA,33020.0,3070849.5
RTX3070-SASS-accel-a88075e-gpgpu-e033c1f,NA,NA,NA,NA,NA,NA,NA,NA,NA,NA,NA,NA,NA,NA,NA,NA,33020.0,3070849.5
RTX3070-SASS-accel-470e82b-gpgpu-73db3f7,NA,NA,NA,NA,NA,NA,NA,NA,NA,NA,NA,NA,NA,NA,NA,NA,33020.0,3070849.5
RTX3070-SASS-accel-a6c1a7a-gpgpu-66ae881,NA,NA,NA,NA,NA,NA,NA,NA,NA,NA,NA,NA,NA,NA,NA,NA,33020.0,3070849.5
RTX3070-SASS-accel-572f6fd-gpgpu-301be9e,NA,NA,NA,NA,NA,NA,NA,NA,NA,NA,NA,NA,NA,NA,NA,NA,33020.0,3070849.5
RTX3070-SASS-accel-92027de-gpgpu-58beccb,NA,NA,NA,NA,NA,NA,NA,NA,NA,NA,NA,NA,NA,NA,NA,NA,33020.0,3070849.5
RTX3070-SASS-accel-0c80a10-gpgpu-58beccb,NA,NA,NA,NA,NA,NA,NA,NA,NA,NA,NA,NA,NA,NA,NA,NA,33020.0,3070849.5
RTX3070-SASS-accel-53da2df-gpgpu-a0c12f5,NA,NA,NA,NA,NA,NA,NA,NA,NA,NA,NA,NA,NA,NA,NA,NA,33020.0,3070849.5
RTX3070-SASS-accel-86f4430-gpgpu-a0c12f5,NA,NA,NA,NA,NA,NA,NA,NA,NA,NA,NA,NA,NA,NA,NA,NA,33020.0,3070849.5
RTX3070-SASS-accel-c1a12bc-gpgpu-9aeacdf,NA,NA,NA,NA,NA,NA,NA,NA,NA,NA,NA,NA,NA,NA,NA,NA,33020.0,3070849.5
RTX3070-SASS-accel-a1ca547-gpgpu-9aeacdf,NA,NA,NA,NA,NA,NA,NA,NA,NA,NA,NA,NA,NA,NA,NA,NA,33020.0,3070849.5
RTX3070-SASS-accel-a1ca547-gpgpu-67fc78c,NA,NA,NA,NA,NA,NA,NA,NA,NA,NA,NA,NA,NA,NA,NA,NA,33020.0,3070849.5
RTX3070-SASS-accel-_modifi-gpgpu-67fc78c,NA,NA,NA,NA,NA,NA,NA,NA,NA,NA,NA,NA,NA,NA,NA,NA,33020.0,3070849.5
RTX3070-SASS-accel-c5fa0e8-gpgpu-bc268aa,NA,NA,NA,NA,NA,NA,NA,NA,NA,NA,NA,32768.0,32768.0,NA,NA,NA,33020.0,2636837.9
RTX3070-SASS-accel-43a51f3-gpgpu-7d3ad23,NA,NA,NA,NA,NA,NA,NA,NA,NA,NA,NA,32768.0,32768.0,NA,NA,NA,33020.0,2636837.9
RTX3070-SASS-accel-4ac0e40-gpgpu-7d3ad23,NA,NA,NA,NA,NA,NA,NA,NA,NA,NA,NA,32768.0,32768.0,NA,NA,NA,33020.0,2636837.9
RTX3070-SASS-accel-efa370c-gpgpu-6b22d66,NA,NA,NA,NA,NA,NA,NA,NA,NA,NA,NA,32768.0,32768.0,NA,NA,NA,33020.0,2636837.9
RTX3070-SASS-accel-66ed9f2-gpgpu-6b22d66,NA,NA,NA,NA,NA,NA,NA,NA,NA,NA,NA,32768.0,32768.0,NA,NA,NA,33020.0,2636837.9
RTX3070-SASS-accel-b1c61bc-gpgpu-6b22d66,NA,NA,NA,NA,NA,NA,NA,NA,NA,NA,NA,32768.0,32768.0,NA,NA,NA,33020.0,2636837.9
RTX3070-SASS-accel-b3d9838-gpgpu-22159f1,NA,NA,NA,NA,NA,NA,NA,NA,NA,NA,NA,32768.0,32768.0,NA,NA,NA,33020.0,2636837.9
RTX3070-SASS-accel-3ff1be8-gpgpu-67d8a3b,NA,NA,NA,NA,NA,NA,NA,NA,NA,NA,NA,32768.0,32768.0,NA,NA,NA,33020.0,2636837.9
RTX3070-SASS-accel-3ff1be8-gpgpu-9d88a1c,NA,NA,NA,NA,NA,NA,NA,NA,NA,NA,NA,32768.0,32768.0,NA,NA,NA,33020.0,2636837.9
RTX3070-SASS-accel-879dc35-gpgpu-3364474,2060.0,2056.0,2048.0,NA,10508288.0,21016576.0,32769.0,5242880.0,7936.0,NA,NA,32768.0,32768.0,NA,257.0,2048.0,33020.0,2636837.9
RTX3070-SASS-accel-e7b698e-gpgpu-3364474,2060.0,2056.0,2048.0,NA,10508288.0,21016576.0,32769.0,5242880.0,7936.0,NA,NA,32768.0,32768.0,NA,257.0,2048.0,33020.0,2636837.9
RTX3070-SASS-accel-1688c9d-gpgpu-3364474,2060.0,2056.0,2048.0,NA,10508288.0,21016576.0,32769.0,5242880.0,7936.0,NA,NA,32768.0,32768.0,NA,257.0,2048.0,33020.0,2636837.9
RTX3070-SASS-accel-a634fe0-gpgpu-3364474,2060.0,2056.0,2048.0,NA,10508288.0,21016576.0,32769.0,5242880.0,7936.0,NA,NA,32768.0,32768.0,256.0,257.0,2048.0,33020.0,2636837.9
RTX3070-SASS-accel-7a8e345-gpgpu-3364474,2060.0,2056.0,2048.0,NA,10508288.0,21016576.0,32769.0,5242880.0,7936.0,NA,NA,32768.0,32768.0,256.0,257.0,2048.0,33020.0,2636837.9
RTX3070-SASS-accel-d3ba55f-gpgpu-a3c52cf,2060.0,2056.0,2048.0,NA,10508288.0,21016576.0,32769.0,5242880.0,7936.0,NA,NA,32768.0,32768.0,256.0,257.0,2048.0,33020.0,2636837.9
RTX3070-SASS-accel-ec00037-gpgpu-a3c52cf,2060.0,2056.0,2048.0,NA,10508288.0,21016576.0,32769.0,5242880.0,7936.0,NA,NA,32768.0,32768.0,256.0,257.0,2048.0,33020.0,2636837.9
RTX3070-SASS-accel-a619790-gpgpu-a3c52cf,2060.0,2056.0,2048.0,NA,10508288.0,21016576.0,32769.0,5242880.0,7936.0,NA,NA,32768.0,32768.0,256.0,257.0,2048.0,33020.0,2636837.9
RTX3070-SASS-accel-08a6b5b-gpgpu-a3c52cf,2060.0,2056.0,2048.0,NA,10508288.0,21016576.0,32769.0,5242880.0,7936.0,NA,NA,32768.0,32768.0,256.0,257.0,2048.0,33020.0,2636837.9
RTX3070-SASS-accel-f2bcdfa-gpgpu-a3c52cf,2060.0,2056.0,2048.0,NA,10508288.0,21016576.0,32769.0,5242880.0,7936.0,NA,NA,32768.0,32768.0,256.0,257.0,2048.0,33020.0,2636837.9
RTX3070-SASS-accel-d21015b-gpgpu-a3c52cf,2060.0,2056.0,2048.0,NA,10508288.0,21016576.0,32769.0,5242880.0,7936.0,NA,NA,32768.0,32768.0,256.0,257.0,2048.0,33020.0,2636837.9
RTX3070-SASS-accel-b577da3-gpgpu-a3c52cf,2060.0,2056.0,2048.0,NA,10508288.0,21016576.0,32769.0,5242880.0,7936.0,NA,NA,32768.0,32768.0,256.0,257.0,2048.0,33020.0,2636837.9
RTX3070-SASS-accel-186e1bf-gpgpu-a3c52cf,2060.0,2056.0,2048.0,NA,10508288.0,21016576.0,32769.0,5242880.0,7936.0,NA,NA,32768.0,32768.0,256.0,257.0,2048.0,33020.0,2636837.9
RTX3070-SASS-accel-cad11ca-gpgpu-a3c52cf,2060.0,2056.0,2048.0,NA,10508288.0,21016576.0,32769.0,5242880.0,7936.0,NA,NA,32768.0,32768.0,256.0,257.0,2048.0,33020.0,2636837.9
RTX3070-SASS-accel-1f5a2ed-gpgpu-a3c52cf,2060.0,2056.0,2048.0,NA,10508288.0,21016576.0,32769.0,5242880.0,7936.0,NA,NA,32768.0,32768.0,256.0,257.0,2048.0,33020.0,2636837.9
RTX3070-SASS-accel-20e5f99-gpgpu-a3c52cf,2060.0,2056.0,2048.0,NA,10508288.0,21016576.0,32769.0,5242880.0,7936.0,NA,NA,32768.0,32768.0,256.0,257.0,2048.0,33020.0,2636837.9
RTX3070-SASS-accel-fae2d48-gpgpu-a3c52cf,2060.0,2056.0,2048.0,NA,10508288.0,21016576.0,32769.0,5242880.0,7936.0,NA,NA,32768.0,32768.0,256.0,257.0,2048.0,33020.0,2636837.9

----------------------------------------------------------------------------------------------------,,,,,,,,,,,,,,,,,,
\s+L2_cache_stats_breakdown\[GLOBAL_ACC_W\]\[HIT\]\s*=\s*(.*),,,,,,,,,,,,,,,,,,
CFG,l1_bw_32f/__tpb_1024___tpsm_1024___blocks_1___ws_32--_Z5l1_bwPmS_PfPKf--0,l1_bw_64f/__tpb_1024___tpsm_1024___blocks_1___ws_32--_Z5l1_bwPmS_PdS0_--0,l1_bw_128/__tpb_1024___tpsm_1024___blocks_1___ws_32--_Z5l1_bwPmS_PfS0_--0,l1_lat/__blocks_1___ws_32--_Z6l1_latPjS_PmS0_--0,l2_bw_32f/__tpb_1024___tpsm_1024___blocks_160___ws_32--_Z5l2_bwPmS_PfS0_j--0,l2_bw_64f/__tpb_1024___tpsm_1024___blocks_160___l2_786432___ws_32--_Z5l2_bwPjS_PdS0_j--0,l2_lat/__tpb_1___tpsm_1___blocks_1___l2_786432___ws_32--_Z10l2_hit_latPjS_PmS0_--0,mem_bw/__tpb_1024___tpsm_1024___blocks_80___l2_1572864___ws_32___memclk_1132___membw_64--_Z6mem_bwPfS_S_S_S_S_PjS0_j--0,mem_lat/__tpb_1024___tpsm_1024___blocks_80___l2_1572864___ws_32___memclk_1132___membw_64--_Z7mem_latPjS_PmS0_j--0,shared_bw/__tpb_1024___tpsm_1024___blocks_1____ws_32--_Z9shared_bwPmS_Pjj--0,shared_lat/__blocks_1____ws_32--_Z10shared_latPjS_Pmj--0,shared_bank_conflicts/1--_Z18transposeCoalescedPfS_ii--0,shared_bank_conflicts/2--_Z24transposeNoBankConflictsPfS_ii--0,MaxIops_int32/__tpb_1024____blocks_1____ws_32--_Z9max_flopsIiEvPjS0_PT_S2_S2_--0,l1_shared_bw/__tpb_1024____blocks_1____ws_32--_Z9shared_bwPjS_S_S_j--0,l1_bw_32f_unroll/__tpb_1024___blocks_1____ws_32--_Z5l1_bwPjS_PfS0_--0,l1_bw_32f_unroll_large/NO_ARGS--_Z5l1_bwPjS_PfS0_--0,AV--VG
RTX3070-SASS-accel-f677b74-gpgpu-deb5eb5,NA,NA,NA,NA,NA,NA,NA,NA,NA,NA,NA,NA,NA,NA,NA,NA,NA,1.2
RTX3070-SASS-accel-c366657-gpgpu-deb5eb5,NA,NA,NA,NA,NA,NA,NA,NA,NA,NA,NA,NA,NA,NA,NA,NA,NA,1.2
RTX3070-SASS-accel-a72607f-gpgpu-deb5eb5,NA,NA,NA,NA,NA,NA,NA,NA,NA,NA,NA,NA,NA,NA,NA,NA,NA,1.2
RTX3070-SASS-accel-4dbd5b1-gpgpu-deb5eb5,NA,NA,NA,NA,NA,NA,NA,NA,NA,NA,NA,NA,NA,NA,NA,NA,NA,1.2
RTX3070-SASS-accel-60ad810-gpgpu-deb5eb5,NA,NA,NA,NA,NA,NA,NA,NA,NA,NA,NA,NA,NA,NA,NA,NA,NA,1.2
RTX3070-SASS-accel-0ce7699-gpgpu-deb5eb5,NA,NA,NA,NA,NA,NA,NA,NA,NA,NA,NA,NA,NA,NA,NA,NA,NA,0.0
RTX3070-SASS-accel-6812c12-gpgpu-deb5eb5,NA,NA,NA,NA,NA,NA,NA,NA,NA,NA,NA,NA,NA,NA,NA,NA,NA,1.2
RTX3070-SASS-accel-31082a4-gpgpu-1ee03f0,NA,NA,NA,NA,NA,NA,NA,NA,NA,NA,NA,NA,NA,NA,NA,NA,NA,1.2
RTX3070-SASS-accel-28e2777-gpgpu-1ee03f0,NA,NA,NA,NA,NA,NA,NA,NA,NA,NA,NA,NA,NA,NA,NA,NA,NA,1.2
RTX3070-SASS-accel-10dc9a0-gpgpu-1ee03f0,NA,NA,NA,NA,NA,NA,NA,NA,NA,NA,NA,NA,NA,NA,NA,NA,NA,1.2
RTX3070-SASS-accel-9719269-gpgpu-c51350d,NA,NA,NA,NA,NA,NA,NA,NA,NA,NA,NA,NA,NA,NA,NA,NA,NA,1.2
RTX3070-SASS-accel-6b6f836-gpgpu-585dcf5,NA,NA,NA,NA,NA,NA,NA,NA,NA,NA,NA,NA,NA,NA,NA,NA,NA,1.2
RTX3070-SASS-accel-252e8c4-gpgpu-585dcf5,NA,NA,NA,NA,NA,NA,NA,NA,NA,NA,NA,NA,NA,NA,NA,NA,NA,1.2
RTX3070-SASS-accel-a4e0907-gpgpu-6c9e13d,NA,NA,NA,NA,NA,NA,NA,NA,NA,NA,NA,NA,NA,NA,NA,NA,NA,NA
RTX3070-SASS-accel-fea3381-gpgpu-6ad461a,NA,NA,NA,NA,NA,NA,NA,NA,NA,NA,NA,NA,NA,NA,NA,NA,0.0,961.2
RTX3070-SASS-accel-16c3068-gpgpu-6ad461a,NA,NA,NA,NA,NA,NA,NA,NA,NA,NA,NA,NA,NA,NA,NA,NA,0.0,961.2
RTX3070-SASS-accel-8f124d9-gpgpu-99b5997,NA,NA,NA,NA,NA,NA,NA,NA,NA,NA,NA,NA,NA,NA,NA,NA,0.0,961.2
RTX3070-SASS-accel-7a31963-gpgpu-84c4f46,NA,NA,NA,NA,NA,NA,NA,NA,NA,NA,NA,NA,NA,NA,NA,NA,0.0,961.2
RTX3070-SASS-accel-a8c1d6d-gpgpu-84c4f46,NA,NA,NA,NA,NA,NA,NA,NA,NA,NA,NA,NA,NA,NA,NA,NA,0.0,961.2
RTX3070-SASS-accel-000be7f-gpgpu-e466afb,NA,NA,NA,NA,NA,NA,NA,NA,NA,NA,NA,NA,NA,NA,NA,NA,0.0,961.2
RTX3070-SASS-accel-1cb6168-gpgpu-d38b300,NA,NA,NA,NA,NA,NA,NA,NA,NA,NA,NA,NA,NA,NA,NA,NA,0.0,961.2
RTX3070-SASS-accel-a9305c5-gpgpu-d38b300,NA,NA,NA,NA,NA,NA,NA,NA,NA,NA,NA,NA,NA,NA,NA,NA,0.0,961.2
RTX3070-SASS-accel-5b93243-gpgpu-d38b300,NA,NA,NA,NA,NA,NA,NA,NA,NA,NA,NA,NA,NA,NA,NA,NA,0.0,961.2
RTX3070-SASS-accel-5745567-gpgpu-d38b300,NA,NA,NA,NA,NA,NA,NA,NA,NA,NA,NA,NA,NA,NA,NA,NA,0.0,961.2
RTX3070-SASS-accel-8d1cf8e-gpgpu-d38b300,NA,NA,NA,NA,NA,NA,NA,NA,NA,NA,NA,NA,NA,NA,NA,NA,0.0,961.2
RTX3070-SASS-accel-17f819f-gpgpu-d38b300,NA,NA,NA,NA,NA,NA,NA,NA,NA,NA,NA,NA,NA,NA,NA,NA,0.0,961.2
RTX3070-SASS-accel-2f29d2d-gpgpu-1d39b6f,NA,NA,NA,NA,NA,NA,NA,NA,NA,NA,NA,NA,NA,NA,NA,NA,0.0,961.2
RTX3070-SASS-accel-786503a-gpgpu-13c6711,NA,NA,NA,NA,NA,NA,NA,NA,NA,NA,NA,NA,NA,NA,NA,NA,0.0,961.2
RTX3070-SASS-accel-53584fc-gpgpu-13c6711,NA,NA,NA,NA,NA,NA,NA,NA,NA,NA,NA,NA,NA,NA,NA,NA,0.0,961.2
RTX3070-SASS-accel-e02c99d-gpgpu-13c6711,NA,NA,NA,NA,NA,NA,NA,NA,NA,NA,NA,NA,NA,NA,NA,NA,0.0,961.2
RTX3070-SASS-accel-bccdebb-gpgpu-13c6711,NA,NA,NA,NA,NA,NA,NA,NA,NA,NA,NA,NA,NA,NA,NA,NA,0.0,961.2
RTX3070-SASS-accel-0f84efb-gpgpu-74cdacd,NA,NA,NA,NA,NA,NA,NA,NA,NA,NA,NA,NA,NA,NA,NA,NA,0.0,1097.1
RTX3070-SASS-accel-7feb41c-gpgpu-74cdacd,NA,NA,NA,NA,NA,NA,NA,NA,NA,NA,NA,NA,NA,NA,NA,NA,0.0,961.2
RTX3070-SASS-accel-8f77aae-gpgpu-948c0e1,NA,NA,NA,NA,NA,NA,NA,NA,NA,NA,NA,NA,NA,NA,NA,NA,0.0,961.2
RTX3070-SASS-accel-8f2c50f-gpgpu-6dd3bfc,NA,NA,NA,NA,NA,NA,NA,NA,NA,NA,NA,NA,NA,NA,NA,NA,0.0,961.2
RTX3070-SASS-accel-2f19b3d-gpgpu-e033c1f,NA,NA,NA,NA,NA,NA,NA,NA,NA,NA,NA,NA,NA,NA,NA,NA,0.0,961.2
RTX3070-SASS-accel-17e94d7-gpgpu-e033c1f,NA,NA,NA,NA,NA,NA,NA,NA,NA,NA,NA,NA,NA,NA,NA,NA,0.0,961.2
RTX3070-SASS-accel-dc0bece-gpgpu-e033c1f,NA,NA,NA,NA,NA,NA,NA,NA,NA,NA,NA,NA,NA,NA,NA,NA,0.0,961.2
RTX3070-SASS-accel-21f6fea-gpgpu-e033c1f,NA,NA,NA,NA,NA,NA,NA,NA,NA,NA,NA,NA,NA,NA,NA,NA,0.0,961.2
RTX3070-SASS-accel-a88075e-gpgpu-e033c1f,NA,NA,NA,NA,NA,NA,NA,NA,NA,NA,NA,NA,NA,NA,NA,NA,0.0,961.2
RTX3070-SASS-accel-470e82b-gpgpu-73db3f7,NA,NA,NA,NA,NA,NA,NA,NA,NA,NA,NA,NA,NA,NA,NA,NA,0.0,961.2
RTX3070-SASS-accel-a6c1a7a-gpgpu-66ae881,NA,NA,NA,NA,NA,NA,NA,NA,NA,NA,NA,NA,NA,NA,NA,NA,0.0,961.2
RTX3070-SASS-accel-572f6fd-gpgpu-301be9e,NA,NA,NA,NA,NA,NA,NA,NA,NA,NA,NA,NA,NA,NA,NA,NA,0.0,961.2
RTX3070-SASS-accel-92027de-gpgpu-58beccb,NA,NA,NA,NA,NA,NA,NA,NA,NA,NA,NA,NA,NA,NA,NA,NA,0.0,961.2
RTX3070-SASS-accel-0c80a10-gpgpu-58beccb,NA,NA,NA,NA,NA,NA,NA,NA,NA,NA,NA,NA,NA,NA,NA,NA,0.0,961.2
RTX3070-SASS-accel-53da2df-gpgpu-a0c12f5,NA,NA,NA,NA,NA,NA,NA,NA,NA,NA,NA,NA,NA,NA,NA,NA,0.0,961.2
RTX3070-SASS-accel-86f4430-gpgpu-a0c12f5,NA,NA,NA,NA,NA,NA,NA,NA,NA,NA,NA,NA,NA,NA,NA,NA,0.0,961.2
RTX3070-SASS-accel-c1a12bc-gpgpu-9aeacdf,NA,NA,NA,NA,NA,NA,NA,NA,NA,NA,NA,NA,NA,NA,NA,NA,0.0,961.2
RTX3070-SASS-accel-a1ca547-gpgpu-9aeacdf,NA,NA,NA,NA,NA,NA,NA,NA,NA,NA,NA,NA,NA,NA,NA,NA,0.0,961.2
RTX3070-SASS-accel-a1ca547-gpgpu-67fc78c,NA,NA,NA,NA,NA,NA,NA,NA,NA,NA,NA,NA,NA,NA,NA,NA,0.0,961.2
RTX3070-SASS-accel-_modifi-gpgpu-67fc78c,NA,NA,NA,NA,NA,NA,NA,NA,NA,NA,NA,NA,NA,NA,NA,NA,0.0,961.2
RTX3070-SASS-accel-c5fa0e8-gpgpu-bc268aa,NA,NA,NA,NA,NA,NA,NA,NA,NA,NA,NA,0.0,0.0,NA,NA,NA,0.0,854.4
RTX3070-SASS-accel-43a51f3-gpgpu-7d3ad23,NA,NA,NA,NA,NA,NA,NA,NA,NA,NA,NA,0.0,0.0,NA,NA,NA,0.0,854.4
RTX3070-SASS-accel-4ac0e40-gpgpu-7d3ad23,NA,NA,NA,NA,NA,NA,NA,NA,NA,NA,NA,0.0,0.0,NA,NA,NA,0.0,854.4
RTX3070-SASS-accel-efa370c-gpgpu-6b22d66,NA,NA,NA,NA,NA,NA,NA,NA,NA,NA,NA,0.0,0.0,NA,NA,NA,0.0,854.4
RTX3070-SASS-accel-66ed9f2-gpgpu-6b22d66,NA,NA,NA,NA,NA,NA,NA,NA,NA,NA,NA,0.0,0.0,NA,NA,NA,0.0,854.4
RTX3070-SASS-accel-b1c61bc-gpgpu-6b22d66,NA,NA,NA,NA,NA,NA,NA,NA,NA,NA,NA,0.0,0.0,NA,NA,NA,0.0,854.4
RTX3070-SASS-accel-b3d9838-gpgpu-22159f1,NA,NA,NA,NA,NA,NA,NA,NA,NA,NA,NA,0.0,0.0,NA,NA,NA,0.0,854.4
RTX3070-SASS-accel-3ff1be8-gpgpu-67d8a3b,NA,NA,NA,NA,NA,NA,NA,NA,NA,NA,NA,0.0,0.0,NA,NA,NA,0.0,854.4
RTX3070-SASS-accel-3ff1be8-gpgpu-9d88a1c,NA,NA,NA,NA,NA,NA,NA,NA,NA,NA,NA,0.0,0.0,NA,NA,NA,0.0,854.4
RTX3070-SASS-accel-879dc35-gpgpu-3364474,12.0,8.0,0.0,6144.0,0.0,0.0,3072.0,0.0,0.0,0.0,0.0,0.0,0.0,NA,0.0,0.0,0.0,543.3
RTX3070-SASS-accel-e7b698e-gpgpu-3364474,12.0,8.0,0.0,6144.0,0.0,0.0,3072.0,0.0,0.0,0.0,0.0,0.0,0.0,NA,0.0,0.0,0.0,543.3
RTX3070-SASS-accel-1688c9d-gpgpu-3364474,12.0,8.0,0.0,6144.0,0.0,0.0,3072.0,0.0,0.0,0.0,0.0,0.0,0.0,NA,0.0,0.0,0.0,543.3
RTX3070-SASS-accel-a634fe0-gpgpu-3364474,12.0,8.0,0.0,6144.0,0.0,0.0,3072.0,0.0,0.0,0.0,0.0,0.0,0.0,0.0,0.0,0.0,0.0,543.3
RTX3070-SASS-accel-7a8e345-gpgpu-3364474,12.0,8.0,0.0,6144.0,0.0,0.0,3072.0,0.0,0.0,0.0,0.0,0.0,0.0,0.0,0.0,0.0,0.0,543.3
RTX3070-SASS-accel-d3ba55f-gpgpu-a3c52cf,12.0,8.0,0.0,6144.0,0.0,0.0,3072.0,0.0,0.0,0.0,0.0,0.0,0.0,0.0,0.0,0.0,0.0,543.3
RTX3070-SASS-accel-ec00037-gpgpu-a3c52cf,12.0,8.0,0.0,6144.0,0.0,0.0,3072.0,0.0,0.0,0.0,0.0,0.0,0.0,0.0,0.0,0.0,0.0,543.3
RTX3070-SASS-accel-a619790-gpgpu-a3c52cf,12.0,8.0,0.0,6144.0,0.0,0.0,3072.0,0.0,0.0,0.0,0.0,0.0,0.0,0.0,0.0,0.0,0.0,543.3
RTX3070-SASS-accel-08a6b5b-gpgpu-a3c52cf,12.0,8.0,0.0,6144.0,0.0,0.0,3072.0,0.0,0.0,0.0,0.0,0.0,0.0,0.0,0.0,0.0,0.0,543.3
RTX3070-SASS-accel-f2bcdfa-gpgpu-a3c52cf,12.0,8.0,0.0,6144.0,0.0,0.0,3072.0,0.0,0.0,0.0,0.0,0.0,0.0,0.0,0.0,0.0,0.0,543.3
RTX3070-SASS-accel-d21015b-gpgpu-a3c52cf,12.0,8.0,0.0,6144.0,0.0,0.0,3072.0,0.0,0.0,0.0,0.0,0.0,0.0,0.0,0.0,0.0,0.0,543.3
RTX3070-SASS-accel-b577da3-gpgpu-a3c52cf,12.0,8.0,0.0,6144.0,0.0,0.0,3072.0,0.0,0.0,0.0,0.0,0.0,0.0,0.0,0.0,0.0,0.0,543.3
RTX3070-SASS-accel-186e1bf-gpgpu-a3c52cf,12.0,8.0,0.0,6144.0,0.0,0.0,3072.0,0.0,0.0,0.0,0.0,0.0,0.0,0.0,0.0,0.0,0.0,543.3
RTX3070-SASS-accel-cad11ca-gpgpu-a3c52cf,12.0,8.0,0.0,6144.0,0.0,0.0,3072.0,0.0,0.0,0.0,0.0,0.0,0.0,0.0,0.0,0.0,0.0,543.3
RTX3070-SASS-accel-1f5a2ed-gpgpu-a3c52cf,12.0,8.0,0.0,6144.0,0.0,0.0,3072.0,0.0,0.0,0.0,0.0,0.0,0.0,0.0,0.0,0.0,0.0,543.3
RTX3070-SASS-accel-20e5f99-gpgpu-a3c52cf,12.0,8.0,0.0,6144.0,0.0,0.0,3072.0,0.0,0.0,0.0,0.0,0.0,0.0,0.0,0.0,0.0,0.0,543.3
RTX3070-SASS-accel-fae2d48-gpgpu-a3c52cf,12.0,8.0,0.0,6144.0,0.0,0.0,3072.0,0.0,0.0,0.0,0.0,0.0,0.0,0.0,0.0,0.0,0.0,543.3

----------------------------------------------------------------------------------------------------,,,,,,,,,,,,,,,,,,
\s+L2_cache_stats_breakdown\[GLOBAL_ACC_W\]\[TOTAL_ACCESS\]\s*=\s*(.*),,,,,,,,,,,,,,,,,,
CFG,l1_bw_32f/__tpb_1024___tpsm_1024___blocks_1___ws_32--_Z5l1_bwPmS_PfPKf--0,l1_bw_64f/__tpb_1024___tpsm_1024___blocks_1___ws_32--_Z5l1_bwPmS_PdS0_--0,l1_bw_128/__tpb_1024___tpsm_1024___blocks_1___ws_32--_Z5l1_bwPmS_PfS0_--0,l1_lat/__blocks_1___ws_32--_Z6l1_latPjS_PmS0_--0,l2_bw_32f/__tpb_1024___tpsm_1024___blocks_160___ws_32--_Z5l2_bwPmS_PfS0_j--0,l2_bw_64f/__tpb_1024___tpsm_1024___blocks_160___l2_786432___ws_32--_Z5l2_bwPjS_PdS0_j--0,l2_lat/__tpb_1___tpsm_1___blocks_1___l2_786432___ws_32--_Z10l2_hit_latPjS_PmS0_--0,mem_bw/__tpb_1024___tpsm_1024___blocks_80___l2_1572864___ws_32___memclk_1132___membw_64--_Z6mem_bwPfS_S_S_S_S_PjS0_j--0,mem_lat/__tpb_1024___tpsm_1024___blocks_80___l2_1572864___ws_32___memclk_1132___membw_64--_Z7mem_latPjS_PmS0_j--0,shared_bw/__tpb_1024___tpsm_1024___blocks_1____ws_32--_Z9shared_bwPmS_Pjj--0,shared_lat/__blocks_1____ws_32--_Z10shared_latPjS_Pmj--0,shared_bank_conflicts/1--_Z18transposeCoalescedPfS_ii--0,shared_bank_conflicts/2--_Z24transposeNoBankConflictsPfS_ii--0,MaxIops_int32/__tpb_1024____blocks_1____ws_32--_Z9max_flopsIiEvPjS0_PT_S2_S2_--0,l1_shared_bw/__tpb_1024____blocks_1____ws_32--_Z9shared_bwPjS_S_S_j--0,l1_bw_32f_unroll/__tpb_1024___blocks_1____ws_32--_Z5l1_bwPjS_PfS0_--0,l1_bw_32f_unroll_large/NO_ARGS--_Z5l1_bwPjS_PfS0_--0,AV--VG
RTX3070-SASS-accel-f677b74-gpgpu-deb5eb5,NA,NA,NA,NA,NA,NA,NA,NA,NA,NA,NA,NA,NA,NA,NA,NA,NA,92873.3
RTX3070-SASS-accel-c366657-gpgpu-deb5eb5,NA,NA,NA,NA,NA,NA,NA,NA,NA,NA,NA,NA,NA,NA,NA,NA,NA,92873.3
RTX3070-SASS-accel-a72607f-gpgpu-deb5eb5,NA,NA,NA,NA,NA,NA,NA,NA,NA,NA,NA,NA,NA,NA,NA,NA,NA,92873.3
RTX3070-SASS-accel-4dbd5b1-gpgpu-deb5eb5,NA,NA,NA,NA,NA,NA,NA,NA,NA,NA,NA,NA,NA,NA,NA,NA,NA,92873.3
RTX3070-SASS-accel-60ad810-gpgpu-deb5eb5,NA,NA,NA,NA,NA,NA,NA,NA,NA,NA,NA,NA,NA,NA,NA,NA,NA,92873.3
RTX3070-SASS-accel-0ce7699-gpgpu-deb5eb5,NA,NA,NA,NA,NA,NA,NA,NA,NA,NA,NA,NA,NA,NA,NA,NA,NA,4291.0
RTX3070-SASS-accel-6812c12-gpgpu-deb5eb5,NA,NA,NA,NA,NA,NA,NA,NA,NA,NA,NA,NA,NA,NA,NA,NA,NA,92873.3
RTX3070-SASS-accel-31082a4-gpgpu-1ee03f0,NA,NA,NA,NA,NA,NA,NA,NA,NA,NA,NA,NA,NA,NA,NA,NA,NA,92873.3
RTX3070-SASS-accel-28e2777-gpgpu-1ee03f0,NA,NA,NA,NA,NA,NA,NA,NA,NA,NA,NA,NA,NA,NA,NA,NA,NA,92873.3
RTX3070-SASS-accel-10dc9a0-gpgpu-1ee03f0,NA,NA,NA,NA,NA,NA,NA,NA,NA,NA,NA,NA,NA,NA,NA,NA,NA,92873.3
RTX3070-SASS-accel-9719269-gpgpu-c51350d,NA,NA,NA,NA,NA,NA,NA,NA,NA,NA,NA,NA,NA,NA,NA,NA,NA,92873.3
RTX3070-SASS-accel-6b6f836-gpgpu-585dcf5,NA,NA,NA,NA,NA,NA,NA,NA,NA,NA,NA,NA,NA,NA,NA,NA,NA,92873.3
RTX3070-SASS-accel-252e8c4-gpgpu-585dcf5,NA,NA,NA,NA,NA,NA,NA,NA,NA,NA,NA,NA,NA,NA,NA,NA,NA,92873.3
RTX3070-SASS-accel-a4e0907-gpgpu-6c9e13d,NA,NA,NA,NA,NA,NA,NA,NA,NA,NA,NA,NA,NA,NA,NA,NA,NA,NA
RTX3070-SASS-accel-fea3381-gpgpu-6ad461a,NA,NA,NA,NA,NA,NA,NA,NA,NA,NA,NA,NA,NA,NA,NA,NA,384.0,92873.3
RTX3070-SASS-accel-16c3068-gpgpu-6ad461a,NA,NA,NA,NA,NA,NA,NA,NA,NA,NA,NA,NA,NA,NA,NA,NA,384.0,92873.3
RTX3070-SASS-accel-8f124d9-gpgpu-99b5997,NA,NA,NA,NA,NA,NA,NA,NA,NA,NA,NA,NA,NA,NA,NA,NA,384.0,92873.3
RTX3070-SASS-accel-7a31963-gpgpu-84c4f46,NA,NA,NA,NA,NA,NA,NA,NA,NA,NA,NA,NA,NA,NA,NA,NA,384.0,92873.3
RTX3070-SASS-accel-a8c1d6d-gpgpu-84c4f46,NA,NA,NA,NA,NA,NA,NA,NA,NA,NA,NA,NA,NA,NA,NA,NA,384.0,92873.3
RTX3070-SASS-accel-000be7f-gpgpu-e466afb,NA,NA,NA,NA,NA,NA,NA,NA,NA,NA,NA,NA,NA,NA,NA,NA,384.0,92873.3
RTX3070-SASS-accel-1cb6168-gpgpu-d38b300,NA,NA,NA,NA,NA,NA,NA,NA,NA,NA,NA,NA,NA,NA,NA,NA,384.0,92873.3
RTX3070-SASS-accel-a9305c5-gpgpu-d38b300,NA,NA,NA,NA,NA,NA,NA,NA,NA,NA,NA,NA,NA,NA,NA,NA,384.0,92873.3
RTX3070-SASS-accel-5b93243-gpgpu-d38b300,NA,NA,NA,NA,NA,NA,NA,NA,NA,NA,NA,NA,NA,NA,NA,NA,384.0,92873.3
RTX3070-SASS-accel-5745567-gpgpu-d38b300,NA,NA,NA,NA,NA,NA,NA,NA,NA,NA,NA,NA,NA,NA,NA,NA,384.0,92873.3
RTX3070-SASS-accel-8d1cf8e-gpgpu-d38b300,NA,NA,NA,NA,NA,NA,NA,NA,NA,NA,NA,NA,NA,NA,NA,NA,384.0,92873.3
RTX3070-SASS-accel-17f819f-gpgpu-d38b300,NA,NA,NA,NA,NA,NA,NA,NA,NA,NA,NA,NA,NA,NA,NA,NA,384.0,92873.3
RTX3070-SASS-accel-2f29d2d-gpgpu-1d39b6f,NA,NA,NA,NA,NA,NA,NA,NA,NA,NA,NA,NA,NA,NA,NA,NA,384.0,92873.3
RTX3070-SASS-accel-786503a-gpgpu-13c6711,NA,NA,NA,NA,NA,NA,NA,NA,NA,NA,NA,NA,NA,NA,NA,NA,384.0,92873.3
RTX3070-SASS-accel-53584fc-gpgpu-13c6711,NA,NA,NA,NA,NA,NA,NA,NA,NA,NA,NA,NA,NA,NA,NA,NA,384.0,92873.3
RTX3070-SASS-accel-e02c99d-gpgpu-13c6711,NA,NA,NA,NA,NA,NA,NA,NA,NA,NA,NA,NA,NA,NA,NA,NA,384.0,92873.3
RTX3070-SASS-accel-bccdebb-gpgpu-13c6711,NA,NA,NA,NA,NA,NA,NA,NA,NA,NA,NA,NA,NA,NA,NA,NA,384.0,92873.3
RTX3070-SASS-accel-0f84efb-gpgpu-74cdacd,NA,NA,NA,NA,NA,NA,NA,NA,NA,NA,NA,NA,NA,NA,NA,NA,384.0,106076.9
RTX3070-SASS-accel-7feb41c-gpgpu-74cdacd,NA,NA,NA,NA,NA,NA,NA,NA,NA,NA,NA,NA,NA,NA,NA,NA,384.0,92873.3
RTX3070-SASS-accel-8f77aae-gpgpu-948c0e1,NA,NA,NA,NA,NA,NA,NA,NA,NA,NA,NA,NA,NA,NA,NA,NA,384.0,92873.3
RTX3070-SASS-accel-8f2c50f-gpgpu-6dd3bfc,NA,NA,NA,NA,NA,NA,NA,NA,NA,NA,NA,NA,NA,NA,NA,NA,384.0,92873.3
RTX3070-SASS-accel-2f19b3d-gpgpu-e033c1f,NA,NA,NA,NA,NA,NA,NA,NA,NA,NA,NA,NA,NA,NA,NA,NA,384.0,92873.3
RTX3070-SASS-accel-17e94d7-gpgpu-e033c1f,NA,NA,NA,NA,NA,NA,NA,NA,NA,NA,NA,NA,NA,NA,NA,NA,384.0,92873.3
RTX3070-SASS-accel-dc0bece-gpgpu-e033c1f,NA,NA,NA,NA,NA,NA,NA,NA,NA,NA,NA,NA,NA,NA,NA,NA,384.0,92873.3
RTX3070-SASS-accel-21f6fea-gpgpu-e033c1f,NA,NA,NA,NA,NA,NA,NA,NA,NA,NA,NA,NA,NA,NA,NA,NA,384.0,92873.3
RTX3070-SASS-accel-a88075e-gpgpu-e033c1f,NA,NA,NA,NA,NA,NA,NA,NA,NA,NA,NA,NA,NA,NA,NA,NA,384.0,92873.3
RTX3070-SASS-accel-470e82b-gpgpu-73db3f7,NA,NA,NA,NA,NA,NA,NA,NA,NA,NA,NA,NA,NA,NA,NA,NA,384.0,92873.3
RTX3070-SASS-accel-a6c1a7a-gpgpu-66ae881,NA,NA,NA,NA,NA,NA,NA,NA,NA,NA,NA,NA,NA,NA,NA,NA,384.0,92873.3
RTX3070-SASS-accel-572f6fd-gpgpu-301be9e,NA,NA,NA,NA,NA,NA,NA,NA,NA,NA,NA,NA,NA,NA,NA,NA,384.0,92873.3
RTX3070-SASS-accel-92027de-gpgpu-58beccb,NA,NA,NA,NA,NA,NA,NA,NA,NA,NA,NA,NA,NA,NA,NA,NA,384.0,92873.3
RTX3070-SASS-accel-0c80a10-gpgpu-58beccb,NA,NA,NA,NA,NA,NA,NA,NA,NA,NA,NA,NA,NA,NA,NA,NA,384.0,92873.3
RTX3070-SASS-accel-53da2df-gpgpu-a0c12f5,NA,NA,NA,NA,NA,NA,NA,NA,NA,NA,NA,NA,NA,NA,NA,NA,384.0,92873.3
RTX3070-SASS-accel-86f4430-gpgpu-a0c12f5,NA,NA,NA,NA,NA,NA,NA,NA,NA,NA,NA,NA,NA,NA,NA,NA,384.0,92873.3
RTX3070-SASS-accel-c1a12bc-gpgpu-9aeacdf,NA,NA,NA,NA,NA,NA,NA,NA,NA,NA,NA,NA,NA,NA,NA,NA,384.0,92873.3
RTX3070-SASS-accel-a1ca547-gpgpu-9aeacdf,NA,NA,NA,NA,NA,NA,NA,NA,NA,NA,NA,NA,NA,NA,NA,NA,384.0,92873.3
RTX3070-SASS-accel-a1ca547-gpgpu-67fc78c,NA,NA,NA,NA,NA,NA,NA,NA,NA,NA,NA,NA,NA,NA,NA,NA,384.0,92873.3
RTX3070-SASS-accel-_modifi-gpgpu-67fc78c,NA,NA,NA,NA,NA,NA,NA,NA,NA,NA,NA,NA,NA,NA,NA,NA,384.0,92873.3
RTX3070-SASS-accel-c5fa0e8-gpgpu-bc268aa,NA,NA,NA,NA,NA,NA,NA,NA,NA,NA,NA,32768.0,32768.0,NA,NA,NA,384.0,86194.9
RTX3070-SASS-accel-43a51f3-gpgpu-7d3ad23,NA,NA,NA,NA,NA,NA,NA,NA,NA,NA,NA,32768.0,32768.0,NA,NA,NA,384.0,86194.9
RTX3070-SASS-accel-4ac0e40-gpgpu-7d3ad23,NA,NA,NA,NA,NA,NA,NA,NA,NA,NA,NA,32768.0,32768.0,NA,NA,NA,384.0,86194.9
RTX3070-SASS-accel-efa370c-gpgpu-6b22d66,NA,NA,NA,NA,NA,NA,NA,NA,NA,NA,NA,32768.0,32768.0,NA,NA,NA,384.0,86194.9
RTX3070-SASS-accel-66ed9f2-gpgpu-6b22d66,NA,NA,NA,NA,NA,NA,NA,NA,NA,NA,NA,32768.0,32768.0,NA,NA,NA,384.0,86194.9
RTX3070-SASS-accel-b1c61bc-gpgpu-6b22d66,NA,NA,NA,NA,NA,NA,NA,NA,NA,NA,NA,32768.0,32768.0,NA,NA,NA,384.0,86194.9
RTX3070-SASS-accel-b3d9838-gpgpu-22159f1,NA,NA,NA,NA,NA,NA,NA,NA,NA,NA,NA,32768.0,32768.0,NA,NA,NA,384.0,86194.9
RTX3070-SASS-accel-3ff1be8-gpgpu-67d8a3b,NA,NA,NA,NA,NA,NA,NA,NA,NA,NA,NA,32768.0,32768.0,NA,NA,NA,384.0,86194.9
RTX3070-SASS-accel-3ff1be8-gpgpu-9d88a1c,NA,NA,NA,NA,NA,NA,NA,NA,NA,NA,NA,32768.0,32768.0,NA,NA,NA,384.0,86194.9
RTX3070-SASS-accel-879dc35-gpgpu-3364474,640.0,768.0,640.0,8195.0,102400.0,81920.0,4099.0,1069056.0,229379.0,640.0,3.0,32768.0,32768.0,NA,384.0,384.0,384.0,92047.8
RTX3070-SASS-accel-e7b698e-gpgpu-3364474,640.0,768.0,640.0,8195.0,102400.0,81920.0,4099.0,1069056.0,229379.0,640.0,3.0,32768.0,32768.0,NA,384.0,384.0,384.0,92047.8
RTX3070-SASS-accel-1688c9d-gpgpu-3364474,640.0,768.0,640.0,8195.0,102400.0,81920.0,4099.0,1069056.0,229379.0,640.0,3.0,32768.0,32768.0,NA,384.0,384.0,384.0,92047.8
RTX3070-SASS-accel-a634fe0-gpgpu-3364474,640.0,768.0,640.0,8195.0,102400.0,81920.0,4099.0,1069056.0,229379.0,640.0,3.0,32768.0,32768.0,384.0,384.0,384.0,384.0,92047.8
RTX3070-SASS-accel-7a8e345-gpgpu-3364474,640.0,768.0,640.0,8195.0,102400.0,81920.0,4099.0,1069056.0,229379.0,640.0,3.0,32768.0,32768.0,384.0,384.0,384.0,384.0,92047.8
RTX3070-SASS-accel-d3ba55f-gpgpu-a3c52cf,640.0,768.0,640.0,8195.0,102400.0,81920.0,4099.0,1069056.0,229379.0,640.0,3.0,32768.0,32768.0,384.0,384.0,384.0,384.0,92047.8
RTX3070-SASS-accel-ec00037-gpgpu-a3c52cf,640.0,768.0,640.0,8195.0,102400.0,81920.0,4099.0,1069056.0,229379.0,640.0,3.0,32768.0,32768.0,384.0,384.0,384.0,384.0,92047.8
RTX3070-SASS-accel-a619790-gpgpu-a3c52cf,640.0,768.0,640.0,8195.0,102400.0,81920.0,4099.0,1069056.0,229379.0,640.0,3.0,32768.0,32768.0,384.0,384.0,384.0,384.0,92047.8
RTX3070-SASS-accel-08a6b5b-gpgpu-a3c52cf,640.0,768.0,640.0,8195.0,102400.0,81920.0,4099.0,1069056.0,229379.0,640.0,3.0,32768.0,32768.0,384.0,384.0,384.0,384.0,92047.8
RTX3070-SASS-accel-f2bcdfa-gpgpu-a3c52cf,640.0,768.0,640.0,8195.0,102400.0,81920.0,4099.0,1069056.0,229379.0,640.0,3.0,32768.0,32768.0,384.0,384.0,384.0,384.0,92047.8
RTX3070-SASS-accel-d21015b-gpgpu-a3c52cf,640.0,768.0,640.0,8195.0,102400.0,81920.0,4099.0,1069056.0,229379.0,640.0,3.0,32768.0,32768.0,384.0,384.0,384.0,384.0,92047.8
RTX3070-SASS-accel-b577da3-gpgpu-a3c52cf,640.0,768.0,640.0,8195.0,102400.0,81920.0,4099.0,1069056.0,229379.0,640.0,3.0,32768.0,32768.0,384.0,384.0,384.0,384.0,92047.8
RTX3070-SASS-accel-186e1bf-gpgpu-a3c52cf,640.0,768.0,640.0,8195.0,102400.0,81920.0,4099.0,1069056.0,229379.0,640.0,3.0,32768.0,32768.0,384.0,384.0,384.0,384.0,92047.8
RTX3070-SASS-accel-cad11ca-gpgpu-a3c52cf,640.0,768.0,640.0,8195.0,102400.0,81920.0,4099.0,1069056.0,229379.0,640.0,3.0,32768.0,32768.0,384.0,384.0,384.0,384.0,92047.8
RTX3070-SASS-accel-1f5a2ed-gpgpu-a3c52cf,640.0,768.0,640.0,8195.0,102400.0,81920.0,4099.0,1069056.0,229379.0,640.0,3.0,32768.0,32768.0,384.0,384.0,384.0,384.0,92047.8
RTX3070-SASS-accel-20e5f99-gpgpu-a3c52cf,640.0,768.0,640.0,8195.0,102400.0,81920.0,4099.0,1069056.0,229379.0,640.0,3.0,32768.0,32768.0,384.0,384.0,384.0,384.0,92047.8
RTX3070-SASS-accel-fae2d48-gpgpu-a3c52cf,640.0,768.0,640.0,8195.0,102400.0,81920.0,4099.0,1069056.0,229379.0,640.0,3.0,32768.0,32768.0,384.0,384.0,384.0,384.0,92047.8

----------------------------------------------------------------------------------------------------,,,,,,,,,,,,,,,,,,
\s+Total_core_cache_stats_breakdown\[GLOBAL_ACC_R\]\[TOTAL_ACCESS\]\s*=\s*(.*),,,,,,,,,,,,,,,,,,
CFG,l1_bw_32f/__tpb_1024___tpsm_1024___blocks_1___ws_32--_Z5l1_bwPmS_PfPKf--0,l1_bw_64f/__tpb_1024___tpsm_1024___blocks_1___ws_32--_Z5l1_bwPmS_PdS0_--0,l1_bw_128/__tpb_1024___tpsm_1024___blocks_1___ws_32--_Z5l1_bwPmS_PfS0_--0,l1_lat/__blocks_1___ws_32--_Z6l1_latPjS_PmS0_--0,l2_bw_32f/__tpb_1024___tpsm_1024___blocks_160___ws_32--_Z5l2_bwPmS_PfS0_j--0,l2_bw_64f/__tpb_1024___tpsm_1024___blocks_160___l2_786432___ws_32--_Z5l2_bwPjS_PdS0_j--0,l2_lat/__tpb_1___tpsm_1___blocks_1___l2_786432___ws_32--_Z10l2_hit_latPjS_PmS0_--0,mem_bw/__tpb_1024___tpsm_1024___blocks_80___l2_1572864___ws_32___memclk_1132___membw_64--_Z6mem_bwPfS_S_S_S_S_PjS0_j--0,mem_lat/__tpb_1024___tpsm_1024___blocks_80___l2_1572864___ws_32___memclk_1132___membw_64--_Z7mem_latPjS_PmS0_j--0,shared_bw/__tpb_1024___tpsm_1024___blocks_1____ws_32--_Z9shared_bwPmS_Pjj--0,shared_lat/__blocks_1____ws_32--_Z10shared_latPjS_Pmj--0,shared_bank_conflicts/1--_Z18transposeCoalescedPfS_ii--0,shared_bank_conflicts/2--_Z24transposeNoBankConflictsPfS_ii--0,MaxIops_int32/__tpb_1024____blocks_1____ws_32--_Z9max_flopsIiEvPjS0_PT_S2_S2_--0,l1_shared_bw/__tpb_1024____blocks_1____ws_32--_Z9shared_bwPjS_S_S_j--0,l1_bw_32f_unroll/__tpb_1024___blocks_1____ws_32--_Z5l1_bwPjS_PfS0_--0,l1_bw_32f_unroll_large/NO_ARGS--_Z5l1_bwPjS_PfS0_--0,AV--VG
RTX3070-SASS-accel-f677b74-gpgpu-deb5eb5,NA,NA,NA,NA,NA,NA,NA,NA,NA,NA,NA,NA,NA,NA,NA,NA,NA,390864.1
RTX3070-SASS-accel-c366657-gpgpu-deb5eb5,NA,NA,NA,NA,NA,NA,NA,NA,NA,NA,NA,NA,NA,NA,NA,NA,NA,393395.8
RTX3070-SASS-accel-a72607f-gpgpu-deb5eb5,NA,NA,NA,NA,NA,NA,NA,NA,NA,NA,NA,NA,NA,NA,NA,NA,NA,393395.8
RTX3070-SASS-accel-4dbd5b1-gpgpu-deb5eb5,NA,NA,NA,NA,NA,NA,NA,NA,NA,NA,NA,NA,NA,NA,NA,NA,NA,390864.1
RTX3070-SASS-accel-60ad810-gpgpu-deb5eb5,NA,NA,NA,NA,NA,NA,NA,NA,NA,NA,NA,NA,NA,NA,NA,NA,NA,393395.8
RTX3070-SASS-accel-0ce7699-gpgpu-deb5eb5,NA,NA,NA,NA,NA,NA,NA,NA,NA,NA,NA,NA,NA,NA,NA,NA,NA,721472.8
RTX3070-SASS-accel-6812c12-gpgpu-deb5eb5,NA,NA,NA,NA,NA,NA,NA,NA,NA,NA,NA,NA,NA,NA,NA,NA,NA,390864.1
RTX3070-SASS-accel-31082a4-gpgpu-1ee03f0,NA,NA,NA,NA,NA,NA,NA,NA,NA,NA,NA,NA,NA,NA,NA,NA,NA,392283.1
RTX3070-SASS-accel-28e2777-gpgpu-1ee03f0,NA,NA,NA,NA,NA,NA,NA,NA,NA,NA,NA,NA,NA,NA,NA,NA,NA,392283.1
RTX3070-SASS-accel-10dc9a0-gpgpu-1ee03f0,NA,NA,NA,NA,NA,NA,NA,NA,NA,NA,NA,NA,NA,NA,NA,NA,NA,392283.1
RTX3070-SASS-accel-9719269-gpgpu-c51350d,NA,NA,NA,NA,NA,NA,NA,NA,NA,NA,NA,NA,NA,NA,NA,NA,NA,392283.1
RTX3070-SASS-accel-6b6f836-gpgpu-585dcf5,NA,NA,NA,NA,NA,NA,NA,NA,NA,NA,NA,NA,NA,NA,NA,NA,NA,393190.6
RTX3070-SASS-accel-252e8c4-gpgpu-585dcf5,NA,NA,NA,NA,NA,NA,NA,NA,NA,NA,NA,NA,NA,NA,NA,NA,NA,393190.6
RTX3070-SASS-accel-a4e0907-gpgpu-6c9e13d,NA,NA,NA,NA,NA,NA,NA,NA,NA,NA,NA,NA,NA,NA,NA,NA,NA,NA
RTX3070-SASS-accel-fea3381-gpgpu-6ad461a,NA,NA,NA,NA,NA,NA,NA,NA,NA,NA,NA,NA,NA,NA,NA,NA,540800.0,383446.8
RTX3070-SASS-accel-16c3068-gpgpu-6ad461a,NA,NA,NA,NA,NA,NA,NA,NA,NA,NA,NA,NA,NA,NA,NA,NA,540800.0,383446.8
RTX3070-SASS-accel-8f124d9-gpgpu-99b5997,NA,NA,NA,NA,NA,NA,NA,NA,NA,NA,NA,NA,NA,NA,NA,NA,540800.0,383446.8
RTX3070-SASS-accel-7a31963-gpgpu-84c4f46,NA,NA,NA,NA,NA,NA,NA,NA,NA,NA,NA,NA,NA,NA,NA,NA,540800.0,383446.8
RTX3070-SASS-accel-a8c1d6d-gpgpu-84c4f46,NA,NA,NA,NA,NA,NA,NA,NA,NA,NA,NA,NA,NA,NA,NA,NA,540800.0,383446.8
RTX3070-SASS-accel-000be7f-gpgpu-e466afb,NA,NA,NA,NA,NA,NA,NA,NA,NA,NA,NA,NA,NA,NA,NA,NA,540800.0,383446.8
RTX3070-SASS-accel-1cb6168-gpgpu-d38b300,NA,NA,NA,NA,NA,NA,NA,NA,NA,NA,NA,NA,NA,NA,NA,NA,540800.0,383446.8
RTX3070-SASS-accel-a9305c5-gpgpu-d38b300,NA,NA,NA,NA,NA,NA,NA,NA,NA,NA,NA,NA,NA,NA,NA,NA,540800.0,383446.8
RTX3070-SASS-accel-5b93243-gpgpu-d38b300,NA,NA,NA,NA,NA,NA,NA,NA,NA,NA,NA,NA,NA,NA,NA,NA,540800.0,383446.8
RTX3070-SASS-accel-5745567-gpgpu-d38b300,NA,NA,NA,NA,NA,NA,NA,NA,NA,NA,NA,NA,NA,NA,NA,NA,540800.0,383446.8
RTX3070-SASS-accel-8d1cf8e-gpgpu-d38b300,NA,NA,NA,NA,NA,NA,NA,NA,NA,NA,NA,NA,NA,NA,NA,NA,540800.0,383446.8
RTX3070-SASS-accel-17f819f-gpgpu-d38b300,NA,NA,NA,NA,NA,NA,NA,NA,NA,NA,NA,NA,NA,NA,NA,NA,540800.0,383446.8
RTX3070-SASS-accel-2f29d2d-gpgpu-1d39b6f,NA,NA,NA,NA,NA,NA,NA,NA,NA,NA,NA,NA,NA,NA,NA,NA,540800.0,383446.8
RTX3070-SASS-accel-786503a-gpgpu-13c6711,NA,NA,NA,NA,NA,NA,NA,NA,NA,NA,NA,NA,NA,NA,NA,NA,540800.0,383446.8
RTX3070-SASS-accel-53584fc-gpgpu-13c6711,NA,NA,NA,NA,NA,NA,NA,NA,NA,NA,NA,NA,NA,NA,NA,NA,540800.0,383446.8
RTX3070-SASS-accel-e02c99d-gpgpu-13c6711,NA,NA,NA,NA,NA,NA,NA,NA,NA,NA,NA,NA,NA,NA,NA,NA,540800.0,383446.8
RTX3070-SASS-accel-bccdebb-gpgpu-13c6711,NA,NA,NA,NA,NA,NA,NA,NA,NA,NA,NA,NA,NA,NA,NA,NA,540800.0,383446.8
RTX3070-SASS-accel-0f84efb-gpgpu-74cdacd,NA,NA,NA,NA,NA,NA,NA,NA,NA,NA,NA,NA,NA,NA,NA,NA,540800.0,446028.5
RTX3070-SASS-accel-7feb41c-gpgpu-74cdacd,NA,NA,NA,NA,NA,NA,NA,NA,NA,NA,NA,NA,NA,NA,NA,NA,540800.0,383446.8
RTX3070-SASS-accel-8f77aae-gpgpu-948c0e1,NA,NA,NA,NA,NA,NA,NA,NA,NA,NA,NA,NA,NA,NA,NA,NA,540800.0,383446.8
RTX3070-SASS-accel-8f2c50f-gpgpu-6dd3bfc,NA,NA,NA,NA,NA,NA,NA,NA,NA,NA,NA,NA,NA,NA,NA,NA,540800.0,383446.8
RTX3070-SASS-accel-2f19b3d-gpgpu-e033c1f,NA,NA,NA,NA,NA,NA,NA,NA,NA,NA,NA,NA,NA,NA,NA,NA,540800.0,383446.8
RTX3070-SASS-accel-17e94d7-gpgpu-e033c1f,NA,NA,NA,NA,NA,NA,NA,NA,NA,NA,NA,NA,NA,NA,NA,NA,540800.0,383446.8
RTX3070-SASS-accel-dc0bece-gpgpu-e033c1f,NA,NA,NA,NA,NA,NA,NA,NA,NA,NA,NA,NA,NA,NA,NA,NA,540800.0,383446.8
RTX3070-SASS-accel-21f6fea-gpgpu-e033c1f,NA,NA,NA,NA,NA,NA,NA,NA,NA,NA,NA,NA,NA,NA,NA,NA,540800.0,383446.8
RTX3070-SASS-accel-a88075e-gpgpu-e033c1f,NA,NA,NA,NA,NA,NA,NA,NA,NA,NA,NA,NA,NA,NA,NA,NA,540800.0,383446.8
RTX3070-SASS-accel-470e82b-gpgpu-73db3f7,NA,NA,NA,NA,NA,NA,NA,NA,NA,NA,NA,NA,NA,NA,NA,NA,540800.0,383446.8
RTX3070-SASS-accel-a6c1a7a-gpgpu-66ae881,NA,NA,NA,NA,NA,NA,NA,NA,NA,NA,NA,NA,NA,NA,NA,NA,540800.0,383446.8
RTX3070-SASS-accel-572f6fd-gpgpu-301be9e,NA,NA,NA,NA,NA,NA,NA,NA,NA,NA,NA,NA,NA,NA,NA,NA,540800.0,383446.8
RTX3070-SASS-accel-92027de-gpgpu-58beccb,NA,NA,NA,NA,NA,NA,NA,NA,NA,NA,NA,NA,NA,NA,NA,NA,540800.0,383446.8
RTX3070-SASS-accel-0c80a10-gpgpu-58beccb,NA,NA,NA,NA,NA,NA,NA,NA,NA,NA,NA,NA,NA,NA,NA,NA,540800.0,383446.8
RTX3070-SASS-accel-53da2df-gpgpu-a0c12f5,NA,NA,NA,NA,NA,NA,NA,NA,NA,NA,NA,NA,NA,NA,NA,NA,540800.0,383446.8
RTX3070-SASS-accel-86f4430-gpgpu-a0c12f5,NA,NA,NA,NA,NA,NA,NA,NA,NA,NA,NA,NA,NA,NA,NA,NA,540800.0,383446.8
RTX3070-SASS-accel-c1a12bc-gpgpu-9aeacdf,NA,NA,NA,NA,NA,NA,NA,NA,NA,NA,NA,NA,NA,NA,NA,NA,540800.0,383446.8
RTX3070-SASS-accel-a1ca547-gpgpu-9aeacdf,NA,NA,NA,NA,NA,NA,NA,NA,NA,NA,NA,NA,NA,NA,NA,NA,540800.0,383446.8
RTX3070-SASS-accel-a1ca547-gpgpu-67fc78c,NA,NA,NA,NA,NA,NA,NA,NA,NA,NA,NA,NA,NA,NA,NA,NA,540800.0,383446.8
RTX3070-SASS-accel-_modifi-gpgpu-67fc78c,NA,NA,NA,NA,NA,NA,NA,NA,NA,NA,NA,NA,NA,NA,NA,NA,540800.0,383446.8
RTX3070-SASS-accel-c5fa0e8-gpgpu-bc268aa,NA,NA,NA,NA,NA,NA,NA,NA,NA,NA,NA,32768.0,32768.0,NA,NA,NA,540800.0,325000.3
RTX3070-SASS-accel-43a51f3-gpgpu-7d3ad23,NA,NA,NA,NA,NA,NA,NA,NA,NA,NA,NA,32768.0,32768.0,NA,NA,NA,540800.0,325000.3
RTX3070-SASS-accel-4ac0e40-gpgpu-7d3ad23,NA,NA,NA,NA,NA,NA,NA,NA,NA,NA,NA,32768.0,32768.0,NA,NA,NA,540800.0,325000.3
RTX3070-SASS-accel-efa370c-gpgpu-6b22d66,NA,NA,NA,NA,NA,NA,NA,NA,NA,NA,NA,32768.0,32768.0,NA,NA,NA,540800.0,325000.3
RTX3070-SASS-accel-66ed9f2-gpgpu-6b22d66,NA,NA,NA,NA,NA,NA,NA,NA,NA,NA,NA,32768.0,32768.0,NA,NA,NA,540800.0,325000.3
RTX3070-SASS-accel-b1c61bc-gpgpu-6b22d66,NA,NA,NA,NA,NA,NA,NA,NA,NA,NA,NA,32768.0,32768.0,NA,NA,NA,540800.0,325000.3
RTX3070-SASS-accel-b3d9838-gpgpu-22159f1,NA,NA,NA,NA,NA,NA,NA,NA,NA,NA,NA,32768.0,32768.0,NA,NA,NA,540800.0,325000.3
RTX3070-SASS-accel-3ff1be8-gpgpu-67d8a3b,NA,NA,NA,NA,NA,NA,NA,NA,NA,NA,NA,32768.0,32768.0,NA,NA,NA,540800.0,325000.3
RTX3070-SASS-accel-3ff1be8-gpgpu-9d88a1c,NA,NA,NA,NA,NA,NA,NA,NA,NA,NA,NA,32768.0,32768.0,NA,NA,NA,540800.0,325000.3
RTX3070-SASS-accel-879dc35-gpgpu-3364474,2099200.0,133120.0,2099200.0,257.0,NA,NA,NA,NA,8192.0,NA,NA,32768.0,32768.0,NA,655584.0,526336.0,540800.0,557134.6
RTX3070-SASS-accel-e7b698e-gpgpu-3364474,2099200.0,133120.0,2099200.0,257.0,NA,NA,NA,NA,8192.0,NA,NA,32768.0,32768.0,NA,655584.0,526336.0,540800.0,557134.6
RTX3070-SASS-accel-1688c9d-gpgpu-3364474,2099200.0,133120.0,2099200.0,257.0,NA,NA,NA,NA,8192.0,NA,NA,32768.0,32768.0,NA,655584.0,526336.0,540800.0,557134.6
RTX3070-SASS-accel-a634fe0-gpgpu-3364474,2099200.0,133120.0,2099200.0,257.0,NA,NA,NA,NA,8192.0,NA,NA,32768.0,32768.0,256.0,655584.0,526336.0,540800.0,557134.6
RTX3070-SASS-accel-7a8e345-gpgpu-3364474,2099200.0,133120.0,2099200.0,257.0,NA,NA,NA,NA,8192.0,NA,NA,32768.0,32768.0,256.0,655584.0,526336.0,540800.0,557134.6
RTX3070-SASS-accel-d3ba55f-gpgpu-a3c52cf,2099200.0,133120.0,2099200.0,257.0,NA,NA,NA,NA,8192.0,NA,NA,32768.0,32768.0,256.0,655584.0,526336.0,540800.0,557134.6
RTX3070-SASS-accel-ec00037-gpgpu-a3c52cf,2099200.0,133120.0,2099200.0,257.0,NA,NA,NA,NA,8192.0,NA,NA,32768.0,32768.0,256.0,655584.0,526336.0,540800.0,557134.6
RTX3070-SASS-accel-a619790-gpgpu-a3c52cf,2099200.0,133120.0,2099200.0,257.0,NA,NA,NA,NA,8192.0,NA,NA,32768.0,32768.0,256.0,655584.0,526336.0,540800.0,557134.6
RTX3070-SASS-accel-08a6b5b-gpgpu-a3c52cf,2099200.0,133120.0,2099200.0,257.0,NA,NA,NA,NA,8192.0,NA,NA,32768.0,32768.0,256.0,655584.0,526336.0,540800.0,557134.6
RTX3070-SASS-accel-f2bcdfa-gpgpu-a3c52cf,2099200.0,133120.0,2099200.0,257.0,NA,NA,NA,NA,8192.0,NA,NA,32768.0,32768.0,256.0,655584.0,526336.0,540800.0,557134.6
RTX3070-SASS-accel-d21015b-gpgpu-a3c52cf,2099200.0,133120.0,2099200.0,257.0,NA,NA,NA,NA,8192.0,NA,NA,32768.0,32768.0,256.0,655584.0,526336.0,540800.0,557134.6
RTX3070-SASS-accel-b577da3-gpgpu-a3c52cf,2099200.0,133120.0,2099200.0,257.0,NA,NA,NA,NA,8192.0,NA,NA,32768.0,32768.0,256.0,655584.0,526336.0,540800.0,557134.6
RTX3070-SASS-accel-186e1bf-gpgpu-a3c52cf,2099200.0,133120.0,2099200.0,257.0,NA,NA,NA,NA,8192.0,NA,NA,32768.0,32768.0,256.0,655584.0,526336.0,540800.0,557134.6
RTX3070-SASS-accel-cad11ca-gpgpu-a3c52cf,2099200.0,133120.0,2099200.0,257.0,NA,NA,NA,NA,8192.0,NA,NA,32768.0,32768.0,256.0,655584.0,526336.0,540800.0,557134.6
RTX3070-SASS-accel-1f5a2ed-gpgpu-a3c52cf,2099200.0,133120.0,2099200.0,257.0,NA,NA,NA,NA,8192.0,NA,NA,32768.0,32768.0,256.0,655584.0,526336.0,540800.0,557134.6
RTX3070-SASS-accel-20e5f99-gpgpu-a3c52cf,2099200.0,133120.0,2099200.0,257.0,NA,NA,NA,NA,8192.0,NA,NA,32768.0,32768.0,256.0,655584.0,526336.0,540800.0,557134.6
RTX3070-SASS-accel-fae2d48-gpgpu-a3c52cf,2099200.0,133120.0,2099200.0,257.0,NA,NA,NA,NA,8192.0,NA,NA,32768.0,32768.0,256.0,655584.0,526336.0,540800.0,557134.6

----------------------------------------------------------------------------------------------------,,,,,,,,,,,,,,,,,,
\s+Total_core_cache_stats_breakdown\[GLOBAL_ACC_R\]\[HIT\]\s*=\s*(.*),,,,,,,,,,,,,,,,,,
CFG,l1_bw_32f/__tpb_1024___tpsm_1024___blocks_1___ws_32--_Z5l1_bwPmS_PfPKf--0,l1_bw_64f/__tpb_1024___tpsm_1024___blocks_1___ws_32--_Z5l1_bwPmS_PdS0_--0,l1_bw_128/__tpb_1024___tpsm_1024___blocks_1___ws_32--_Z5l1_bwPmS_PfS0_--0,l1_lat/__blocks_1___ws_32--_Z6l1_latPjS_PmS0_--0,l2_bw_32f/__tpb_1024___tpsm_1024___blocks_160___ws_32--_Z5l2_bwPmS_PfS0_j--0,l2_bw_64f/__tpb_1024___tpsm_1024___blocks_160___l2_786432___ws_32--_Z5l2_bwPjS_PdS0_j--0,l2_lat/__tpb_1___tpsm_1___blocks_1___l2_786432___ws_32--_Z10l2_hit_latPjS_PmS0_--0,mem_bw/__tpb_1024___tpsm_1024___blocks_80___l2_1572864___ws_32___memclk_1132___membw_64--_Z6mem_bwPfS_S_S_S_S_PjS0_j--0,mem_lat/__tpb_1024___tpsm_1024___blocks_80___l2_1572864___ws_32___memclk_1132___membw_64--_Z7mem_latPjS_PmS0_j--0,shared_bw/__tpb_1024___tpsm_1024___blocks_1____ws_32--_Z9shared_bwPmS_Pjj--0,shared_lat/__blocks_1____ws_32--_Z10shared_latPjS_Pmj--0,shared_bank_conflicts/1--_Z18transposeCoalescedPfS_ii--0,shared_bank_conflicts/2--_Z24transposeNoBankConflictsPfS_ii--0,MaxIops_int32/__tpb_1024____blocks_1____ws_32--_Z9max_flopsIiEvPjS0_PT_S2_S2_--0,l1_shared_bw/__tpb_1024____blocks_1____ws_32--_Z9shared_bwPjS_S_S_j--0,l1_bw_32f_unroll/__tpb_1024___blocks_1____ws_32--_Z5l1_bwPjS_PfS0_--0,l1_bw_32f_unroll_large/NO_ARGS--_Z5l1_bwPjS_PfS0_--0,AV--VG
RTX3070-SASS-accel-f677b74-gpgpu-deb5eb5,NA,NA,NA,NA,NA,NA,NA,NA,NA,NA,NA,NA,NA,NA,NA,NA,NA,230091.9
RTX3070-SASS-accel-c366657-gpgpu-deb5eb5,NA,NA,NA,NA,NA,NA,NA,NA,NA,NA,NA,NA,NA,NA,NA,NA,NA,226405.6
RTX3070-SASS-accel-a72607f-gpgpu-deb5eb5,NA,NA,NA,NA,NA,NA,NA,NA,NA,NA,NA,NA,NA,NA,NA,NA,NA,226405.6
RTX3070-SASS-accel-4dbd5b1-gpgpu-deb5eb5,NA,NA,NA,NA,NA,NA,NA,NA,NA,NA,NA,NA,NA,NA,NA,NA,NA,230091.9
RTX3070-SASS-accel-60ad810-gpgpu-deb5eb5,NA,NA,NA,NA,NA,NA,NA,NA,NA,NA,NA,NA,NA,NA,NA,NA,NA,226405.6
RTX3070-SASS-accel-0ce7699-gpgpu-deb5eb5,NA,NA,NA,NA,NA,NA,NA,NA,NA,NA,NA,NA,NA,NA,NA,NA,NA,719857.0
RTX3070-SASS-accel-6812c12-gpgpu-deb5eb5,NA,NA,NA,NA,NA,NA,NA,NA,NA,NA,NA,NA,NA,NA,NA,NA,NA,230091.9
RTX3070-SASS-accel-31082a4-gpgpu-1ee03f0,NA,NA,NA,NA,NA,NA,NA,NA,NA,NA,NA,NA,NA,NA,NA,NA,NA,227246.0
RTX3070-SASS-accel-28e2777-gpgpu-1ee03f0,NA,NA,NA,NA,NA,NA,NA,NA,NA,NA,NA,NA,NA,NA,NA,NA,NA,227246.0
RTX3070-SASS-accel-10dc9a0-gpgpu-1ee03f0,NA,NA,NA,NA,NA,NA,NA,NA,NA,NA,NA,NA,NA,NA,NA,NA,NA,227246.0
RTX3070-SASS-accel-9719269-gpgpu-c51350d,NA,NA,NA,NA,NA,NA,NA,NA,NA,NA,NA,NA,NA,NA,NA,NA,NA,227246.0
RTX3070-SASS-accel-6b6f836-gpgpu-585dcf5,NA,NA,NA,NA,NA,NA,NA,NA,NA,NA,NA,NA,NA,NA,NA,NA,NA,228973.6
RTX3070-SASS-accel-252e8c4-gpgpu-585dcf5,NA,NA,NA,NA,NA,NA,NA,NA,NA,NA,NA,NA,NA,NA,NA,NA,NA,228973.6
RTX3070-SASS-accel-a4e0907-gpgpu-6c9e13d,NA,NA,NA,NA,NA,NA,NA,NA,NA,NA,NA,NA,NA,NA,NA,NA,NA,NA
RTX3070-SASS-accel-fea3381-gpgpu-6ad461a,NA,NA,NA,NA,NA,NA,NA,NA,NA,NA,NA,NA,NA,NA,NA,NA,372321.0,227824.3
RTX3070-SASS-accel-16c3068-gpgpu-6ad461a,NA,NA,NA,NA,NA,NA,NA,NA,NA,NA,NA,NA,NA,NA,NA,NA,370364.0,227701.5
RTX3070-SASS-accel-8f124d9-gpgpu-99b5997,NA,NA,NA,NA,NA,NA,NA,NA,NA,NA,NA,NA,NA,NA,NA,NA,471529.0,234278.9
RTX3070-SASS-accel-7a31963-gpgpu-84c4f46,NA,NA,NA,NA,NA,NA,NA,NA,NA,NA,NA,NA,NA,NA,NA,NA,463424.0,233773.1
RTX3070-SASS-accel-a8c1d6d-gpgpu-84c4f46,NA,NA,NA,NA,NA,NA,NA,NA,NA,NA,NA,NA,NA,NA,NA,NA,487287.0,235261.8
RTX3070-SASS-accel-000be7f-gpgpu-e466afb,NA,NA,NA,NA,NA,NA,NA,NA,NA,NA,NA,NA,NA,NA,NA,NA,467294.0,234014.9
RTX3070-SASS-accel-1cb6168-gpgpu-d38b300,NA,NA,NA,NA,NA,NA,NA,NA,NA,NA,NA,NA,NA,NA,NA,NA,470829.0,234236.6
RTX3070-SASS-accel-a9305c5-gpgpu-d38b300,NA,NA,NA,NA,NA,NA,NA,NA,NA,NA,NA,NA,NA,NA,NA,NA,470829.0,234234.0
RTX3070-SASS-accel-5b93243-gpgpu-d38b300,NA,NA,NA,NA,NA,NA,NA,NA,NA,NA,NA,NA,NA,NA,NA,NA,465206.0,233880.6
RTX3070-SASS-accel-5745567-gpgpu-d38b300,NA,NA,NA,NA,NA,NA,NA,NA,NA,NA,NA,NA,NA,NA,NA,NA,470829.0,234235.6
RTX3070-SASS-accel-8d1cf8e-gpgpu-d38b300,NA,NA,NA,NA,NA,NA,NA,NA,NA,NA,NA,NA,NA,NA,NA,NA,470829.0,234233.1
RTX3070-SASS-accel-17f819f-gpgpu-d38b300,NA,NA,NA,NA,NA,NA,NA,NA,NA,NA,NA,NA,NA,NA,NA,NA,467772.0,234046.1
RTX3070-SASS-accel-2f29d2d-gpgpu-1d39b6f,NA,NA,NA,NA,NA,NA,NA,NA,NA,NA,NA,NA,NA,NA,NA,NA,456807.0,233357.0
RTX3070-SASS-accel-786503a-gpgpu-13c6711,NA,NA,NA,NA,NA,NA,NA,NA,NA,NA,NA,NA,NA,NA,NA,NA,420057.0,231053.0
RTX3070-SASS-accel-53584fc-gpgpu-13c6711,NA,NA,NA,NA,NA,NA,NA,NA,NA,NA,NA,NA,NA,NA,NA,NA,422660.0,231216.0
RTX3070-SASS-accel-e02c99d-gpgpu-13c6711,NA,NA,NA,NA,NA,NA,NA,NA,NA,NA,NA,NA,NA,NA,NA,NA,420057.0,231062.5
RTX3070-SASS-accel-bccdebb-gpgpu-13c6711,NA,NA,NA,NA,NA,NA,NA,NA,NA,NA,NA,NA,NA,NA,NA,NA,424578.0,231345.8
RTX3070-SASS-accel-0f84efb-gpgpu-74cdacd,NA,NA,NA,NA,NA,NA,NA,NA,NA,NA,NA,NA,NA,NA,NA,NA,420057.0,245350.3
RTX3070-SASS-accel-7feb41c-gpgpu-74cdacd,NA,NA,NA,NA,NA,NA,NA,NA,NA,NA,NA,NA,NA,NA,NA,NA,422660.0,231214.7
RTX3070-SASS-accel-8f77aae-gpgpu-948c0e1,NA,NA,NA,NA,NA,NA,NA,NA,NA,NA,NA,NA,NA,NA,NA,NA,421852.0,231174.4
RTX3070-SASS-accel-8f2c50f-gpgpu-6dd3bfc,NA,NA,NA,NA,NA,NA,NA,NA,NA,NA,NA,NA,NA,NA,NA,NA,429228.0,231625.2
RTX3070-SASS-accel-2f19b3d-gpgpu-e033c1f,NA,NA,NA,NA,NA,NA,NA,NA,NA,NA,NA,NA,NA,NA,NA,NA,424149.0,231308.8
RTX3070-SASS-accel-17e94d7-gpgpu-e033c1f,NA,NA,NA,NA,NA,NA,NA,NA,NA,NA,NA,NA,NA,NA,NA,NA,415173.0,230756.2
RTX3070-SASS-accel-dc0bece-gpgpu-e033c1f,NA,NA,NA,NA,NA,NA,NA,NA,NA,NA,NA,NA,NA,NA,NA,NA,419097.0,231002.2
RTX3070-SASS-accel-21f6fea-gpgpu-e033c1f,NA,NA,NA,NA,NA,NA,NA,NA,NA,NA,NA,NA,NA,NA,NA,NA,428283.0,231577.9
RTX3070-SASS-accel-a88075e-gpgpu-e033c1f,NA,NA,NA,NA,NA,NA,NA,NA,NA,NA,NA,NA,NA,NA,NA,NA,496833.0,235852.9
RTX3070-SASS-accel-470e82b-gpgpu-73db3f7,NA,NA,NA,NA,NA,NA,NA,NA,NA,NA,NA,NA,NA,NA,NA,NA,496833.0,235852.9
RTX3070-SASS-accel-a6c1a7a-gpgpu-66ae881,NA,NA,NA,NA,NA,NA,NA,NA,NA,NA,NA,NA,NA,NA,NA,NA,496833.0,235852.9
RTX3070-SASS-accel-572f6fd-gpgpu-301be9e,NA,NA,NA,NA,NA,NA,NA,NA,NA,NA,NA,NA,NA,NA,NA,NA,496833.0,235852.9
RTX3070-SASS-accel-92027de-gpgpu-58beccb,NA,NA,NA,NA,NA,NA,NA,NA,NA,NA,NA,NA,NA,NA,NA,NA,496833.0,235852.9
RTX3070-SASS-accel-0c80a10-gpgpu-58beccb,NA,NA,NA,NA,NA,NA,NA,NA,NA,NA,NA,NA,NA,NA,NA,NA,496833.0,235852.9
RTX3070-SASS-accel-53da2df-gpgpu-a0c12f5,NA,NA,NA,NA,NA,NA,NA,NA,NA,NA,NA,NA,NA,NA,NA,NA,496833.0,235852.9
RTX3070-SASS-accel-86f4430-gpgpu-a0c12f5,NA,NA,NA,NA,NA,NA,NA,NA,NA,NA,NA,NA,NA,NA,NA,NA,496833.0,235852.9
RTX3070-SASS-accel-c1a12bc-gpgpu-9aeacdf,NA,NA,NA,NA,NA,NA,NA,NA,NA,NA,NA,NA,NA,NA,NA,NA,496833.0,235852.9
RTX3070-SASS-accel-a1ca547-gpgpu-9aeacdf,NA,NA,NA,NA,NA,NA,NA,NA,NA,NA,NA,NA,NA,NA,NA,NA,496833.0,235852.9
RTX3070-SASS-accel-a1ca547-gpgpu-67fc78c,NA,NA,NA,NA,NA,NA,NA,NA,NA,NA,NA,NA,NA,NA,NA,NA,496833.0,235852.9
RTX3070-SASS-accel-_modifi-gpgpu-67fc78c,NA,NA,NA,NA,NA,NA,NA,NA,NA,NA,NA,NA,NA,NA,NA,NA,496833.0,235852.9
RTX3070-SASS-accel-c5fa0e8-gpgpu-bc268aa,NA,NA,NA,NA,NA,NA,NA,NA,NA,NA,NA,0.0,0.0,NA,NA,NA,487666.0,209141.4
RTX3070-SASS-accel-43a51f3-gpgpu-7d3ad23,NA,NA,NA,NA,NA,NA,NA,NA,NA,NA,NA,0.0,0.0,NA,NA,NA,487666.0,209141.4
RTX3070-SASS-accel-4ac0e40-gpgpu-7d3ad23,NA,NA,NA,NA,NA,NA,NA,NA,NA,NA,NA,0.0,0.0,NA,NA,NA,487666.0,209141.4
RTX3070-SASS-accel-efa370c-gpgpu-6b22d66,NA,NA,NA,NA,NA,NA,NA,NA,NA,NA,NA,0.0,0.0,NA,NA,NA,487666.0,209141.4
RTX3070-SASS-accel-66ed9f2-gpgpu-6b22d66,NA,NA,NA,NA,NA,NA,NA,NA,NA,NA,NA,0.0,0.0,NA,NA,NA,487666.0,209141.4
RTX3070-SASS-accel-b1c61bc-gpgpu-6b22d66,NA,NA,NA,NA,NA,NA,NA,NA,NA,NA,NA,0.0,0.0,NA,NA,NA,487666.0,209141.4
RTX3070-SASS-accel-b3d9838-gpgpu-22159f1,NA,NA,NA,NA,NA,NA,NA,NA,NA,NA,NA,0.0,0.0,NA,NA,NA,487666.0,209141.4
RTX3070-SASS-accel-3ff1be8-gpgpu-67d8a3b,NA,NA,NA,NA,NA,NA,NA,NA,NA,NA,NA,0.0,0.0,NA,NA,NA,487666.0,209141.4
RTX3070-SASS-accel-3ff1be8-gpgpu-9d88a1c,NA,NA,NA,NA,NA,NA,NA,NA,NA,NA,NA,0.0,0.0,NA,NA,NA,487666.0,209141.4
RTX3070-SASS-accel-879dc35-gpgpu-3364474,2097112.0,131064.0,2097152.0,257.0,0.0,0.0,0.0,0.0,256.0,0.0,0.0,0.0,0.0,NA,655296.0,524288.0,477498.0,351936.6
RTX3070-SASS-accel-e7b698e-gpgpu-3364474,2097112.0,131064.0,2097152.0,257.0,0.0,0.0,0.0,0.0,256.0,0.0,0.0,0.0,0.0,NA,655296.0,524288.0,477498.0,351936.6
RTX3070-SASS-accel-1688c9d-gpgpu-3364474,2097112.0,131064.0,2097152.0,257.0,0.0,0.0,0.0,0.0,256.0,0.0,0.0,0.0,0.0,NA,655296.0,524288.0,477498.0,351936.6
RTX3070-SASS-accel-a634fe0-gpgpu-3364474,2097112.0,131064.0,2097152.0,257.0,0.0,0.0,0.0,0.0,256.0,0.0,0.0,0.0,0.0,0.0,655296.0,524288.0,477498.0,351936.6
RTX3070-SASS-accel-7a8e345-gpgpu-3364474,2097112.0,131064.0,2097152.0,257.0,0.0,0.0,0.0,0.0,256.0,0.0,0.0,0.0,0.0,0.0,655296.0,524288.0,477498.0,351936.6
RTX3070-SASS-accel-d3ba55f-gpgpu-a3c52cf,2097112.0,131064.0,2097152.0,257.0,0.0,0.0,0.0,0.0,256.0,0.0,0.0,0.0,0.0,0.0,655296.0,524288.0,477498.0,351936.6
RTX3070-SASS-accel-ec00037-gpgpu-a3c52cf,2097112.0,131064.0,2097152.0,257.0,0.0,0.0,0.0,0.0,256.0,0.0,0.0,0.0,0.0,0.0,655296.0,524288.0,477498.0,351936.6
RTX3070-SASS-accel-a619790-gpgpu-a3c52cf,2097112.0,131064.0,2097152.0,257.0,0.0,0.0,0.0,0.0,256.0,0.0,0.0,0.0,0.0,0.0,655296.0,524288.0,477498.0,351936.6
RTX3070-SASS-accel-08a6b5b-gpgpu-a3c52cf,2097112.0,131064.0,2097152.0,257.0,0.0,0.0,0.0,0.0,256.0,0.0,0.0,0.0,0.0,0.0,655296.0,524288.0,477498.0,351936.6
RTX3070-SASS-accel-f2bcdfa-gpgpu-a3c52cf,2097112.0,131064.0,2097152.0,257.0,0.0,0.0,0.0,0.0,256.0,0.0,0.0,0.0,0.0,0.0,655296.0,524288.0,477498.0,351936.6
RTX3070-SASS-accel-d21015b-gpgpu-a3c52cf,2097112.0,131064.0,2097152.0,257.0,0.0,0.0,0.0,0.0,256.0,0.0,0.0,0.0,0.0,0.0,655296.0,524288.0,477498.0,351936.6
RTX3070-SASS-accel-b577da3-gpgpu-a3c52cf,2097112.0,131064.0,2097152.0,257.0,0.0,0.0,0.0,0.0,256.0,0.0,0.0,0.0,0.0,0.0,655296.0,524288.0,477498.0,351936.6
RTX3070-SASS-accel-186e1bf-gpgpu-a3c52cf,2097112.0,131064.0,2097152.0,257.0,0.0,0.0,0.0,0.0,256.0,0.0,0.0,0.0,0.0,0.0,655296.0,524288.0,477498.0,351936.6
RTX3070-SASS-accel-cad11ca-gpgpu-a3c52cf,2097112.0,131064.0,2097152.0,257.0,0.0,0.0,0.0,0.0,256.0,0.0,0.0,0.0,0.0,0.0,655296.0,524288.0,477498.0,351936.6
RTX3070-SASS-accel-1f5a2ed-gpgpu-a3c52cf,2097112.0,131064.0,2097152.0,257.0,0.0,0.0,0.0,0.0,256.0,0.0,0.0,0.0,0.0,0.0,655296.0,524288.0,477498.0,351936.6
RTX3070-SASS-accel-20e5f99-gpgpu-a3c52cf,2097112.0,131064.0,2097152.0,257.0,0.0,0.0,0.0,0.0,256.0,0.0,0.0,0.0,0.0,0.0,655296.0,524288.0,477498.0,351936.6
RTX3070-SASS-accel-fae2d48-gpgpu-a3c52cf,2097112.0,131064.0,2097152.0,257.0,0.0,0.0,0.0,0.0,256.0,0.0,0.0,0.0,0.0,0.0,655296.0,524288.0,477498.0,351936.6

----------------------------------------------------------------------------------------------------,,,,,,,,,,,,,,,,,,
\s+Total_core_cache_stats_breakdown\[GLOBAL_ACC_W\]\[HIT\]\s*=\s*(.*),,,,,,,,,,,,,,,,,,
CFG,l1_bw_32f/__tpb_1024___tpsm_1024___blocks_1___ws_32--_Z5l1_bwPmS_PfPKf--0,l1_bw_64f/__tpb_1024___tpsm_1024___blocks_1___ws_32--_Z5l1_bwPmS_PdS0_--0,l1_bw_128/__tpb_1024___tpsm_1024___blocks_1___ws_32--_Z5l1_bwPmS_PfS0_--0,l1_lat/__blocks_1___ws_32--_Z6l1_latPjS_PmS0_--0,l2_bw_32f/__tpb_1024___tpsm_1024___blocks_160___ws_32--_Z5l2_bwPmS_PfS0_j--0,l2_bw_64f/__tpb_1024___tpsm_1024___blocks_160___l2_786432___ws_32--_Z5l2_bwPjS_PdS0_j--0,l2_lat/__tpb_1___tpsm_1___blocks_1___l2_786432___ws_32--_Z10l2_hit_latPjS_PmS0_--0,mem_bw/__tpb_1024___tpsm_1024___blocks_80___l2_1572864___ws_32___memclk_1132___membw_64--_Z6mem_bwPfS_S_S_S_S_PjS0_j--0,mem_lat/__tpb_1024___tpsm_1024___blocks_80___l2_1572864___ws_32___memclk_1132___membw_64--_Z7mem_latPjS_PmS0_j--0,shared_bw/__tpb_1024___tpsm_1024___blocks_1____ws_32--_Z9shared_bwPmS_Pjj--0,shared_lat/__blocks_1____ws_32--_Z10shared_latPjS_Pmj--0,shared_bank_conflicts/1--_Z18transposeCoalescedPfS_ii--0,shared_bank_conflicts/2--_Z24transposeNoBankConflictsPfS_ii--0,MaxIops_int32/__tpb_1024____blocks_1____ws_32--_Z9max_flopsIiEvPjS0_PT_S2_S2_--0,l1_shared_bw/__tpb_1024____blocks_1____ws_32--_Z9shared_bwPjS_S_S_j--0,l1_bw_32f_unroll/__tpb_1024___blocks_1____ws_32--_Z5l1_bwPjS_PfS0_--0,l1_bw_32f_unroll_large/NO_ARGS--_Z5l1_bwPjS_PfS0_--0,AV--VG
RTX3070-SASS-accel-f677b74-gpgpu-deb5eb5,NA,NA,NA,NA,NA,NA,NA,NA,NA,NA,NA,NA,NA,NA,NA,NA,NA,1.2
RTX3070-SASS-accel-c366657-gpgpu-deb5eb5,NA,NA,NA,NA,NA,NA,NA,NA,NA,NA,NA,NA,NA,NA,NA,NA,NA,1.2
RTX3070-SASS-accel-a72607f-gpgpu-deb5eb5,NA,NA,NA,NA,NA,NA,NA,NA,NA,NA,NA,NA,NA,NA,NA,NA,NA,1.2
RTX3070-SASS-accel-4dbd5b1-gpgpu-deb5eb5,NA,NA,NA,NA,NA,NA,NA,NA,NA,NA,NA,NA,NA,NA,NA,NA,NA,1.2
RTX3070-SASS-accel-60ad810-gpgpu-deb5eb5,NA,NA,NA,NA,NA,NA,NA,NA,NA,NA,NA,NA,NA,NA,NA,NA,NA,1.2
RTX3070-SASS-accel-0ce7699-gpgpu-deb5eb5,NA,NA,NA,NA,NA,NA,NA,NA,NA,NA,NA,NA,NA,NA,NA,NA,NA,0.0
RTX3070-SASS-accel-6812c12-gpgpu-deb5eb5,NA,NA,NA,NA,NA,NA,NA,NA,NA,NA,NA,NA,NA,NA,NA,NA,NA,1.2
RTX3070-SASS-accel-31082a4-gpgpu-1ee03f0,NA,NA,NA,NA,NA,NA,NA,NA,NA,NA,NA,NA,NA,NA,NA,NA,NA,1.2
RTX3070-SASS-accel-28e2777-gpgpu-1ee03f0,NA,NA,NA,NA,NA,NA,NA,NA,NA,NA,NA,NA,NA,NA,NA,NA,NA,1.2
RTX3070-SASS-accel-10dc9a0-gpgpu-1ee03f0,NA,NA,NA,NA,NA,NA,NA,NA,NA,NA,NA,NA,NA,NA,NA,NA,NA,1.2
RTX3070-SASS-accel-9719269-gpgpu-c51350d,NA,NA,NA,NA,NA,NA,NA,NA,NA,NA,NA,NA,NA,NA,NA,NA,NA,1.2
RTX3070-SASS-accel-6b6f836-gpgpu-585dcf5,NA,NA,NA,NA,NA,NA,NA,NA,NA,NA,NA,NA,NA,NA,NA,NA,NA,1.2
RTX3070-SASS-accel-252e8c4-gpgpu-585dcf5,NA,NA,NA,NA,NA,NA,NA,NA,NA,NA,NA,NA,NA,NA,NA,NA,NA,1.2
RTX3070-SASS-accel-a4e0907-gpgpu-6c9e13d,NA,NA,NA,NA,NA,NA,NA,NA,NA,NA,NA,NA,NA,NA,NA,NA,NA,NA
RTX3070-SASS-accel-fea3381-gpgpu-6ad461a,NA,NA,NA,NA,NA,NA,NA,NA,NA,NA,NA,NA,NA,NA,NA,NA,0.0,961.2
RTX3070-SASS-accel-16c3068-gpgpu-6ad461a,NA,NA,NA,NA,NA,NA,NA,NA,NA,NA,NA,NA,NA,NA,NA,NA,0.0,961.2
RTX3070-SASS-accel-8f124d9-gpgpu-99b5997,NA,NA,NA,NA,NA,NA,NA,NA,NA,NA,NA,NA,NA,NA,NA,NA,0.0,961.2
RTX3070-SASS-accel-7a31963-gpgpu-84c4f46,NA,NA,NA,NA,NA,NA,NA,NA,NA,NA,NA,NA,NA,NA,NA,NA,0.0,961.2
RTX3070-SASS-accel-a8c1d6d-gpgpu-84c4f46,NA,NA,NA,NA,NA,NA,NA,NA,NA,NA,NA,NA,NA,NA,NA,NA,0.0,961.2
RTX3070-SASS-accel-000be7f-gpgpu-e466afb,NA,NA,NA,NA,NA,NA,NA,NA,NA,NA,NA,NA,NA,NA,NA,NA,0.0,961.2
RTX3070-SASS-accel-1cb6168-gpgpu-d38b300,NA,NA,NA,NA,NA,NA,NA,NA,NA,NA,NA,NA,NA,NA,NA,NA,0.0,961.2
RTX3070-SASS-accel-a9305c5-gpgpu-d38b300,NA,NA,NA,NA,NA,NA,NA,NA,NA,NA,NA,NA,NA,NA,NA,NA,0.0,961.2
RTX3070-SASS-accel-5b93243-gpgpu-d38b300,NA,NA,NA,NA,NA,NA,NA,NA,NA,NA,NA,NA,NA,NA,NA,NA,0.0,961.2
RTX3070-SASS-accel-5745567-gpgpu-d38b300,NA,NA,NA,NA,NA,NA,NA,NA,NA,NA,NA,NA,NA,NA,NA,NA,0.0,961.2
RTX3070-SASS-accel-8d1cf8e-gpgpu-d38b300,NA,NA,NA,NA,NA,NA,NA,NA,NA,NA,NA,NA,NA,NA,NA,NA,0.0,961.2
RTX3070-SASS-accel-17f819f-gpgpu-d38b300,NA,NA,NA,NA,NA,NA,NA,NA,NA,NA,NA,NA,NA,NA,NA,NA,0.0,961.2
RTX3070-SASS-accel-2f29d2d-gpgpu-1d39b6f,NA,NA,NA,NA,NA,NA,NA,NA,NA,NA,NA,NA,NA,NA,NA,NA,0.0,961.2
RTX3070-SASS-accel-786503a-gpgpu-13c6711,NA,NA,NA,NA,NA,NA,NA,NA,NA,NA,NA,NA,NA,NA,NA,NA,0.0,961.2
RTX3070-SASS-accel-53584fc-gpgpu-13c6711,NA,NA,NA,NA,NA,NA,NA,NA,NA,NA,NA,NA,NA,NA,NA,NA,0.0,961.2
RTX3070-SASS-accel-e02c99d-gpgpu-13c6711,NA,NA,NA,NA,NA,NA,NA,NA,NA,NA,NA,NA,NA,NA,NA,NA,0.0,961.2
RTX3070-SASS-accel-bccdebb-gpgpu-13c6711,NA,NA,NA,NA,NA,NA,NA,NA,NA,NA,NA,NA,NA,NA,NA,NA,0.0,961.2
RTX3070-SASS-accel-0f84efb-gpgpu-74cdacd,NA,NA,NA,NA,NA,NA,NA,NA,NA,NA,NA,NA,NA,NA,NA,NA,0.0,1097.1
RTX3070-SASS-accel-7feb41c-gpgpu-74cdacd,NA,NA,NA,NA,NA,NA,NA,NA,NA,NA,NA,NA,NA,NA,NA,NA,0.0,961.2
RTX3070-SASS-accel-8f77aae-gpgpu-948c0e1,NA,NA,NA,NA,NA,NA,NA,NA,NA,NA,NA,NA,NA,NA,NA,NA,0.0,961.2
RTX3070-SASS-accel-8f2c50f-gpgpu-6dd3bfc,NA,NA,NA,NA,NA,NA,NA,NA,NA,NA,NA,NA,NA,NA,NA,NA,0.0,961.2
RTX3070-SASS-accel-2f19b3d-gpgpu-e033c1f,NA,NA,NA,NA,NA,NA,NA,NA,NA,NA,NA,NA,NA,NA,NA,NA,0.0,961.2
RTX3070-SASS-accel-17e94d7-gpgpu-e033c1f,NA,NA,NA,NA,NA,NA,NA,NA,NA,NA,NA,NA,NA,NA,NA,NA,0.0,961.2
RTX3070-SASS-accel-dc0bece-gpgpu-e033c1f,NA,NA,NA,NA,NA,NA,NA,NA,NA,NA,NA,NA,NA,NA,NA,NA,0.0,961.2
RTX3070-SASS-accel-21f6fea-gpgpu-e033c1f,NA,NA,NA,NA,NA,NA,NA,NA,NA,NA,NA,NA,NA,NA,NA,NA,0.0,961.2
RTX3070-SASS-accel-a88075e-gpgpu-e033c1f,NA,NA,NA,NA,NA,NA,NA,NA,NA,NA,NA,NA,NA,NA,NA,NA,0.0,961.2
RTX3070-SASS-accel-470e82b-gpgpu-73db3f7,NA,NA,NA,NA,NA,NA,NA,NA,NA,NA,NA,NA,NA,NA,NA,NA,0.0,961.2
RTX3070-SASS-accel-a6c1a7a-gpgpu-66ae881,NA,NA,NA,NA,NA,NA,NA,NA,NA,NA,NA,NA,NA,NA,NA,NA,0.0,961.2
RTX3070-SASS-accel-572f6fd-gpgpu-301be9e,NA,NA,NA,NA,NA,NA,NA,NA,NA,NA,NA,NA,NA,NA,NA,NA,0.0,961.2
RTX3070-SASS-accel-92027de-gpgpu-58beccb,NA,NA,NA,NA,NA,NA,NA,NA,NA,NA,NA,NA,NA,NA,NA,NA,0.0,961.2
RTX3070-SASS-accel-0c80a10-gpgpu-58beccb,NA,NA,NA,NA,NA,NA,NA,NA,NA,NA,NA,NA,NA,NA,NA,NA,0.0,961.2
RTX3070-SASS-accel-53da2df-gpgpu-a0c12f5,NA,NA,NA,NA,NA,NA,NA,NA,NA,NA,NA,NA,NA,NA,NA,NA,0.0,961.2
RTX3070-SASS-accel-86f4430-gpgpu-a0c12f5,NA,NA,NA,NA,NA,NA,NA,NA,NA,NA,NA,NA,NA,NA,NA,NA,0.0,961.2
RTX3070-SASS-accel-c1a12bc-gpgpu-9aeacdf,NA,NA,NA,NA,NA,NA,NA,NA,NA,NA,NA,NA,NA,NA,NA,NA,0.0,961.2
RTX3070-SASS-accel-a1ca547-gpgpu-9aeacdf,NA,NA,NA,NA,NA,NA,NA,NA,NA,NA,NA,NA,NA,NA,NA,NA,0.0,961.2
RTX3070-SASS-accel-a1ca547-gpgpu-67fc78c,NA,NA,NA,NA,NA,NA,NA,NA,NA,NA,NA,NA,NA,NA,NA,NA,0.0,961.2
RTX3070-SASS-accel-_modifi-gpgpu-67fc78c,NA,NA,NA,NA,NA,NA,NA,NA,NA,NA,NA,NA,NA,NA,NA,NA,0.0,961.2
RTX3070-SASS-accel-c5fa0e8-gpgpu-bc268aa,NA,NA,NA,NA,NA,NA,NA,NA,NA,NA,NA,0.0,0.0,NA,NA,NA,0.0,854.4
RTX3070-SASS-accel-43a51f3-gpgpu-7d3ad23,NA,NA,NA,NA,NA,NA,NA,NA,NA,NA,NA,0.0,0.0,NA,NA,NA,0.0,854.4
RTX3070-SASS-accel-4ac0e40-gpgpu-7d3ad23,NA,NA,NA,NA,NA,NA,NA,NA,NA,NA,NA,0.0,0.0,NA,NA,NA,0.0,854.4
RTX3070-SASS-accel-efa370c-gpgpu-6b22d66,NA,NA,NA,NA,NA,NA,NA,NA,NA,NA,NA,0.0,0.0,NA,NA,NA,0.0,854.4
RTX3070-SASS-accel-66ed9f2-gpgpu-6b22d66,NA,NA,NA,NA,NA,NA,NA,NA,NA,NA,NA,0.0,0.0,NA,NA,NA,0.0,854.4
RTX3070-SASS-accel-b1c61bc-gpgpu-6b22d66,NA,NA,NA,NA,NA,NA,NA,NA,NA,NA,NA,0.0,0.0,NA,NA,NA,0.0,854.4
RTX3070-SASS-accel-b3d9838-gpgpu-22159f1,NA,NA,NA,NA,NA,NA,NA,NA,NA,NA,NA,0.0,0.0,NA,NA,NA,0.0,854.4
RTX3070-SASS-accel-3ff1be8-gpgpu-67d8a3b,NA,NA,NA,NA,NA,NA,NA,NA,NA,NA,NA,0.0,0.0,NA,NA,NA,0.0,854.4
RTX3070-SASS-accel-3ff1be8-gpgpu-9d88a1c,NA,NA,NA,NA,NA,NA,NA,NA,NA,NA,NA,0.0,0.0,NA,NA,NA,0.0,854.4
RTX3070-SASS-accel-879dc35-gpgpu-3364474,12.0,8.0,0.0,6144.0,0.0,0.0,3072.0,0.0,0.0,0.0,0.0,0.0,0.0,NA,0.0,0.0,0.0,543.3
RTX3070-SASS-accel-e7b698e-gpgpu-3364474,12.0,8.0,0.0,6144.0,0.0,0.0,3072.0,0.0,0.0,0.0,0.0,0.0,0.0,NA,0.0,0.0,0.0,543.3
RTX3070-SASS-accel-1688c9d-gpgpu-3364474,12.0,8.0,0.0,6144.0,0.0,0.0,3072.0,0.0,0.0,0.0,0.0,0.0,0.0,NA,0.0,0.0,0.0,543.3
RTX3070-SASS-accel-a634fe0-gpgpu-3364474,12.0,8.0,0.0,6144.0,0.0,0.0,3072.0,0.0,0.0,0.0,0.0,0.0,0.0,0.0,0.0,0.0,0.0,543.3
RTX3070-SASS-accel-7a8e345-gpgpu-3364474,12.0,8.0,0.0,6144.0,0.0,0.0,3072.0,0.0,0.0,0.0,0.0,0.0,0.0,0.0,0.0,0.0,0.0,543.3
RTX3070-SASS-accel-d3ba55f-gpgpu-a3c52cf,12.0,8.0,0.0,6144.0,0.0,0.0,3072.0,0.0,0.0,0.0,0.0,0.0,0.0,0.0,0.0,0.0,0.0,543.3
RTX3070-SASS-accel-ec00037-gpgpu-a3c52cf,12.0,8.0,0.0,6144.0,0.0,0.0,3072.0,0.0,0.0,0.0,0.0,0.0,0.0,0.0,0.0,0.0,0.0,543.3
RTX3070-SASS-accel-a619790-gpgpu-a3c52cf,12.0,8.0,0.0,6144.0,0.0,0.0,3072.0,0.0,0.0,0.0,0.0,0.0,0.0,0.0,0.0,0.0,0.0,543.3
RTX3070-SASS-accel-08a6b5b-gpgpu-a3c52cf,12.0,8.0,0.0,6144.0,0.0,0.0,3072.0,0.0,0.0,0.0,0.0,0.0,0.0,0.0,0.0,0.0,0.0,543.3
RTX3070-SASS-accel-f2bcdfa-gpgpu-a3c52cf,12.0,8.0,0.0,6144.0,0.0,0.0,3072.0,0.0,0.0,0.0,0.0,0.0,0.0,0.0,0.0,0.0,0.0,543.3
RTX3070-SASS-accel-d21015b-gpgpu-a3c52cf,12.0,8.0,0.0,6144.0,0.0,0.0,3072.0,0.0,0.0,0.0,0.0,0.0,0.0,0.0,0.0,0.0,0.0,543.3
RTX3070-SASS-accel-b577da3-gpgpu-a3c52cf,12.0,8.0,0.0,6144.0,0.0,0.0,3072.0,0.0,0.0,0.0,0.0,0.0,0.0,0.0,0.0,0.0,0.0,543.3
RTX3070-SASS-accel-186e1bf-gpgpu-a3c52cf,12.0,8.0,0.0,6144.0,0.0,0.0,3072.0,0.0,0.0,0.0,0.0,0.0,0.0,0.0,0.0,0.0,0.0,543.3
RTX3070-SASS-accel-cad11ca-gpgpu-a3c52cf,12.0,8.0,0.0,6144.0,0.0,0.0,3072.0,0.0,0.0,0.0,0.0,0.0,0.0,0.0,0.0,0.0,0.0,543.3
RTX3070-SASS-accel-1f5a2ed-gpgpu-a3c52cf,12.0,8.0,0.0,6144.0,0.0,0.0,3072.0,0.0,0.0,0.0,0.0,0.0,0.0,0.0,0.0,0.0,0.0,543.3
RTX3070-SASS-accel-20e5f99-gpgpu-a3c52cf,12.0,8.0,0.0,6144.0,0.0,0.0,3072.0,0.0,0.0,0.0,0.0,0.0,0.0,0.0,0.0,0.0,0.0,543.3
RTX3070-SASS-accel-fae2d48-gpgpu-a3c52cf,12.0,8.0,0.0,6144.0,0.0,0.0,3072.0,0.0,0.0,0.0,0.0,0.0,0.0,0.0,0.0,0.0,0.0,543.3

----------------------------------------------------------------------------------------------------,,,,,,,,,,,,,,,,,,
\s+Total_core_cache_stats_breakdown\[GLOBAL_ACC_W\]\[TOTAL_ACCESS\]\s*=\s*(.*),,,,,,,,,,,,,,,,,,
CFG,l1_bw_32f/__tpb_1024___tpsm_1024___blocks_1___ws_32--_Z5l1_bwPmS_PfPKf--0,l1_bw_64f/__tpb_1024___tpsm_1024___blocks_1___ws_32--_Z5l1_bwPmS_PdS0_--0,l1_bw_128/__tpb_1024___tpsm_1024___blocks_1___ws_32--_Z5l1_bwPmS_PfS0_--0,l1_lat/__blocks_1___ws_32--_Z6l1_latPjS_PmS0_--0,l2_bw_32f/__tpb_1024___tpsm_1024___blocks_160___ws_32--_Z5l2_bwPmS_PfS0_j--0,l2_bw_64f/__tpb_1024___tpsm_1024___blocks_160___l2_786432___ws_32--_Z5l2_bwPjS_PdS0_j--0,l2_lat/__tpb_1___tpsm_1___blocks_1___l2_786432___ws_32--_Z10l2_hit_latPjS_PmS0_--0,mem_bw/__tpb_1024___tpsm_1024___blocks_80___l2_1572864___ws_32___memclk_1132___membw_64--_Z6mem_bwPfS_S_S_S_S_PjS0_j--0,mem_lat/__tpb_1024___tpsm_1024___blocks_80___l2_1572864___ws_32___memclk_1132___membw_64--_Z7mem_latPjS_PmS0_j--0,shared_bw/__tpb_1024___tpsm_1024___blocks_1____ws_32--_Z9shared_bwPmS_Pjj--0,shared_lat/__blocks_1____ws_32--_Z10shared_latPjS_Pmj--0,shared_bank_conflicts/1--_Z18transposeCoalescedPfS_ii--0,shared_bank_conflicts/2--_Z24transposeNoBankConflictsPfS_ii--0,MaxIops_int32/__tpb_1024____blocks_1____ws_32--_Z9max_flopsIiEvPjS0_PT_S2_S2_--0,l1_shared_bw/__tpb_1024____blocks_1____ws_32--_Z9shared_bwPjS_S_S_j--0,l1_bw_32f_unroll/__tpb_1024___blocks_1____ws_32--_Z5l1_bwPjS_PfS0_--0,l1_bw_32f_unroll_large/NO_ARGS--_Z5l1_bwPjS_PfS0_--0,AV--VG
RTX3070-SASS-accel-f677b74-gpgpu-deb5eb5,NA,NA,NA,NA,NA,NA,NA,NA,NA,NA,NA,NA,NA,NA,NA,NA,NA,92873.3
RTX3070-SASS-accel-c366657-gpgpu-deb5eb5,NA,NA,NA,NA,NA,NA,NA,NA,NA,NA,NA,NA,NA,NA,NA,NA,NA,92873.3
RTX3070-SASS-accel-a72607f-gpgpu-deb5eb5,NA,NA,NA,NA,NA,NA,NA,NA,NA,NA,NA,NA,NA,NA,NA,NA,NA,92873.3
RTX3070-SASS-accel-4dbd5b1-gpgpu-deb5eb5,NA,NA,NA,NA,NA,NA,NA,NA,NA,NA,NA,NA,NA,NA,NA,NA,NA,92873.3
RTX3070-SASS-accel-60ad810-gpgpu-deb5eb5,NA,NA,NA,NA,NA,NA,NA,NA,NA,NA,NA,NA,NA,NA,NA,NA,NA,92873.3
RTX3070-SASS-accel-0ce7699-gpgpu-deb5eb5,NA,NA,NA,NA,NA,NA,NA,NA,NA,NA,NA,NA,NA,NA,NA,NA,NA,4291.0
RTX3070-SASS-accel-6812c12-gpgpu-deb5eb5,NA,NA,NA,NA,NA,NA,NA,NA,NA,NA,NA,NA,NA,NA,NA,NA,NA,92873.3
RTX3070-SASS-accel-31082a4-gpgpu-1ee03f0,NA,NA,NA,NA,NA,NA,NA,NA,NA,NA,NA,NA,NA,NA,NA,NA,NA,92873.3
RTX3070-SASS-accel-28e2777-gpgpu-1ee03f0,NA,NA,NA,NA,NA,NA,NA,NA,NA,NA,NA,NA,NA,NA,NA,NA,NA,92873.3
RTX3070-SASS-accel-10dc9a0-gpgpu-1ee03f0,NA,NA,NA,NA,NA,NA,NA,NA,NA,NA,NA,NA,NA,NA,NA,NA,NA,92873.3
RTX3070-SASS-accel-9719269-gpgpu-c51350d,NA,NA,NA,NA,NA,NA,NA,NA,NA,NA,NA,NA,NA,NA,NA,NA,NA,92873.3
RTX3070-SASS-accel-6b6f836-gpgpu-585dcf5,NA,NA,NA,NA,NA,NA,NA,NA,NA,NA,NA,NA,NA,NA,NA,NA,NA,92873.3
RTX3070-SASS-accel-252e8c4-gpgpu-585dcf5,NA,NA,NA,NA,NA,NA,NA,NA,NA,NA,NA,NA,NA,NA,NA,NA,NA,92873.3
RTX3070-SASS-accel-a4e0907-gpgpu-6c9e13d,NA,NA,NA,NA,NA,NA,NA,NA,NA,NA,NA,NA,NA,NA,NA,NA,NA,NA
RTX3070-SASS-accel-fea3381-gpgpu-6ad461a,NA,NA,NA,NA,NA,NA,NA,NA,NA,NA,NA,NA,NA,NA,NA,NA,384.0,92873.3
RTX3070-SASS-accel-16c3068-gpgpu-6ad461a,NA,NA,NA,NA,NA,NA,NA,NA,NA,NA,NA,NA,NA,NA,NA,NA,384.0,92873.3
RTX3070-SASS-accel-8f124d9-gpgpu-99b5997,NA,NA,NA,NA,NA,NA,NA,NA,NA,NA,NA,NA,NA,NA,NA,NA,384.0,92873.3
RTX3070-SASS-accel-7a31963-gpgpu-84c4f46,NA,NA,NA,NA,NA,NA,NA,NA,NA,NA,NA,NA,NA,NA,NA,NA,384.0,92873.3
RTX3070-SASS-accel-a8c1d6d-gpgpu-84c4f46,NA,NA,NA,NA,NA,NA,NA,NA,NA,NA,NA,NA,NA,NA,NA,NA,384.0,92873.3
RTX3070-SASS-accel-000be7f-gpgpu-e466afb,NA,NA,NA,NA,NA,NA,NA,NA,NA,NA,NA,NA,NA,NA,NA,NA,384.0,92873.3
RTX3070-SASS-accel-1cb6168-gpgpu-d38b300,NA,NA,NA,NA,NA,NA,NA,NA,NA,NA,NA,NA,NA,NA,NA,NA,384.0,92873.3
RTX3070-SASS-accel-a9305c5-gpgpu-d38b300,NA,NA,NA,NA,NA,NA,NA,NA,NA,NA,NA,NA,NA,NA,NA,NA,384.0,92873.3
RTX3070-SASS-accel-5b93243-gpgpu-d38b300,NA,NA,NA,NA,NA,NA,NA,NA,NA,NA,NA,NA,NA,NA,NA,NA,384.0,92873.3
RTX3070-SASS-accel-5745567-gpgpu-d38b300,NA,NA,NA,NA,NA,NA,NA,NA,NA,NA,NA,NA,NA,NA,NA,NA,384.0,92873.3
RTX3070-SASS-accel-8d1cf8e-gpgpu-d38b300,NA,NA,NA,NA,NA,NA,NA,NA,NA,NA,NA,NA,NA,NA,NA,NA,384.0,92873.3
RTX3070-SASS-accel-17f819f-gpgpu-d38b300,NA,NA,NA,NA,NA,NA,NA,NA,NA,NA,NA,NA,NA,NA,NA,NA,384.0,92873.3
RTX3070-SASS-accel-2f29d2d-gpgpu-1d39b6f,NA,NA,NA,NA,NA,NA,NA,NA,NA,NA,NA,NA,NA,NA,NA,NA,384.0,92873.3
RTX3070-SASS-accel-786503a-gpgpu-13c6711,NA,NA,NA,NA,NA,NA,NA,NA,NA,NA,NA,NA,NA,NA,NA,NA,384.0,92873.3
RTX3070-SASS-accel-53584fc-gpgpu-13c6711,NA,NA,NA,NA,NA,NA,NA,NA,NA,NA,NA,NA,NA,NA,NA,NA,384.0,92873.3
RTX3070-SASS-accel-e02c99d-gpgpu-13c6711,NA,NA,NA,NA,NA,NA,NA,NA,NA,NA,NA,NA,NA,NA,NA,NA,384.0,92873.3
RTX3070-SASS-accel-bccdebb-gpgpu-13c6711,NA,NA,NA,NA,NA,NA,NA,NA,NA,NA,NA,NA,NA,NA,NA,NA,384.0,92873.3
RTX3070-SASS-accel-0f84efb-gpgpu-74cdacd,NA,NA,NA,NA,NA,NA,NA,NA,NA,NA,NA,NA,NA,NA,NA,NA,384.0,106076.9
RTX3070-SASS-accel-7feb41c-gpgpu-74cdacd,NA,NA,NA,NA,NA,NA,NA,NA,NA,NA,NA,NA,NA,NA,NA,NA,384.0,92873.3
RTX3070-SASS-accel-8f77aae-gpgpu-948c0e1,NA,NA,NA,NA,NA,NA,NA,NA,NA,NA,NA,NA,NA,NA,NA,NA,384.0,92873.3
RTX3070-SASS-accel-8f2c50f-gpgpu-6dd3bfc,NA,NA,NA,NA,NA,NA,NA,NA,NA,NA,NA,NA,NA,NA,NA,NA,384.0,92873.3
RTX3070-SASS-accel-2f19b3d-gpgpu-e033c1f,NA,NA,NA,NA,NA,NA,NA,NA,NA,NA,NA,NA,NA,NA,NA,NA,384.0,92873.3
RTX3070-SASS-accel-17e94d7-gpgpu-e033c1f,NA,NA,NA,NA,NA,NA,NA,NA,NA,NA,NA,NA,NA,NA,NA,NA,384.0,92873.3
RTX3070-SASS-accel-dc0bece-gpgpu-e033c1f,NA,NA,NA,NA,NA,NA,NA,NA,NA,NA,NA,NA,NA,NA,NA,NA,384.0,92873.3
RTX3070-SASS-accel-21f6fea-gpgpu-e033c1f,NA,NA,NA,NA,NA,NA,NA,NA,NA,NA,NA,NA,NA,NA,NA,NA,384.0,92873.3
RTX3070-SASS-accel-a88075e-gpgpu-e033c1f,NA,NA,NA,NA,NA,NA,NA,NA,NA,NA,NA,NA,NA,NA,NA,NA,384.0,92873.3
RTX3070-SASS-accel-470e82b-gpgpu-73db3f7,NA,NA,NA,NA,NA,NA,NA,NA,NA,NA,NA,NA,NA,NA,NA,NA,384.0,92873.3
RTX3070-SASS-accel-a6c1a7a-gpgpu-66ae881,NA,NA,NA,NA,NA,NA,NA,NA,NA,NA,NA,NA,NA,NA,NA,NA,384.0,92873.3
RTX3070-SASS-accel-572f6fd-gpgpu-301be9e,NA,NA,NA,NA,NA,NA,NA,NA,NA,NA,NA,NA,NA,NA,NA,NA,384.0,92873.3
RTX3070-SASS-accel-92027de-gpgpu-58beccb,NA,NA,NA,NA,NA,NA,NA,NA,NA,NA,NA,NA,NA,NA,NA,NA,384.0,92873.3
RTX3070-SASS-accel-0c80a10-gpgpu-58beccb,NA,NA,NA,NA,NA,NA,NA,NA,NA,NA,NA,NA,NA,NA,NA,NA,384.0,92873.3
RTX3070-SASS-accel-53da2df-gpgpu-a0c12f5,NA,NA,NA,NA,NA,NA,NA,NA,NA,NA,NA,NA,NA,NA,NA,NA,384.0,92873.3
RTX3070-SASS-accel-86f4430-gpgpu-a0c12f5,NA,NA,NA,NA,NA,NA,NA,NA,NA,NA,NA,NA,NA,NA,NA,NA,384.0,92873.3
RTX3070-SASS-accel-c1a12bc-gpgpu-9aeacdf,NA,NA,NA,NA,NA,NA,NA,NA,NA,NA,NA,NA,NA,NA,NA,NA,384.0,92873.3
RTX3070-SASS-accel-a1ca547-gpgpu-9aeacdf,NA,NA,NA,NA,NA,NA,NA,NA,NA,NA,NA,NA,NA,NA,NA,NA,384.0,92873.3
RTX3070-SASS-accel-a1ca547-gpgpu-67fc78c,NA,NA,NA,NA,NA,NA,NA,NA,NA,NA,NA,NA,NA,NA,NA,NA,384.0,92873.3
RTX3070-SASS-accel-_modifi-gpgpu-67fc78c,NA,NA,NA,NA,NA,NA,NA,NA,NA,NA,NA,NA,NA,NA,NA,NA,384.0,92873.3
RTX3070-SASS-accel-c5fa0e8-gpgpu-bc268aa,NA,NA,NA,NA,NA,NA,NA,NA,NA,NA,NA,32768.0,32768.0,NA,NA,NA,384.0,86194.9
RTX3070-SASS-accel-43a51f3-gpgpu-7d3ad23,NA,NA,NA,NA,NA,NA,NA,NA,NA,NA,NA,32768.0,32768.0,NA,NA,NA,384.0,86194.9
RTX3070-SASS-accel-4ac0e40-gpgpu-7d3ad23,NA,NA,NA,NA,NA,NA,NA,NA,NA,NA,NA,32768.0,32768.0,NA,NA,NA,384.0,86194.9
RTX3070-SASS-accel-efa370c-gpgpu-6b22d66,NA,NA,NA,NA,NA,NA,NA,NA,NA,NA,NA,32768.0,32768.0,NA,NA,NA,384.0,86194.9
RTX3070-SASS-accel-66ed9f2-gpgpu-6b22d66,NA,NA,NA,NA,NA,NA,NA,NA,NA,NA,NA,32768.0,32768.0,NA,NA,NA,384.0,86194.9
RTX3070-SASS-accel-b1c61bc-gpgpu-6b22d66,NA,NA,NA,NA,NA,NA,NA,NA,NA,NA,NA,32768.0,32768.0,NA,NA,NA,384.0,86194.9
RTX3070-SASS-accel-b3d9838-gpgpu-22159f1,NA,NA,NA,NA,NA,NA,NA,NA,NA,NA,NA,32768.0,32768.0,NA,NA,NA,384.0,86194.9
RTX3070-SASS-accel-3ff1be8-gpgpu-67d8a3b,NA,NA,NA,NA,NA,NA,NA,NA,NA,NA,NA,32768.0,32768.0,NA,NA,NA,384.0,86194.9
RTX3070-SASS-accel-3ff1be8-gpgpu-9d88a1c,NA,NA,NA,NA,NA,NA,NA,NA,NA,NA,NA,32768.0,32768.0,NA,NA,NA,384.0,86194.9
RTX3070-SASS-accel-879dc35-gpgpu-3364474,640.0,768.0,640.0,8195.0,102400.0,81920.0,4099.0,1069056.0,229379.0,640.0,3.0,32768.0,32768.0,NA,384.0,384.0,384.0,92047.8
RTX3070-SASS-accel-e7b698e-gpgpu-3364474,640.0,768.0,640.0,8195.0,102400.0,81920.0,4099.0,1069056.0,229379.0,640.0,3.0,32768.0,32768.0,NA,384.0,384.0,384.0,92047.8
RTX3070-SASS-accel-1688c9d-gpgpu-3364474,640.0,768.0,640.0,8195.0,102400.0,81920.0,4099.0,1069056.0,229379.0,640.0,3.0,32768.0,32768.0,NA,384.0,384.0,384.0,92047.8
RTX3070-SASS-accel-a634fe0-gpgpu-3364474,640.0,768.0,640.0,8195.0,102400.0,81920.0,4099.0,1069056.0,229379.0,640.0,3.0,32768.0,32768.0,384.0,384.0,384.0,384.0,92047.8
RTX3070-SASS-accel-7a8e345-gpgpu-3364474,640.0,768.0,640.0,8195.0,102400.0,81920.0,4099.0,1069056.0,229379.0,640.0,3.0,32768.0,32768.0,384.0,384.0,384.0,384.0,92047.8
RTX3070-SASS-accel-d3ba55f-gpgpu-a3c52cf,640.0,768.0,640.0,8195.0,102400.0,81920.0,4099.0,1069056.0,229379.0,640.0,3.0,32768.0,32768.0,384.0,384.0,384.0,384.0,92047.8
RTX3070-SASS-accel-ec00037-gpgpu-a3c52cf,640.0,768.0,640.0,8195.0,102400.0,81920.0,4099.0,1069056.0,229379.0,640.0,3.0,32768.0,32768.0,384.0,384.0,384.0,384.0,92047.8
RTX3070-SASS-accel-a619790-gpgpu-a3c52cf,640.0,768.0,640.0,8195.0,102400.0,81920.0,4099.0,1069056.0,229379.0,640.0,3.0,32768.0,32768.0,384.0,384.0,384.0,384.0,92047.8
RTX3070-SASS-accel-08a6b5b-gpgpu-a3c52cf,640.0,768.0,640.0,8195.0,102400.0,81920.0,4099.0,1069056.0,229379.0,640.0,3.0,32768.0,32768.0,384.0,384.0,384.0,384.0,92047.8
RTX3070-SASS-accel-f2bcdfa-gpgpu-a3c52cf,640.0,768.0,640.0,8195.0,102400.0,81920.0,4099.0,1069056.0,229379.0,640.0,3.0,32768.0,32768.0,384.0,384.0,384.0,384.0,92047.8
RTX3070-SASS-accel-d21015b-gpgpu-a3c52cf,640.0,768.0,640.0,8195.0,102400.0,81920.0,4099.0,1069056.0,229379.0,640.0,3.0,32768.0,32768.0,384.0,384.0,384.0,384.0,92047.8
RTX3070-SASS-accel-b577da3-gpgpu-a3c52cf,640.0,768.0,640.0,8195.0,102400.0,81920.0,4099.0,1069056.0,229379.0,640.0,3.0,32768.0,32768.0,384.0,384.0,384.0,384.0,92047.8
RTX3070-SASS-accel-186e1bf-gpgpu-a3c52cf,640.0,768.0,640.0,8195.0,102400.0,81920.0,4099.0,1069056.0,229379.0,640.0,3.0,32768.0,32768.0,384.0,384.0,384.0,384.0,92047.8
RTX3070-SASS-accel-cad11ca-gpgpu-a3c52cf,640.0,768.0,640.0,8195.0,102400.0,81920.0,4099.0,1069056.0,229379.0,640.0,3.0,32768.0,32768.0,384.0,384.0,384.0,384.0,92047.8
RTX3070-SASS-accel-1f5a2ed-gpgpu-a3c52cf,640.0,768.0,640.0,8195.0,102400.0,81920.0,4099.0,1069056.0,229379.0,640.0,3.0,32768.0,32768.0,384.0,384.0,384.0,384.0,92047.8
RTX3070-SASS-accel-20e5f99-gpgpu-a3c52cf,640.0,768.0,640.0,8195.0,102400.0,81920.0,4099.0,1069056.0,229379.0,640.0,3.0,32768.0,32768.0,384.0,384.0,384.0,384.0,92047.8
RTX3070-SASS-accel-fae2d48-gpgpu-a3c52cf,640.0,768.0,640.0,8195.0,102400.0,81920.0,4099.0,1069056.0,229379.0,640.0,3.0,32768.0,32768.0,384.0,384.0,384.0,384.0,92047.8

----------------------------------------------------------------------------------------------------,,,,,,,,,,,,,,,,,,
\s+Total_core_cache_stats_breakdown\[GLOBAL_ACC_R\]\[MSHR_HIT\]\s*=\s*(.*),,,,,,,,,,,,,,,,,,
CFG,l1_bw_32f/__tpb_1024___tpsm_1024___blocks_1___ws_32--_Z5l1_bwPmS_PfPKf--0,l1_bw_64f/__tpb_1024___tpsm_1024___blocks_1___ws_32--_Z5l1_bwPmS_PdS0_--0,l1_bw_128/__tpb_1024___tpsm_1024___blocks_1___ws_32--_Z5l1_bwPmS_PfS0_--0,l1_lat/__blocks_1___ws_32--_Z6l1_latPjS_PmS0_--0,l2_bw_32f/__tpb_1024___tpsm_1024___blocks_160___ws_32--_Z5l2_bwPmS_PfS0_j--0,l2_bw_64f/__tpb_1024___tpsm_1024___blocks_160___l2_786432___ws_32--_Z5l2_bwPjS_PdS0_j--0,l2_lat/__tpb_1___tpsm_1___blocks_1___l2_786432___ws_32--_Z10l2_hit_latPjS_PmS0_--0,mem_bw/__tpb_1024___tpsm_1024___blocks_80___l2_1572864___ws_32___memclk_1132___membw_64--_Z6mem_bwPfS_S_S_S_S_PjS0_j--0,mem_lat/__tpb_1024___tpsm_1024___blocks_80___l2_1572864___ws_32___memclk_1132___membw_64--_Z7mem_latPjS_PmS0_j--0,shared_bw/__tpb_1024___tpsm_1024___blocks_1____ws_32--_Z9shared_bwPmS_Pjj--0,shared_lat/__blocks_1____ws_32--_Z10shared_latPjS_Pmj--0,shared_bank_conflicts/1--_Z18transposeCoalescedPfS_ii--0,shared_bank_conflicts/2--_Z24transposeNoBankConflictsPfS_ii--0,MaxIops_int32/__tpb_1024____blocks_1____ws_32--_Z9max_flopsIiEvPjS0_PT_S2_S2_--0,l1_shared_bw/__tpb_1024____blocks_1____ws_32--_Z9shared_bwPjS_S_S_j--0,l1_bw_32f_unroll/__tpb_1024___blocks_1____ws_32--_Z5l1_bwPjS_PfS0_--0,l1_bw_32f_unroll_large/NO_ARGS--_Z5l1_bwPjS_PfS0_--0,AV--VG
RTX3070-SASS-accel-f677b74-gpgpu-deb5eb5,NA,NA,NA,NA,NA,NA,NA,NA,NA,NA,NA,NA,NA,NA,NA,NA,NA,4635.8
RTX3070-SASS-accel-c366657-gpgpu-deb5eb5,NA,NA,NA,NA,NA,NA,NA,NA,NA,NA,NA,NA,NA,NA,NA,NA,NA,6218.1
RTX3070-SASS-accel-a72607f-gpgpu-deb5eb5,NA,NA,NA,NA,NA,NA,NA,NA,NA,NA,NA,NA,NA,NA,NA,NA,NA,6218.1
RTX3070-SASS-accel-4dbd5b1-gpgpu-deb5eb5,NA,NA,NA,NA,NA,NA,NA,NA,NA,NA,NA,NA,NA,NA,NA,NA,NA,4635.8
RTX3070-SASS-accel-60ad810-gpgpu-deb5eb5,NA,NA,NA,NA,NA,NA,NA,NA,NA,NA,NA,NA,NA,NA,NA,NA,NA,6218.1
RTX3070-SASS-accel-0ce7699-gpgpu-deb5eb5,NA,NA,NA,NA,NA,NA,NA,NA,NA,NA,NA,NA,NA,NA,NA,NA,NA,7.8
RTX3070-SASS-accel-6812c12-gpgpu-deb5eb5,NA,NA,NA,NA,NA,NA,NA,NA,NA,NA,NA,NA,NA,NA,NA,NA,NA,4635.8
RTX3070-SASS-accel-31082a4-gpgpu-1ee03f0,NA,NA,NA,NA,NA,NA,NA,NA,NA,NA,NA,NA,NA,NA,NA,NA,NA,5522.7
RTX3070-SASS-accel-28e2777-gpgpu-1ee03f0,NA,NA,NA,NA,NA,NA,NA,NA,NA,NA,NA,NA,NA,NA,NA,NA,NA,5522.7
RTX3070-SASS-accel-10dc9a0-gpgpu-1ee03f0,NA,NA,NA,NA,NA,NA,NA,NA,NA,NA,NA,NA,NA,NA,NA,NA,NA,5522.7
RTX3070-SASS-accel-9719269-gpgpu-c51350d,NA,NA,NA,NA,NA,NA,NA,NA,NA,NA,NA,NA,NA,NA,NA,NA,NA,5522.7
RTX3070-SASS-accel-6b6f836-gpgpu-585dcf5,NA,NA,NA,NA,NA,NA,NA,NA,NA,NA,NA,NA,NA,NA,NA,NA,NA,6089.9
RTX3070-SASS-accel-252e8c4-gpgpu-585dcf5,NA,NA,NA,NA,NA,NA,NA,NA,NA,NA,NA,NA,NA,NA,NA,NA,NA,6089.9
RTX3070-SASS-accel-a4e0907-gpgpu-6c9e13d,NA,NA,NA,NA,NA,NA,NA,NA,NA,NA,NA,NA,NA,NA,NA,NA,NA,NA
RTX3070-SASS-accel-fea3381-gpgpu-6ad461a,NA,NA,NA,NA,NA,NA,NA,NA,NA,NA,NA,NA,NA,NA,NA,NA,108907.0,6809.4
RTX3070-SASS-accel-16c3068-gpgpu-6ad461a,NA,NA,NA,NA,NA,NA,NA,NA,NA,NA,NA,NA,NA,NA,NA,NA,114692.0,7171.4
RTX3070-SASS-accel-8f124d9-gpgpu-99b5997,NA,NA,NA,NA,NA,NA,NA,NA,NA,NA,NA,NA,NA,NA,NA,NA,36251.0,2270.3
RTX3070-SASS-accel-7a31963-gpgpu-84c4f46,NA,NA,NA,NA,NA,NA,NA,NA,NA,NA,NA,NA,NA,NA,NA,NA,44356.0,2776.1
RTX3070-SASS-accel-a8c1d6d-gpgpu-84c4f46,NA,NA,NA,NA,NA,NA,NA,NA,NA,NA,NA,NA,NA,NA,NA,NA,20493.0,1287.4
RTX3070-SASS-accel-000be7f-gpgpu-e466afb,NA,NA,NA,NA,NA,NA,NA,NA,NA,NA,NA,NA,NA,NA,NA,NA,40486.0,2534.2
RTX3070-SASS-accel-1cb6168-gpgpu-d38b300,NA,NA,NA,NA,NA,NA,NA,NA,NA,NA,NA,NA,NA,NA,NA,NA,36951.0,2312.6
RTX3070-SASS-accel-a9305c5-gpgpu-d38b300,NA,NA,NA,NA,NA,NA,NA,NA,NA,NA,NA,NA,NA,NA,NA,NA,36951.0,2315.2
RTX3070-SASS-accel-5b93243-gpgpu-d38b300,NA,NA,NA,NA,NA,NA,NA,NA,NA,NA,NA,NA,NA,NA,NA,NA,42574.0,2668.6
RTX3070-SASS-accel-5745567-gpgpu-d38b300,NA,NA,NA,NA,NA,NA,NA,NA,NA,NA,NA,NA,NA,NA,NA,NA,36951.0,2313.6
RTX3070-SASS-accel-8d1cf8e-gpgpu-d38b300,NA,NA,NA,NA,NA,NA,NA,NA,NA,NA,NA,NA,NA,NA,NA,NA,36951.0,2316.1
RTX3070-SASS-accel-17f819f-gpgpu-d38b300,NA,NA,NA,NA,NA,NA,NA,NA,NA,NA,NA,NA,NA,NA,NA,NA,40008.0,2503.1
RTX3070-SASS-accel-2f29d2d-gpgpu-1d39b6f,NA,NA,NA,NA,NA,NA,NA,NA,NA,NA,NA,NA,NA,NA,NA,NA,50973.0,3192.2
RTX3070-SASS-accel-786503a-gpgpu-13c6711,NA,NA,NA,NA,NA,NA,NA,NA,NA,NA,NA,NA,NA,NA,NA,NA,87723.0,5496.2
RTX3070-SASS-accel-53584fc-gpgpu-13c6711,NA,NA,NA,NA,NA,NA,NA,NA,NA,NA,NA,NA,NA,NA,NA,NA,85120.0,5333.2
RTX3070-SASS-accel-e02c99d-gpgpu-13c6711,NA,NA,NA,NA,NA,NA,NA,NA,NA,NA,NA,NA,NA,NA,NA,NA,87723.0,5486.7
RTX3070-SASS-accel-bccdebb-gpgpu-13c6711,NA,NA,NA,NA,NA,NA,NA,NA,NA,NA,NA,NA,NA,NA,NA,NA,83202.0,5203.4
RTX3070-SASS-accel-0f84efb-gpgpu-74cdacd,NA,NA,NA,NA,NA,NA,NA,NA,NA,NA,NA,NA,NA,NA,NA,NA,87723.0,6268.5
RTX3070-SASS-accel-7feb41c-gpgpu-74cdacd,NA,NA,NA,NA,NA,NA,NA,NA,NA,NA,NA,NA,NA,NA,NA,NA,85120.0,5334.5
RTX3070-SASS-accel-8f77aae-gpgpu-948c0e1,NA,NA,NA,NA,NA,NA,NA,NA,NA,NA,NA,NA,NA,NA,NA,NA,85928.0,5374.8
RTX3070-SASS-accel-8f2c50f-gpgpu-6dd3bfc,NA,NA,NA,NA,NA,NA,NA,NA,NA,NA,NA,NA,NA,NA,NA,NA,78552.0,4924.0
RTX3070-SASS-accel-2f19b3d-gpgpu-e033c1f,NA,NA,NA,NA,NA,NA,NA,NA,NA,NA,NA,NA,NA,NA,NA,NA,83631.0,5240.4
RTX3070-SASS-accel-17e94d7-gpgpu-e033c1f,NA,NA,NA,NA,NA,NA,NA,NA,NA,NA,NA,NA,NA,NA,NA,NA,92607.0,5792.9
RTX3070-SASS-accel-dc0bece-gpgpu-e033c1f,NA,NA,NA,NA,NA,NA,NA,NA,NA,NA,NA,NA,NA,NA,NA,NA,88683.0,5547.0
RTX3070-SASS-accel-21f6fea-gpgpu-e033c1f,NA,NA,NA,NA,NA,NA,NA,NA,NA,NA,NA,NA,NA,NA,NA,NA,79497.0,4971.3
RTX3070-SASS-accel-a88075e-gpgpu-e033c1f,NA,NA,NA,NA,NA,NA,NA,NA,NA,NA,NA,NA,NA,NA,NA,NA,10947.0,696.2
RTX3070-SASS-accel-470e82b-gpgpu-73db3f7,NA,NA,NA,NA,NA,NA,NA,NA,NA,NA,NA,NA,NA,NA,NA,NA,10947.0,696.2
RTX3070-SASS-accel-a6c1a7a-gpgpu-66ae881,NA,NA,NA,NA,NA,NA,NA,NA,NA,NA,NA,NA,NA,NA,NA,NA,10947.0,696.2
RTX3070-SASS-accel-572f6fd-gpgpu-301be9e,NA,NA,NA,NA,NA,NA,NA,NA,NA,NA,NA,NA,NA,NA,NA,NA,10947.0,696.2
RTX3070-SASS-accel-92027de-gpgpu-58beccb,NA,NA,NA,NA,NA,NA,NA,NA,NA,NA,NA,NA,NA,NA,NA,NA,10947.0,696.2
RTX3070-SASS-accel-0c80a10-gpgpu-58beccb,NA,NA,NA,NA,NA,NA,NA,NA,NA,NA,NA,NA,NA,NA,NA,NA,10947.0,696.2
RTX3070-SASS-accel-53da2df-gpgpu-a0c12f5,NA,NA,NA,NA,NA,NA,NA,NA,NA,NA,NA,NA,NA,NA,NA,NA,10947.0,696.2
RTX3070-SASS-accel-86f4430-gpgpu-a0c12f5,NA,NA,NA,NA,NA,NA,NA,NA,NA,NA,NA,NA,NA,NA,NA,NA,10947.0,696.2
RTX3070-SASS-accel-c1a12bc-gpgpu-9aeacdf,NA,NA,NA,NA,NA,NA,NA,NA,NA,NA,NA,NA,NA,NA,NA,NA,10947.0,696.2
RTX3070-SASS-accel-a1ca547-gpgpu-9aeacdf,NA,NA,NA,NA,NA,NA,NA,NA,NA,NA,NA,NA,NA,NA,NA,NA,10947.0,696.2
RTX3070-SASS-accel-a1ca547-gpgpu-67fc78c,NA,NA,NA,NA,NA,NA,NA,NA,NA,NA,NA,NA,NA,NA,NA,NA,10947.0,696.2
RTX3070-SASS-accel-_modifi-gpgpu-67fc78c,NA,NA,NA,NA,NA,NA,NA,NA,NA,NA,NA,NA,NA,NA,NA,NA,10947.0,696.2
RTX3070-SASS-accel-c5fa0e8-gpgpu-bc268aa,NA,NA,NA,NA,NA,NA,NA,NA,NA,NA,NA,0.0,0.0,NA,NA,NA,20114.0,1124.5
RTX3070-SASS-accel-43a51f3-gpgpu-7d3ad23,NA,NA,NA,NA,NA,NA,NA,NA,NA,NA,NA,0.0,0.0,NA,NA,NA,20114.0,1124.5
RTX3070-SASS-accel-4ac0e40-gpgpu-7d3ad23,NA,NA,NA,NA,NA,NA,NA,NA,NA,NA,NA,0.0,0.0,NA,NA,NA,20114.0,1124.5
RTX3070-SASS-accel-efa370c-gpgpu-6b22d66,NA,NA,NA,NA,NA,NA,NA,NA,NA,NA,NA,0.0,0.0,NA,NA,NA,20114.0,1124.5
RTX3070-SASS-accel-66ed9f2-gpgpu-6b22d66,NA,NA,NA,NA,NA,NA,NA,NA,NA,NA,NA,0.0,0.0,NA,NA,NA,20114.0,1124.5
RTX3070-SASS-accel-b1c61bc-gpgpu-6b22d66,NA,NA,NA,NA,NA,NA,NA,NA,NA,NA,NA,0.0,0.0,NA,NA,NA,20114.0,1124.5
RTX3070-SASS-accel-b3d9838-gpgpu-22159f1,NA,NA,NA,NA,NA,NA,NA,NA,NA,NA,NA,0.0,0.0,NA,NA,NA,20114.0,1124.5
RTX3070-SASS-accel-3ff1be8-gpgpu-67d8a3b,NA,NA,NA,NA,NA,NA,NA,NA,NA,NA,NA,0.0,0.0,NA,NA,NA,20114.0,1124.5
RTX3070-SASS-accel-3ff1be8-gpgpu-9d88a1c,NA,NA,NA,NA,NA,NA,NA,NA,NA,NA,NA,0.0,0.0,NA,NA,NA,20114.0,1124.5
RTX3070-SASS-accel-879dc35-gpgpu-3364474,28.0,0.0,0.0,0.0,0.0,0.0,0.0,0.0,0.0,0.0,0.0,0.0,0.0,NA,31.0,0.0,30282.0,1784.8
RTX3070-SASS-accel-e7b698e-gpgpu-3364474,28.0,0.0,0.0,0.0,0.0,0.0,0.0,0.0,0.0,0.0,0.0,0.0,0.0,NA,31.0,0.0,30282.0,1784.8
RTX3070-SASS-accel-1688c9d-gpgpu-3364474,28.0,0.0,0.0,0.0,0.0,0.0,0.0,0.0,0.0,0.0,0.0,0.0,0.0,NA,31.0,0.0,30282.0,1784.8
RTX3070-SASS-accel-a634fe0-gpgpu-3364474,28.0,0.0,0.0,0.0,0.0,0.0,0.0,0.0,0.0,0.0,0.0,0.0,0.0,0.0,31.0,0.0,30282.0,1784.8
RTX3070-SASS-accel-7a8e345-gpgpu-3364474,28.0,0.0,0.0,0.0,0.0,0.0,0.0,0.0,0.0,0.0,0.0,0.0,0.0,0.0,31.0,0.0,30282.0,1784.8
RTX3070-SASS-accel-d3ba55f-gpgpu-a3c52cf,28.0,0.0,0.0,0.0,0.0,0.0,0.0,0.0,0.0,0.0,0.0,0.0,0.0,0.0,31.0,0.0,30282.0,1784.8
RTX3070-SASS-accel-ec00037-gpgpu-a3c52cf,28.0,0.0,0.0,0.0,0.0,0.0,0.0,0.0,0.0,0.0,0.0,0.0,0.0,0.0,31.0,0.0,30282.0,1784.8
RTX3070-SASS-accel-a619790-gpgpu-a3c52cf,28.0,0.0,0.0,0.0,0.0,0.0,0.0,0.0,0.0,0.0,0.0,0.0,0.0,0.0,31.0,0.0,30282.0,1784.8
RTX3070-SASS-accel-08a6b5b-gpgpu-a3c52cf,28.0,0.0,0.0,0.0,0.0,0.0,0.0,0.0,0.0,0.0,0.0,0.0,0.0,0.0,31.0,0.0,30282.0,1784.8
RTX3070-SASS-accel-f2bcdfa-gpgpu-a3c52cf,28.0,0.0,0.0,0.0,0.0,0.0,0.0,0.0,0.0,0.0,0.0,0.0,0.0,0.0,31.0,0.0,30282.0,1784.8
RTX3070-SASS-accel-d21015b-gpgpu-a3c52cf,28.0,0.0,0.0,0.0,0.0,0.0,0.0,0.0,0.0,0.0,0.0,0.0,0.0,0.0,31.0,0.0,30282.0,1784.8
RTX3070-SASS-accel-b577da3-gpgpu-a3c52cf,28.0,0.0,0.0,0.0,0.0,0.0,0.0,0.0,0.0,0.0,0.0,0.0,0.0,0.0,31.0,0.0,30282.0,1784.8
RTX3070-SASS-accel-186e1bf-gpgpu-a3c52cf,28.0,0.0,0.0,0.0,0.0,0.0,0.0,0.0,0.0,0.0,0.0,0.0,0.0,0.0,31.0,0.0,30282.0,1784.8
RTX3070-SASS-accel-cad11ca-gpgpu-a3c52cf,28.0,0.0,0.0,0.0,0.0,0.0,0.0,0.0,0.0,0.0,0.0,0.0,0.0,0.0,31.0,0.0,30282.0,1784.8
RTX3070-SASS-accel-1f5a2ed-gpgpu-a3c52cf,28.0,0.0,0.0,0.0,0.0,0.0,0.0,0.0,0.0,0.0,0.0,0.0,0.0,0.0,31.0,0.0,30282.0,1784.8
RTX3070-SASS-accel-20e5f99-gpgpu-a3c52cf,28.0,0.0,0.0,0.0,0.0,0.0,0.0,0.0,0.0,0.0,0.0,0.0,0.0,0.0,31.0,0.0,30282.0,1784.8
RTX3070-SASS-accel-fae2d48-gpgpu-a3c52cf,28.0,0.0,0.0,0.0,0.0,0.0,0.0,0.0,0.0,0.0,0.0,0.0,0.0,0.0,31.0,0.0,30282.0,1784.8

----------------------------------------------------------------------------------------------------,,,,,,,,,,,,,,,,,,
gpgpu_n_tot_w_icount\s*=\s*(.*),,,,,,,,,,,,,,,,,,
CFG,l1_bw_32f/__tpb_1024___tpsm_1024___blocks_1___ws_32--_Z5l1_bwPmS_PfPKf--0,l1_bw_64f/__tpb_1024___tpsm_1024___blocks_1___ws_32--_Z5l1_bwPmS_PdS0_--0,l1_bw_128/__tpb_1024___tpsm_1024___blocks_1___ws_32--_Z5l1_bwPmS_PfS0_--0,l1_lat/__blocks_1___ws_32--_Z6l1_latPjS_PmS0_--0,l2_bw_32f/__tpb_1024___tpsm_1024___blocks_160___ws_32--_Z5l2_bwPmS_PfS0_j--0,l2_bw_64f/__tpb_1024___tpsm_1024___blocks_160___l2_786432___ws_32--_Z5l2_bwPjS_PdS0_j--0,l2_lat/__tpb_1___tpsm_1___blocks_1___l2_786432___ws_32--_Z10l2_hit_latPjS_PmS0_--0,mem_bw/__tpb_1024___tpsm_1024___blocks_80___l2_1572864___ws_32___memclk_1132___membw_64--_Z6mem_bwPfS_S_S_S_S_PjS0_j--0,mem_lat/__tpb_1024___tpsm_1024___blocks_80___l2_1572864___ws_32___memclk_1132___membw_64--_Z7mem_latPjS_PmS0_j--0,shared_bw/__tpb_1024___tpsm_1024___blocks_1____ws_32--_Z9shared_bwPmS_Pjj--0,shared_lat/__blocks_1____ws_32--_Z10shared_latPjS_Pmj--0,shared_bank_conflicts/1--_Z18transposeCoalescedPfS_ii--0,shared_bank_conflicts/2--_Z24transposeNoBankConflictsPfS_ii--0,MaxIops_int32/__tpb_1024____blocks_1____ws_32--_Z9max_flopsIiEvPjS0_PT_S2_S2_--0,l1_shared_bw/__tpb_1024____blocks_1____ws_32--_Z9shared_bwPjS_S_S_j--0,l1_bw_32f_unroll/__tpb_1024___blocks_1____ws_32--_Z5l1_bwPjS_PfS0_--0,l1_bw_32f_unroll_large/NO_ARGS--_Z5l1_bwPjS_PfS0_--0,AV--VG
RTX3070-SASS-accel-f677b74-gpgpu-deb5eb5,NA,NA,NA,NA,NA,NA,NA,NA,NA,NA,NA,NA,NA,NA,NA,NA,NA,3603559.4
RTX3070-SASS-accel-c366657-gpgpu-deb5eb5,NA,NA,NA,NA,NA,NA,NA,NA,NA,NA,NA,NA,NA,NA,NA,NA,NA,3603559.4
RTX3070-SASS-accel-a72607f-gpgpu-deb5eb5,NA,NA,NA,NA,NA,NA,NA,NA,NA,NA,NA,NA,NA,NA,NA,NA,NA,3603559.4
RTX3070-SASS-accel-4dbd5b1-gpgpu-deb5eb5,NA,NA,NA,NA,NA,NA,NA,NA,NA,NA,NA,NA,NA,NA,NA,NA,NA,3603559.4
RTX3070-SASS-accel-60ad810-gpgpu-deb5eb5,NA,NA,NA,NA,NA,NA,NA,NA,NA,NA,NA,NA,NA,NA,NA,NA,NA,3603559.4
RTX3070-SASS-accel-0ce7699-gpgpu-deb5eb5,NA,NA,NA,NA,NA,NA,NA,NA,NA,NA,NA,NA,NA,NA,NA,NA,NA,745236.0
RTX3070-SASS-accel-6812c12-gpgpu-deb5eb5,NA,NA,NA,NA,NA,NA,NA,NA,NA,NA,NA,NA,NA,NA,NA,NA,NA,3603559.4
RTX3070-SASS-accel-31082a4-gpgpu-1ee03f0,NA,NA,NA,NA,NA,NA,NA,NA,NA,NA,NA,NA,NA,NA,NA,NA,NA,1482343.4
RTX3070-SASS-accel-28e2777-gpgpu-1ee03f0,NA,NA,NA,NA,NA,NA,NA,NA,NA,NA,NA,NA,NA,NA,NA,NA,NA,1482343.4
RTX3070-SASS-accel-10dc9a0-gpgpu-1ee03f0,NA,NA,NA,NA,NA,NA,NA,NA,NA,NA,NA,NA,NA,NA,NA,NA,NA,1482343.4
RTX3070-SASS-accel-9719269-gpgpu-c51350d,NA,NA,NA,NA,NA,NA,NA,NA,NA,NA,NA,NA,NA,NA,NA,NA,NA,1482343.4
RTX3070-SASS-accel-6b6f836-gpgpu-585dcf5,NA,NA,NA,NA,NA,NA,NA,NA,NA,NA,NA,NA,NA,NA,NA,NA,NA,1482343.4
RTX3070-SASS-accel-252e8c4-gpgpu-585dcf5,NA,NA,NA,NA,NA,NA,NA,NA,NA,NA,NA,NA,NA,NA,NA,NA,NA,1482343.4
RTX3070-SASS-accel-a4e0907-gpgpu-6c9e13d,NA,NA,NA,NA,NA,NA,NA,NA,NA,NA,NA,NA,NA,NA,NA,NA,NA,NA
RTX3070-SASS-accel-fea3381-gpgpu-6ad461a,NA,NA,NA,NA,NA,NA,NA,NA,NA,NA,NA,NA,NA,NA,NA,NA,302336.0,1482343.4
RTX3070-SASS-accel-16c3068-gpgpu-6ad461a,NA,NA,NA,NA,NA,NA,NA,NA,NA,NA,NA,NA,NA,NA,NA,NA,302336.0,1482343.4
RTX3070-SASS-accel-8f124d9-gpgpu-99b5997,NA,NA,NA,NA,NA,NA,NA,NA,NA,NA,NA,NA,NA,NA,NA,NA,302336.0,1482343.4
RTX3070-SASS-accel-7a31963-gpgpu-84c4f46,NA,NA,NA,NA,NA,NA,NA,NA,NA,NA,NA,NA,NA,NA,NA,NA,302336.0,1482343.4
RTX3070-SASS-accel-a8c1d6d-gpgpu-84c4f46,NA,NA,NA,NA,NA,NA,NA,NA,NA,NA,NA,NA,NA,NA,NA,NA,302336.0,1482343.4
RTX3070-SASS-accel-000be7f-gpgpu-e466afb,NA,NA,NA,NA,NA,NA,NA,NA,NA,NA,NA,NA,NA,NA,NA,NA,302336.0,1482343.4
RTX3070-SASS-accel-1cb6168-gpgpu-d38b300,NA,NA,NA,NA,NA,NA,NA,NA,NA,NA,NA,NA,NA,NA,NA,NA,302336.0,1482343.4
RTX3070-SASS-accel-a9305c5-gpgpu-d38b300,NA,NA,NA,NA,NA,NA,NA,NA,NA,NA,NA,NA,NA,NA,NA,NA,302336.0,1482343.4
RTX3070-SASS-accel-5b93243-gpgpu-d38b300,NA,NA,NA,NA,NA,NA,NA,NA,NA,NA,NA,NA,NA,NA,NA,NA,302336.0,1482343.4
RTX3070-SASS-accel-5745567-gpgpu-d38b300,NA,NA,NA,NA,NA,NA,NA,NA,NA,NA,NA,NA,NA,NA,NA,NA,302336.0,1482343.4
RTX3070-SASS-accel-8d1cf8e-gpgpu-d38b300,NA,NA,NA,NA,NA,NA,NA,NA,NA,NA,NA,NA,NA,NA,NA,NA,302336.0,1482343.4
RTX3070-SASS-accel-17f819f-gpgpu-d38b300,NA,NA,NA,NA,NA,NA,NA,NA,NA,NA,NA,NA,NA,NA,NA,NA,302336.0,1482343.4
RTX3070-SASS-accel-2f29d2d-gpgpu-1d39b6f,NA,NA,NA,NA,NA,NA,NA,NA,NA,NA,NA,NA,NA,NA,NA,NA,302336.0,1482343.4
RTX3070-SASS-accel-786503a-gpgpu-13c6711,NA,NA,NA,NA,NA,NA,NA,NA,NA,NA,NA,NA,NA,NA,NA,NA,302336.0,1482343.4
RTX3070-SASS-accel-53584fc-gpgpu-13c6711,NA,NA,NA,NA,NA,NA,NA,NA,NA,NA,NA,NA,NA,NA,NA,NA,302336.0,1482343.4
RTX3070-SASS-accel-e02c99d-gpgpu-13c6711,NA,NA,NA,NA,NA,NA,NA,NA,NA,NA,NA,NA,NA,NA,NA,NA,302336.0,1482343.4
RTX3070-SASS-accel-bccdebb-gpgpu-13c6711,NA,NA,NA,NA,NA,NA,NA,NA,NA,NA,NA,NA,NA,NA,NA,NA,302336.0,1482343.4
RTX3070-SASS-accel-0f84efb-gpgpu-74cdacd,NA,NA,NA,NA,NA,NA,NA,NA,NA,NA,NA,NA,NA,NA,NA,NA,302336.0,1681555.9
RTX3070-SASS-accel-7feb41c-gpgpu-74cdacd,NA,NA,NA,NA,NA,NA,NA,NA,NA,NA,NA,NA,NA,NA,NA,NA,302336.0,1482343.4
RTX3070-SASS-accel-8f77aae-gpgpu-948c0e1,NA,NA,NA,NA,NA,NA,NA,NA,NA,NA,NA,NA,NA,NA,NA,NA,302336.0,1482343.4
RTX3070-SASS-accel-8f2c50f-gpgpu-6dd3bfc,NA,NA,NA,NA,NA,NA,NA,NA,NA,NA,NA,NA,NA,NA,NA,NA,302336.0,1482343.4
RTX3070-SASS-accel-2f19b3d-gpgpu-e033c1f,NA,NA,NA,NA,NA,NA,NA,NA,NA,NA,NA,NA,NA,NA,NA,NA,302336.0,1482343.4
RTX3070-SASS-accel-17e94d7-gpgpu-e033c1f,NA,NA,NA,NA,NA,NA,NA,NA,NA,NA,NA,NA,NA,NA,NA,NA,302336.0,1482343.4
RTX3070-SASS-accel-dc0bece-gpgpu-e033c1f,NA,NA,NA,NA,NA,NA,NA,NA,NA,NA,NA,NA,NA,NA,NA,NA,302336.0,1482343.4
RTX3070-SASS-accel-21f6fea-gpgpu-e033c1f,NA,NA,NA,NA,NA,NA,NA,NA,NA,NA,NA,NA,NA,NA,NA,NA,302336.0,1482343.4
RTX3070-SASS-accel-a88075e-gpgpu-e033c1f,NA,NA,NA,NA,NA,NA,NA,NA,NA,NA,NA,NA,NA,NA,NA,NA,302336.0,1482343.4
RTX3070-SASS-accel-470e82b-gpgpu-73db3f7,NA,NA,NA,NA,NA,NA,NA,NA,NA,NA,NA,NA,NA,NA,NA,NA,302336.0,1482343.4
RTX3070-SASS-accel-a6c1a7a-gpgpu-66ae881,NA,NA,NA,NA,NA,NA,NA,NA,NA,NA,NA,NA,NA,NA,NA,NA,302336.0,1482343.4
RTX3070-SASS-accel-572f6fd-gpgpu-301be9e,NA,NA,NA,NA,NA,NA,NA,NA,NA,NA,NA,NA,NA,NA,NA,NA,302336.0,1482343.4
RTX3070-SASS-accel-92027de-gpgpu-58beccb,NA,NA,NA,NA,NA,NA,NA,NA,NA,NA,NA,NA,NA,NA,NA,NA,302336.0,1482343.4
RTX3070-SASS-accel-0c80a10-gpgpu-58beccb,NA,NA,NA,NA,NA,NA,NA,NA,NA,NA,NA,NA,NA,NA,NA,NA,302336.0,1482343.4
RTX3070-SASS-accel-53da2df-gpgpu-a0c12f5,NA,NA,NA,NA,NA,NA,NA,NA,NA,NA,NA,NA,NA,NA,NA,NA,302336.0,1482343.4
RTX3070-SASS-accel-86f4430-gpgpu-a0c12f5,NA,NA,NA,NA,NA,NA,NA,NA,NA,NA,NA,NA,NA,NA,NA,NA,302336.0,1482343.4
RTX3070-SASS-accel-c1a12bc-gpgpu-9aeacdf,NA,NA,NA,NA,NA,NA,NA,NA,NA,NA,NA,NA,NA,NA,NA,NA,302336.0,1482343.4
RTX3070-SASS-accel-a1ca547-gpgpu-9aeacdf,NA,NA,NA,NA,NA,NA,NA,NA,NA,NA,NA,NA,NA,NA,NA,NA,302336.0,1482343.4
RTX3070-SASS-accel-a1ca547-gpgpu-67fc78c,NA,NA,NA,NA,NA,NA,NA,NA,NA,NA,NA,NA,NA,NA,NA,NA,302336.0,1482343.4
RTX3070-SASS-accel-_modifi-gpgpu-67fc78c,NA,NA,NA,NA,NA,NA,NA,NA,NA,NA,NA,NA,NA,NA,NA,NA,302336.0,1482343.4
RTX3070-SASS-accel-c5fa0e8-gpgpu-bc268aa,NA,NA,NA,NA,NA,NA,NA,NA,NA,NA,NA,92160.0,92160.0,NA,NA,NA,302336.0,1327878.6
RTX3070-SASS-accel-43a51f3-gpgpu-7d3ad23,NA,NA,NA,NA,NA,NA,NA,NA,NA,NA,NA,92160.0,92160.0,NA,NA,NA,302336.0,1327878.6
RTX3070-SASS-accel-4ac0e40-gpgpu-7d3ad23,NA,NA,NA,NA,NA,NA,NA,NA,NA,NA,NA,92160.0,92160.0,NA,NA,NA,302336.0,1327878.6
RTX3070-SASS-accel-efa370c-gpgpu-6b22d66,NA,NA,NA,NA,NA,NA,NA,NA,NA,NA,NA,92160.0,92160.0,NA,NA,NA,302336.0,1327878.6
RTX3070-SASS-accel-66ed9f2-gpgpu-6b22d66,NA,NA,NA,NA,NA,NA,NA,NA,NA,NA,NA,92160.0,92160.0,NA,NA,NA,302336.0,1327878.6
RTX3070-SASS-accel-b1c61bc-gpgpu-6b22d66,NA,NA,NA,NA,NA,NA,NA,NA,NA,NA,NA,92160.0,92160.0,NA,NA,NA,302336.0,1327878.6
RTX3070-SASS-accel-b3d9838-gpgpu-22159f1,NA,NA,NA,NA,NA,NA,NA,NA,NA,NA,NA,92160.0,92160.0,NA,NA,NA,302336.0,1327878.6
RTX3070-SASS-accel-3ff1be8-gpgpu-67d8a3b,NA,NA,NA,NA,NA,NA,NA,NA,NA,NA,NA,92160.0,92160.0,NA,NA,NA,302336.0,1327878.6
RTX3070-SASS-accel-3ff1be8-gpgpu-9d88a1c,NA,NA,NA,NA,NA,NA,NA,NA,NA,NA,NA,92160.0,92160.0,NA,NA,NA,302336.0,1327878.6
RTX3070-SASS-accel-879dc35-gpgpu-3364474,1717184.0,71456.0,1272480.0,51041.0,18876928.0,18882048.0,58465.0,2281984.0,251975.0,209728.0,5949.0,92160.0,92160.0,NA,1523584.0,836608.0,302560.0,2744694.9
RTX3070-SASS-accel-e7b698e-gpgpu-3364474,1717184.0,71456.0,1272480.0,51041.0,18876928.0,18882048.0,58465.0,2281984.0,251975.0,209728.0,5949.0,92160.0,92160.0,NA,1523584.0,836608.0,302560.0,2744694.9
RTX3070-SASS-accel-1688c9d-gpgpu-3364474,1717184.0,71456.0,1272480.0,51041.0,18876928.0,18882048.0,58465.0,2281984.0,251975.0,209728.0,5949.0,92160.0,92160.0,NA,1523584.0,836608.0,302560.0,2744694.9
RTX3070-SASS-accel-a634fe0-gpgpu-3364474,1717184.0,71456.0,1272480.0,51041.0,18876928.0,18882048.0,58465.0,2281984.0,251975.0,209728.0,5949.0,92160.0,92160.0,133504.0,1523584.0,836608.0,302560.0,2744694.9
RTX3070-SASS-accel-7a8e345-gpgpu-3364474,1717184.0,71456.0,1272480.0,51041.0,18876928.0,18882048.0,58465.0,2281984.0,251975.0,209728.0,5949.0,92160.0,92160.0,133504.0,1523584.0,836608.0,302560.0,2744694.9
RTX3070-SASS-accel-d3ba55f-gpgpu-a3c52cf,1717184.0,71456.0,1272480.0,51041.0,18876928.0,18882048.0,58465.0,2281984.0,251975.0,209728.0,5949.0,92160.0,92160.0,133504.0,1523584.0,836608.0,302560.0,2744694.9
RTX3070-SASS-accel-ec00037-gpgpu-a3c52cf,1717184.0,71456.0,1272480.0,51041.0,18876928.0,18882048.0,58465.0,2281984.0,251975.0,209728.0,5949.0,92160.0,92160.0,133504.0,1523584.0,836608.0,302560.0,2744694.9
RTX3070-SASS-accel-a619790-gpgpu-a3c52cf,1717184.0,71456.0,1272480.0,51041.0,18876928.0,18882048.0,58465.0,2281984.0,251975.0,209728.0,5949.0,92160.0,92160.0,133504.0,1523584.0,836608.0,302560.0,2744694.9
RTX3070-SASS-accel-08a6b5b-gpgpu-a3c52cf,1717184.0,71456.0,1272480.0,51041.0,18876928.0,18882048.0,58465.0,2281984.0,251975.0,209728.0,5949.0,92160.0,92160.0,133504.0,1523584.0,836608.0,302560.0,2744694.9
RTX3070-SASS-accel-f2bcdfa-gpgpu-a3c52cf,1717184.0,71456.0,1272480.0,51041.0,18876928.0,18882048.0,58465.0,2281984.0,251975.0,209728.0,5949.0,92160.0,92160.0,133504.0,1523584.0,836608.0,302560.0,2744694.9
RTX3070-SASS-accel-d21015b-gpgpu-a3c52cf,1717184.0,71456.0,1272480.0,51041.0,18876928.0,18882048.0,58465.0,2281984.0,251975.0,209728.0,5949.0,92160.0,92160.0,133504.0,1523584.0,836608.0,302560.0,2744694.9
RTX3070-SASS-accel-b577da3-gpgpu-a3c52cf,1717184.0,71456.0,1272480.0,51041.0,18876928.0,18882048.0,58465.0,2281984.0,251975.0,209728.0,5949.0,92160.0,92160.0,133504.0,1523584.0,836608.0,302560.0,2744694.9
RTX3070-SASS-accel-186e1bf-gpgpu-a3c52cf,1717184.0,71456.0,1272480.0,51041.0,18876928.0,18882048.0,58465.0,2281984.0,251975.0,209728.0,5949.0,92160.0,92160.0,133504.0,1523584.0,836608.0,302560.0,2744694.9
RTX3070-SASS-accel-cad11ca-gpgpu-a3c52cf,1717184.0,71456.0,1272480.0,51041.0,18876928.0,18882048.0,58465.0,2281984.0,251975.0,209728.0,5949.0,92160.0,92160.0,133504.0,1523584.0,836608.0,302560.0,2744694.9
RTX3070-SASS-accel-1f5a2ed-gpgpu-a3c52cf,1717184.0,71456.0,1272480.0,51041.0,18876928.0,18882048.0,58465.0,2281984.0,251975.0,209728.0,5949.0,92160.0,92160.0,133504.0,1523584.0,836608.0,302560.0,2744694.9
RTX3070-SASS-accel-20e5f99-gpgpu-a3c52cf,1717184.0,71456.0,1272480.0,51041.0,18876928.0,18882048.0,58465.0,2281984.0,251975.0,209728.0,5949.0,92160.0,92160.0,133504.0,1523584.0,836608.0,302560.0,2744694.9
RTX3070-SASS-accel-fae2d48-gpgpu-a3c52cf,1717184.0,71456.0,1272480.0,51041.0,18876928.0,18882048.0,58465.0,2281984.0,251975.0,209728.0,5949.0,92160.0,92160.0,133504.0,1523584.0,836608.0,302560.0,2744694.9

----------------------------------------------------------------------------------------------------,,,,,,,,,,,,,,,,,,
total dram reads\s*=\s*(.*),,,,,,,,,,,,,,,,,,
CFG,l1_bw_32f/__tpb_1024___tpsm_1024___blocks_1___ws_32--_Z5l1_bwPmS_PfPKf--0,l1_bw_64f/__tpb_1024___tpsm_1024___blocks_1___ws_32--_Z5l1_bwPmS_PdS0_--0,l1_bw_128/__tpb_1024___tpsm_1024___blocks_1___ws_32--_Z5l1_bwPmS_PfS0_--0,l1_lat/__blocks_1___ws_32--_Z6l1_latPjS_PmS0_--0,l2_bw_32f/__tpb_1024___tpsm_1024___blocks_160___ws_32--_Z5l2_bwPmS_PfS0_j--0,l2_bw_64f/__tpb_1024___tpsm_1024___blocks_160___l2_786432___ws_32--_Z5l2_bwPjS_PdS0_j--0,l2_lat/__tpb_1___tpsm_1___blocks_1___l2_786432___ws_32--_Z10l2_hit_latPjS_PmS0_--0,mem_bw/__tpb_1024___tpsm_1024___blocks_80___l2_1572864___ws_32___memclk_1132___membw_64--_Z6mem_bwPfS_S_S_S_S_PjS0_j--0,mem_lat/__tpb_1024___tpsm_1024___blocks_80___l2_1572864___ws_32___memclk_1132___membw_64--_Z7mem_latPjS_PmS0_j--0,shared_bw/__tpb_1024___tpsm_1024___blocks_1____ws_32--_Z9shared_bwPmS_Pjj--0,shared_lat/__blocks_1____ws_32--_Z10shared_latPjS_Pmj--0,shared_bank_conflicts/1--_Z18transposeCoalescedPfS_ii--0,shared_bank_conflicts/2--_Z24transposeNoBankConflictsPfS_ii--0,MaxIops_int32/__tpb_1024____blocks_1____ws_32--_Z9max_flopsIiEvPjS0_PT_S2_S2_--0,l1_shared_bw/__tpb_1024____blocks_1____ws_32--_Z9shared_bwPjS_S_S_j--0,l1_bw_32f_unroll/__tpb_1024___blocks_1____ws_32--_Z5l1_bwPjS_PfS0_--0,l1_bw_32f_unroll_large/NO_ARGS--_Z5l1_bwPjS_PfS0_--0,AV--VG
RTX3070-SASS-accel-f677b74-gpgpu-deb5eb5,NA,NA,NA,NA,NA,NA,NA,NA,NA,NA,NA,NA,NA,NA,NA,NA,NA,336286.3
RTX3070-SASS-accel-c366657-gpgpu-deb5eb5,NA,NA,NA,NA,NA,NA,NA,NA,NA,NA,NA,NA,NA,NA,NA,NA,NA,336286.3
RTX3070-SASS-accel-a72607f-gpgpu-deb5eb5,NA,NA,NA,NA,NA,NA,NA,NA,NA,NA,NA,NA,NA,NA,NA,NA,NA,336286.3
RTX3070-SASS-accel-4dbd5b1-gpgpu-deb5eb5,NA,NA,NA,NA,NA,NA,NA,NA,NA,NA,NA,NA,NA,NA,NA,NA,NA,336286.3
RTX3070-SASS-accel-60ad810-gpgpu-deb5eb5,NA,NA,NA,NA,NA,NA,NA,NA,NA,NA,NA,NA,NA,NA,NA,NA,NA,336286.3
RTX3070-SASS-accel-0ce7699-gpgpu-deb5eb5,NA,NA,NA,NA,NA,NA,NA,NA,NA,NA,NA,NA,NA,NA,NA,NA,NA,1600.2
RTX3070-SASS-accel-6812c12-gpgpu-deb5eb5,NA,NA,NA,NA,NA,NA,NA,NA,NA,NA,NA,NA,NA,NA,NA,NA,NA,336286.3
RTX3070-SASS-accel-31082a4-gpgpu-1ee03f0,NA,NA,NA,NA,NA,NA,NA,NA,NA,NA,NA,NA,NA,NA,NA,NA,NA,334568.6
RTX3070-SASS-accel-28e2777-gpgpu-1ee03f0,NA,NA,NA,NA,NA,NA,NA,NA,NA,NA,NA,NA,NA,NA,NA,NA,NA,334568.6
RTX3070-SASS-accel-10dc9a0-gpgpu-1ee03f0,NA,NA,NA,NA,NA,NA,NA,NA,NA,NA,NA,NA,NA,NA,NA,NA,NA,334568.6
RTX3070-SASS-accel-9719269-gpgpu-c51350d,NA,NA,NA,NA,NA,NA,NA,NA,NA,NA,NA,NA,NA,NA,NA,NA,NA,334568.6
RTX3070-SASS-accel-6b6f836-gpgpu-585dcf5,NA,NA,NA,NA,NA,NA,NA,NA,NA,NA,NA,NA,NA,NA,NA,NA,NA,334568.6
RTX3070-SASS-accel-252e8c4-gpgpu-585dcf5,NA,NA,NA,NA,NA,NA,NA,NA,NA,NA,NA,NA,NA,NA,NA,NA,NA,334568.6
RTX3070-SASS-accel-a4e0907-gpgpu-6c9e13d,NA,NA,NA,NA,NA,NA,NA,NA,NA,NA,NA,NA,NA,NA,NA,NA,NA,NA
RTX3070-SASS-accel-fea3381-gpgpu-6ad461a,NA,NA,NA,NA,NA,NA,NA,NA,NA,NA,NA,NA,NA,NA,NA,NA,16512.0,334297.3
RTX3070-SASS-accel-16c3068-gpgpu-6ad461a,NA,NA,NA,NA,NA,NA,NA,NA,NA,NA,NA,NA,NA,NA,NA,NA,16512.0,334297.3
RTX3070-SASS-accel-8f124d9-gpgpu-99b5997,NA,NA,NA,NA,NA,NA,NA,NA,NA,NA,NA,NA,NA,NA,NA,NA,16512.0,333977.3
RTX3070-SASS-accel-7a31963-gpgpu-84c4f46,NA,NA,NA,NA,NA,NA,NA,NA,NA,NA,NA,NA,NA,NA,NA,NA,16512.0,333977.3
RTX3070-SASS-accel-a8c1d6d-gpgpu-84c4f46,NA,NA,NA,NA,NA,NA,NA,NA,NA,NA,NA,NA,NA,NA,NA,NA,16512.0,333977.3
RTX3070-SASS-accel-000be7f-gpgpu-e466afb,NA,NA,NA,NA,NA,NA,NA,NA,NA,NA,NA,NA,NA,NA,NA,NA,16512.0,333977.3
RTX3070-SASS-accel-1cb6168-gpgpu-d38b300,NA,NA,NA,NA,NA,NA,NA,NA,NA,NA,NA,NA,NA,NA,NA,NA,16512.0,333977.3
RTX3070-SASS-accel-a9305c5-gpgpu-d38b300,NA,NA,NA,NA,NA,NA,NA,NA,NA,NA,NA,NA,NA,NA,NA,NA,16512.0,333977.3
RTX3070-SASS-accel-5b93243-gpgpu-d38b300,NA,NA,NA,NA,NA,NA,NA,NA,NA,NA,NA,NA,NA,NA,NA,NA,16512.0,333977.3
RTX3070-SASS-accel-5745567-gpgpu-d38b300,NA,NA,NA,NA,NA,NA,NA,NA,NA,NA,NA,NA,NA,NA,NA,NA,16512.0,333977.3
RTX3070-SASS-accel-8d1cf8e-gpgpu-d38b300,NA,NA,NA,NA,NA,NA,NA,NA,NA,NA,NA,NA,NA,NA,NA,NA,16512.0,333977.3
RTX3070-SASS-accel-17f819f-gpgpu-d38b300,NA,NA,NA,NA,NA,NA,NA,NA,NA,NA,NA,NA,NA,NA,NA,NA,16512.0,333977.3
RTX3070-SASS-accel-2f29d2d-gpgpu-1d39b6f,NA,NA,NA,NA,NA,NA,NA,NA,NA,NA,NA,NA,NA,NA,NA,NA,16512.0,333977.3
RTX3070-SASS-accel-786503a-gpgpu-13c6711,NA,NA,NA,NA,NA,NA,NA,NA,NA,NA,NA,NA,NA,NA,NA,NA,16512.0,333977.3
RTX3070-SASS-accel-53584fc-gpgpu-13c6711,NA,NA,NA,NA,NA,NA,NA,NA,NA,NA,NA,NA,NA,NA,NA,NA,16512.0,333977.3
RTX3070-SASS-accel-e02c99d-gpgpu-13c6711,NA,NA,NA,NA,NA,NA,NA,NA,NA,NA,NA,NA,NA,NA,NA,NA,16512.0,333977.3
RTX3070-SASS-accel-bccdebb-gpgpu-13c6711,NA,NA,NA,NA,NA,NA,NA,NA,NA,NA,NA,NA,NA,NA,NA,NA,16512.0,333977.3
RTX3070-SASS-accel-0f84efb-gpgpu-74cdacd,NA,NA,NA,NA,NA,NA,NA,NA,NA,NA,NA,NA,NA,NA,NA,NA,16512.0,381394.4
RTX3070-SASS-accel-7feb41c-gpgpu-74cdacd,NA,NA,NA,NA,NA,NA,NA,NA,NA,NA,NA,NA,NA,NA,NA,NA,16512.0,333977.3
RTX3070-SASS-accel-8f77aae-gpgpu-948c0e1,NA,NA,NA,NA,NA,NA,NA,NA,NA,NA,NA,NA,NA,NA,NA,NA,16512.0,333977.3
RTX3070-SASS-accel-8f2c50f-gpgpu-6dd3bfc,NA,NA,NA,NA,NA,NA,NA,NA,NA,NA,NA,NA,NA,NA,NA,NA,16512.0,333977.3
RTX3070-SASS-accel-2f19b3d-gpgpu-e033c1f,NA,NA,NA,NA,NA,NA,NA,NA,NA,NA,NA,NA,NA,NA,NA,NA,16512.0,333977.3
RTX3070-SASS-accel-17e94d7-gpgpu-e033c1f,NA,NA,NA,NA,NA,NA,NA,NA,NA,NA,NA,NA,NA,NA,NA,NA,16512.0,333977.3
RTX3070-SASS-accel-dc0bece-gpgpu-e033c1f,NA,NA,NA,NA,NA,NA,NA,NA,NA,NA,NA,NA,NA,NA,NA,NA,16512.0,333977.3
RTX3070-SASS-accel-21f6fea-gpgpu-e033c1f,NA,NA,NA,NA,NA,NA,NA,NA,NA,NA,NA,NA,NA,NA,NA,NA,16512.0,333977.3
RTX3070-SASS-accel-a88075e-gpgpu-e033c1f,NA,NA,NA,NA,NA,NA,NA,NA,NA,NA,NA,NA,NA,NA,NA,NA,16512.0,333977.3
RTX3070-SASS-accel-470e82b-gpgpu-73db3f7,NA,NA,NA,NA,NA,NA,NA,NA,NA,NA,NA,NA,NA,NA,NA,NA,16512.0,333977.3
RTX3070-SASS-accel-a6c1a7a-gpgpu-66ae881,NA,NA,NA,NA,NA,NA,NA,NA,NA,NA,NA,NA,NA,NA,NA,NA,16512.0,333977.3
RTX3070-SASS-accel-572f6fd-gpgpu-301be9e,NA,NA,NA,NA,NA,NA,NA,NA,NA,NA,NA,NA,NA,NA,NA,NA,16512.0,333977.3
RTX3070-SASS-accel-92027de-gpgpu-58beccb,NA,NA,NA,NA,NA,NA,NA,NA,NA,NA,NA,NA,NA,NA,NA,NA,16512.0,333977.3
RTX3070-SASS-accel-0c80a10-gpgpu-58beccb,NA,NA,NA,NA,NA,NA,NA,NA,NA,NA,NA,NA,NA,NA,NA,NA,16512.0,333977.3
RTX3070-SASS-accel-53da2df-gpgpu-a0c12f5,NA,NA,NA,NA,NA,NA,NA,NA,NA,NA,NA,NA,NA,NA,NA,NA,16512.0,333977.3
RTX3070-SASS-accel-86f4430-gpgpu-a0c12f5,NA,NA,NA,NA,NA,NA,NA,NA,NA,NA,NA,NA,NA,NA,NA,NA,16512.0,333977.3
RTX3070-SASS-accel-c1a12bc-gpgpu-9aeacdf,NA,NA,NA,NA,NA,NA,NA,NA,NA,NA,NA,NA,NA,NA,NA,NA,16512.0,333977.3
RTX3070-SASS-accel-a1ca547-gpgpu-9aeacdf,NA,NA,NA,NA,NA,NA,NA,NA,NA,NA,NA,NA,NA,NA,NA,NA,16512.0,333977.3
RTX3070-SASS-accel-a1ca547-gpgpu-67fc78c,NA,NA,NA,NA,NA,NA,NA,NA,NA,NA,NA,NA,NA,NA,NA,NA,16512.0,333977.3
RTX3070-SASS-accel-_modifi-gpgpu-67fc78c,NA,NA,NA,NA,NA,NA,NA,NA,NA,NA,NA,NA,NA,NA,NA,NA,16512.0,333977.3
RTX3070-SASS-accel-c5fa0e8-gpgpu-bc268aa,NA,NA,NA,NA,NA,NA,NA,NA,NA,NA,NA,32768.0,32768.0,NA,NA,NA,16512.0,300509.6
RTX3070-SASS-accel-43a51f3-gpgpu-7d3ad23,NA,NA,NA,NA,NA,NA,NA,NA,NA,NA,NA,32768.0,32768.0,NA,NA,NA,16512.0,300509.6
RTX3070-SASS-accel-4ac0e40-gpgpu-7d3ad23,NA,NA,NA,NA,NA,NA,NA,NA,NA,NA,NA,32768.0,32768.0,NA,NA,NA,16512.0,300509.6
RTX3070-SASS-accel-efa370c-gpgpu-6b22d66,NA,NA,NA,NA,NA,NA,NA,NA,NA,NA,NA,32768.0,32768.0,NA,NA,NA,16512.0,300509.6
RTX3070-SASS-accel-66ed9f2-gpgpu-6b22d66,NA,NA,NA,NA,NA,NA,NA,NA,NA,NA,NA,32768.0,32768.0,NA,NA,NA,16512.0,300509.6
RTX3070-SASS-accel-b1c61bc-gpgpu-6b22d66,NA,NA,NA,NA,NA,NA,NA,NA,NA,NA,NA,32768.0,32768.0,NA,NA,NA,16512.0,300509.6
RTX3070-SASS-accel-b3d9838-gpgpu-22159f1,NA,NA,NA,NA,NA,NA,NA,NA,NA,NA,NA,32768.0,32768.0,NA,NA,NA,16512.0,300509.6
RTX3070-SASS-accel-3ff1be8-gpgpu-67d8a3b,NA,NA,NA,NA,NA,NA,NA,NA,NA,NA,NA,32768.0,32768.0,NA,NA,NA,16512.0,300509.6
RTX3070-SASS-accel-3ff1be8-gpgpu-9d88a1c,NA,NA,NA,NA,NA,NA,NA,NA,NA,NA,NA,32768.0,32768.0,NA,NA,NA,16512.0,300509.6
RTX3070-SASS-accel-879dc35-gpgpu-3364474,2060.0,2056.0,2048.0,0.0,22528.0,45056.0,0.0,5242880.0,7936.0,0.0,0.0,32768.0,32768.0,NA,257.0,2048.0,16512.0,318186.6
RTX3070-SASS-accel-e7b698e-gpgpu-3364474,2060.0,2056.0,2048.0,0.0,22528.0,45056.0,0.0,5242880.0,7936.0,0.0,0.0,32768.0,32768.0,NA,257.0,2048.0,16512.0,318186.6
RTX3070-SASS-accel-1688c9d-gpgpu-3364474,2060.0,2056.0,2048.0,0.0,22528.0,45056.0,0.0,5242880.0,7936.0,0.0,0.0,32768.0,32768.0,NA,257.0,2048.0,16512.0,318186.6
RTX3070-SASS-accel-a634fe0-gpgpu-3364474,2060.0,2056.0,2048.0,0.0,22528.0,45056.0,0.0,5242880.0,7936.0,0.0,0.0,32768.0,32768.0,256.0,257.0,2048.0,16512.0,318186.6
RTX3070-SASS-accel-7a8e345-gpgpu-3364474,2060.0,2056.0,2048.0,0.0,22528.0,45056.0,0.0,5242880.0,7936.0,0.0,0.0,32768.0,32768.0,256.0,257.0,2048.0,16512.0,318186.6
RTX3070-SASS-accel-d3ba55f-gpgpu-a3c52cf,2060.0,2056.0,2048.0,0.0,22528.0,45056.0,0.0,5242880.0,7936.0,0.0,0.0,32768.0,32768.0,256.0,257.0,2048.0,16512.0,318186.6
RTX3070-SASS-accel-ec00037-gpgpu-a3c52cf,2060.0,2056.0,2048.0,0.0,22528.0,45056.0,0.0,5242880.0,7936.0,0.0,0.0,32768.0,32768.0,256.0,257.0,2048.0,16512.0,318186.6
RTX3070-SASS-accel-a619790-gpgpu-a3c52cf,2060.0,2056.0,2048.0,0.0,22528.0,45056.0,0.0,5242880.0,7936.0,0.0,0.0,32768.0,32768.0,256.0,257.0,2048.0,16512.0,318186.6
RTX3070-SASS-accel-08a6b5b-gpgpu-a3c52cf,2060.0,2056.0,2048.0,0.0,22528.0,45056.0,0.0,5242880.0,7936.0,0.0,0.0,32768.0,32768.0,256.0,257.0,2048.0,16512.0,318186.6
RTX3070-SASS-accel-f2bcdfa-gpgpu-a3c52cf,2060.0,2056.0,2048.0,0.0,22528.0,45056.0,0.0,5242880.0,7936.0,0.0,0.0,32768.0,32768.0,256.0,257.0,2048.0,16512.0,318186.6
RTX3070-SASS-accel-d21015b-gpgpu-a3c52cf,2060.0,2056.0,2048.0,0.0,22528.0,45056.0,0.0,5242880.0,7936.0,0.0,0.0,32768.0,32768.0,256.0,257.0,2048.0,16512.0,318186.6
RTX3070-SASS-accel-b577da3-gpgpu-a3c52cf,2060.0,2056.0,2048.0,0.0,22528.0,45056.0,0.0,5242880.0,7936.0,0.0,0.0,32768.0,32768.0,256.0,257.0,2048.0,16512.0,318186.6
RTX3070-SASS-accel-186e1bf-gpgpu-a3c52cf,2060.0,2056.0,2048.0,0.0,22528.0,45056.0,0.0,5242880.0,7936.0,0.0,0.0,32768.0,32768.0,256.0,257.0,2048.0,16512.0,318186.6
RTX3070-SASS-accel-cad11ca-gpgpu-a3c52cf,2060.0,2056.0,2048.0,0.0,22528.0,45056.0,0.0,5242880.0,7936.0,0.0,0.0,32768.0,32768.0,256.0,257.0,2048.0,16512.0,318186.6
RTX3070-SASS-accel-1f5a2ed-gpgpu-a3c52cf,2060.0,2056.0,2048.0,0.0,22528.0,45056.0,0.0,5242880.0,7936.0,0.0,0.0,32768.0,32768.0,256.0,257.0,2048.0,16512.0,318186.6
RTX3070-SASS-accel-20e5f99-gpgpu-a3c52cf,2060.0,2056.0,2048.0,0.0,22528.0,45056.0,0.0,5242880.0,7936.0,0.0,0.0,32768.0,32768.0,256.0,257.0,2048.0,16512.0,318186.6
RTX3070-SASS-accel-fae2d48-gpgpu-a3c52cf,2060.0,2056.0,2048.0,0.0,22528.0,45056.0,0.0,5242880.0,7936.0,0.0,0.0,32768.0,32768.0,256.0,257.0,2048.0,16512.0,318186.6

----------------------------------------------------------------------------------------------------,,,,,,,,,,,,,,,,,,
total dram writes\s*=\s*(.*),,,,,,,,,,,,,,,,,,
CFG,l1_bw_32f/__tpb_1024___tpsm_1024___blocks_1___ws_32--_Z5l1_bwPmS_PfPKf--0,l1_bw_64f/__tpb_1024___tpsm_1024___blocks_1___ws_32--_Z5l1_bwPmS_PdS0_--0,l1_bw_128/__tpb_1024___tpsm_1024___blocks_1___ws_32--_Z5l1_bwPmS_PfS0_--0,l1_lat/__blocks_1___ws_32--_Z6l1_latPjS_PmS0_--0,l2_bw_32f/__tpb_1024___tpsm_1024___blocks_160___ws_32--_Z5l2_bwPmS_PfS0_j--0,l2_bw_64f/__tpb_1024___tpsm_1024___blocks_160___l2_786432___ws_32--_Z5l2_bwPjS_PdS0_j--0,l2_lat/__tpb_1___tpsm_1___blocks_1___l2_786432___ws_32--_Z10l2_hit_latPjS_PmS0_--0,mem_bw/__tpb_1024___tpsm_1024___blocks_80___l2_1572864___ws_32___memclk_1132___membw_64--_Z6mem_bwPfS_S_S_S_S_PjS0_j--0,mem_lat/__tpb_1024___tpsm_1024___blocks_80___l2_1572864___ws_32___memclk_1132___membw_64--_Z7mem_latPjS_PmS0_j--0,shared_bw/__tpb_1024___tpsm_1024___blocks_1____ws_32--_Z9shared_bwPmS_Pjj--0,shared_lat/__blocks_1____ws_32--_Z10shared_latPjS_Pmj--0,shared_bank_conflicts/1--_Z18transposeCoalescedPfS_ii--0,shared_bank_conflicts/2--_Z24transposeNoBankConflictsPfS_ii--0,MaxIops_int32/__tpb_1024____blocks_1____ws_32--_Z9max_flopsIiEvPjS0_PT_S2_S2_--0,l1_shared_bw/__tpb_1024____blocks_1____ws_32--_Z9shared_bwPjS_S_S_j--0,l1_bw_32f_unroll/__tpb_1024___blocks_1____ws_32--_Z5l1_bwPjS_PfS0_--0,l1_bw_32f_unroll_large/NO_ARGS--_Z5l1_bwPjS_PfS0_--0,AV--VG
RTX3070-SASS-accel-f677b74-gpgpu-deb5eb5,NA,NA,NA,NA,NA,NA,NA,NA,NA,NA,NA,NA,NA,NA,NA,NA,NA,76695.6
RTX3070-SASS-accel-c366657-gpgpu-deb5eb5,NA,NA,NA,NA,NA,NA,NA,NA,NA,NA,NA,NA,NA,NA,NA,NA,NA,76695.6
RTX3070-SASS-accel-a72607f-gpgpu-deb5eb5,NA,NA,NA,NA,NA,NA,NA,NA,NA,NA,NA,NA,NA,NA,NA,NA,NA,76695.6
RTX3070-SASS-accel-4dbd5b1-gpgpu-deb5eb5,NA,NA,NA,NA,NA,NA,NA,NA,NA,NA,NA,NA,NA,NA,NA,NA,NA,76695.6
RTX3070-SASS-accel-60ad810-gpgpu-deb5eb5,NA,NA,NA,NA,NA,NA,NA,NA,NA,NA,NA,NA,NA,NA,NA,NA,NA,76695.6
RTX3070-SASS-accel-0ce7699-gpgpu-deb5eb5,NA,NA,NA,NA,NA,NA,NA,NA,NA,NA,NA,NA,NA,NA,NA,NA,NA,0.0
RTX3070-SASS-accel-6812c12-gpgpu-deb5eb5,NA,NA,NA,NA,NA,NA,NA,NA,NA,NA,NA,NA,NA,NA,NA,NA,NA,76695.6
RTX3070-SASS-accel-31082a4-gpgpu-1ee03f0,NA,NA,NA,NA,NA,NA,NA,NA,NA,NA,NA,NA,NA,NA,NA,NA,NA,76273.3
RTX3070-SASS-accel-28e2777-gpgpu-1ee03f0,NA,NA,NA,NA,NA,NA,NA,NA,NA,NA,NA,NA,NA,NA,NA,NA,NA,76273.3
RTX3070-SASS-accel-10dc9a0-gpgpu-1ee03f0,NA,NA,NA,NA,NA,NA,NA,NA,NA,NA,NA,NA,NA,NA,NA,NA,NA,76273.3
RTX3070-SASS-accel-9719269-gpgpu-c51350d,NA,NA,NA,NA,NA,NA,NA,NA,NA,NA,NA,NA,NA,NA,NA,NA,NA,76273.3
RTX3070-SASS-accel-6b6f836-gpgpu-585dcf5,NA,NA,NA,NA,NA,NA,NA,NA,NA,NA,NA,NA,NA,NA,NA,NA,NA,76248.8
RTX3070-SASS-accel-252e8c4-gpgpu-585dcf5,NA,NA,NA,NA,NA,NA,NA,NA,NA,NA,NA,NA,NA,NA,NA,NA,NA,76248.8
RTX3070-SASS-accel-a4e0907-gpgpu-6c9e13d,NA,NA,NA,NA,NA,NA,NA,NA,NA,NA,NA,NA,NA,NA,NA,NA,NA,NA
RTX3070-SASS-accel-fea3381-gpgpu-6ad461a,NA,NA,NA,NA,NA,NA,NA,NA,NA,NA,NA,NA,NA,NA,NA,NA,0.0,72704.8
RTX3070-SASS-accel-16c3068-gpgpu-6ad461a,NA,NA,NA,NA,NA,NA,NA,NA,NA,NA,NA,NA,NA,NA,NA,NA,0.0,72722.1
RTX3070-SASS-accel-8f124d9-gpgpu-99b5997,NA,NA,NA,NA,NA,NA,NA,NA,NA,NA,NA,NA,NA,NA,NA,NA,0.0,72696.5
RTX3070-SASS-accel-7a31963-gpgpu-84c4f46,NA,NA,NA,NA,NA,NA,NA,NA,NA,NA,NA,NA,NA,NA,NA,NA,0.0,72707.8
RTX3070-SASS-accel-a8c1d6d-gpgpu-84c4f46,NA,NA,NA,NA,NA,NA,NA,NA,NA,NA,NA,NA,NA,NA,NA,NA,0.0,72671.5
RTX3070-SASS-accel-000be7f-gpgpu-e466afb,NA,NA,NA,NA,NA,NA,NA,NA,NA,NA,NA,NA,NA,NA,NA,NA,0.0,72669.5
RTX3070-SASS-accel-1cb6168-gpgpu-d38b300,NA,NA,NA,NA,NA,NA,NA,NA,NA,NA,NA,NA,NA,NA,NA,NA,0.0,72696.8
RTX3070-SASS-accel-a9305c5-gpgpu-d38b300,NA,NA,NA,NA,NA,NA,NA,NA,NA,NA,NA,NA,NA,NA,NA,NA,0.0,72701.2
RTX3070-SASS-accel-5b93243-gpgpu-d38b300,NA,NA,NA,NA,NA,NA,NA,NA,NA,NA,NA,NA,NA,NA,NA,NA,0.0,72702.8
RTX3070-SASS-accel-5745567-gpgpu-d38b300,NA,NA,NA,NA,NA,NA,NA,NA,NA,NA,NA,NA,NA,NA,NA,NA,0.0,72700.8
RTX3070-SASS-accel-8d1cf8e-gpgpu-d38b300,NA,NA,NA,NA,NA,NA,NA,NA,NA,NA,NA,NA,NA,NA,NA,NA,0.0,72684.2
RTX3070-SASS-accel-17f819f-gpgpu-d38b300,NA,NA,NA,NA,NA,NA,NA,NA,NA,NA,NA,NA,NA,NA,NA,NA,0.0,72678.2
RTX3070-SASS-accel-2f29d2d-gpgpu-1d39b6f,NA,NA,NA,NA,NA,NA,NA,NA,NA,NA,NA,NA,NA,NA,NA,NA,0.0,72699.5
RTX3070-SASS-accel-786503a-gpgpu-13c6711,NA,NA,NA,NA,NA,NA,NA,NA,NA,NA,NA,NA,NA,NA,NA,NA,0.0,72684.5
RTX3070-SASS-accel-53584fc-gpgpu-13c6711,NA,NA,NA,NA,NA,NA,NA,NA,NA,NA,NA,NA,NA,NA,NA,NA,0.0,72697.6
RTX3070-SASS-accel-e02c99d-gpgpu-13c6711,NA,NA,NA,NA,NA,NA,NA,NA,NA,NA,NA,NA,NA,NA,NA,NA,0.0,72711.8
RTX3070-SASS-accel-bccdebb-gpgpu-13c6711,NA,NA,NA,NA,NA,NA,NA,NA,NA,NA,NA,NA,NA,NA,NA,NA,0.0,72702.8
RTX3070-SASS-accel-0f84efb-gpgpu-74cdacd,NA,NA,NA,NA,NA,NA,NA,NA,NA,NA,NA,NA,NA,NA,NA,NA,0.0,83063.1
RTX3070-SASS-accel-7feb41c-gpgpu-74cdacd,NA,NA,NA,NA,NA,NA,NA,NA,NA,NA,NA,NA,NA,NA,NA,NA,0.0,72717.8
RTX3070-SASS-accel-8f77aae-gpgpu-948c0e1,NA,NA,NA,NA,NA,NA,NA,NA,NA,NA,NA,NA,NA,NA,NA,NA,0.0,72701.0
RTX3070-SASS-accel-8f2c50f-gpgpu-6dd3bfc,NA,NA,NA,NA,NA,NA,NA,NA,NA,NA,NA,NA,NA,NA,NA,NA,0.0,72696.3
RTX3070-SASS-accel-2f19b3d-gpgpu-e033c1f,NA,NA,NA,NA,NA,NA,NA,NA,NA,NA,NA,NA,NA,NA,NA,NA,0.0,72712.2
RTX3070-SASS-accel-17e94d7-gpgpu-e033c1f,NA,NA,NA,NA,NA,NA,NA,NA,NA,NA,NA,NA,NA,NA,NA,NA,0.0,72698.0
RTX3070-SASS-accel-dc0bece-gpgpu-e033c1f,NA,NA,NA,NA,NA,NA,NA,NA,NA,NA,NA,NA,NA,NA,NA,NA,0.0,72690.8
RTX3070-SASS-accel-21f6fea-gpgpu-e033c1f,NA,NA,NA,NA,NA,NA,NA,NA,NA,NA,NA,NA,NA,NA,NA,NA,0.0,72681.0
RTX3070-SASS-accel-a88075e-gpgpu-e033c1f,NA,NA,NA,NA,NA,NA,NA,NA,NA,NA,NA,NA,NA,NA,NA,NA,0.0,72690.0
RTX3070-SASS-accel-470e82b-gpgpu-73db3f7,NA,NA,NA,NA,NA,NA,NA,NA,NA,NA,NA,NA,NA,NA,NA,NA,0.0,72690.0
RTX3070-SASS-accel-a6c1a7a-gpgpu-66ae881,NA,NA,NA,NA,NA,NA,NA,NA,NA,NA,NA,NA,NA,NA,NA,NA,0.0,72690.0
RTX3070-SASS-accel-572f6fd-gpgpu-301be9e,NA,NA,NA,NA,NA,NA,NA,NA,NA,NA,NA,NA,NA,NA,NA,NA,0.0,72690.0
RTX3070-SASS-accel-92027de-gpgpu-58beccb,NA,NA,NA,NA,NA,NA,NA,NA,NA,NA,NA,NA,NA,NA,NA,NA,0.0,72690.0
RTX3070-SASS-accel-0c80a10-gpgpu-58beccb,NA,NA,NA,NA,NA,NA,NA,NA,NA,NA,NA,NA,NA,NA,NA,NA,0.0,72690.0
RTX3070-SASS-accel-53da2df-gpgpu-a0c12f5,NA,NA,NA,NA,NA,NA,NA,NA,NA,NA,NA,NA,NA,NA,NA,NA,0.0,72690.0
RTX3070-SASS-accel-86f4430-gpgpu-a0c12f5,NA,NA,NA,NA,NA,NA,NA,NA,NA,NA,NA,NA,NA,NA,NA,NA,0.0,72690.0
RTX3070-SASS-accel-c1a12bc-gpgpu-9aeacdf,NA,NA,NA,NA,NA,NA,NA,NA,NA,NA,NA,NA,NA,NA,NA,NA,0.0,72690.0
RTX3070-SASS-accel-a1ca547-gpgpu-9aeacdf,NA,NA,NA,NA,NA,NA,NA,NA,NA,NA,NA,NA,NA,NA,NA,NA,0.0,72690.0
RTX3070-SASS-accel-a1ca547-gpgpu-67fc78c,NA,NA,NA,NA,NA,NA,NA,NA,NA,NA,NA,NA,NA,NA,NA,NA,0.0,72690.0
RTX3070-SASS-accel-_modifi-gpgpu-67fc78c,NA,NA,NA,NA,NA,NA,NA,NA,NA,NA,NA,NA,NA,NA,NA,NA,0.0,72690.0
RTX3070-SASS-accel-c5fa0e8-gpgpu-bc268aa,NA,NA,NA,NA,NA,NA,NA,NA,NA,NA,NA,0.0,0.0,NA,NA,NA,0.0,64687.4
RTX3070-SASS-accel-43a51f3-gpgpu-7d3ad23,NA,NA,NA,NA,NA,NA,NA,NA,NA,NA,NA,0.0,0.0,NA,NA,NA,0.0,64687.4
RTX3070-SASS-accel-4ac0e40-gpgpu-7d3ad23,NA,NA,NA,NA,NA,NA,NA,NA,NA,NA,NA,0.0,0.0,NA,NA,NA,0.0,64687.4
RTX3070-SASS-accel-efa370c-gpgpu-6b22d66,NA,NA,NA,NA,NA,NA,NA,NA,NA,NA,NA,0.0,0.0,NA,NA,NA,0.0,64687.4
RTX3070-SASS-accel-66ed9f2-gpgpu-6b22d66,NA,NA,NA,NA,NA,NA,NA,NA,NA,NA,NA,0.0,0.0,NA,NA,NA,0.0,64687.4
RTX3070-SASS-accel-b1c61bc-gpgpu-6b22d66,NA,NA,NA,NA,NA,NA,NA,NA,NA,NA,NA,0.0,0.0,NA,NA,NA,0.0,64687.4
RTX3070-SASS-accel-b3d9838-gpgpu-22159f1,NA,NA,NA,NA,NA,NA,NA,NA,NA,NA,NA,0.0,0.0,NA,NA,NA,0.0,64687.4
RTX3070-SASS-accel-3ff1be8-gpgpu-67d8a3b,NA,NA,NA,NA,NA,NA,NA,NA,NA,NA,NA,0.0,0.0,NA,NA,NA,0.0,64687.4
RTX3070-SASS-accel-3ff1be8-gpgpu-9d88a1c,NA,NA,NA,NA,NA,NA,NA,NA,NA,NA,NA,0.0,0.0,NA,NA,NA,0.0,64687.4
RTX3070-SASS-accel-879dc35-gpgpu-3364474,0.0,0.0,0.0,0.0,0.0,0.0,0.0,1036712.0,106248.0,0.0,0.0,0.0,0.0,NA,0.0,0.0,0.0,67232.9
RTX3070-SASS-accel-e7b698e-gpgpu-3364474,0.0,0.0,0.0,0.0,0.0,0.0,0.0,1036712.0,106248.0,0.0,0.0,0.0,0.0,NA,0.0,0.0,0.0,67232.9
RTX3070-SASS-accel-1688c9d-gpgpu-3364474,0.0,0.0,0.0,0.0,0.0,0.0,0.0,1036712.0,106248.0,0.0,0.0,0.0,0.0,NA,0.0,0.0,0.0,67232.9
RTX3070-SASS-accel-a634fe0-gpgpu-3364474,0.0,0.0,0.0,0.0,0.0,0.0,0.0,1036712.0,106248.0,0.0,0.0,0.0,0.0,0.0,0.0,0.0,0.0,67232.9
RTX3070-SASS-accel-7a8e345-gpgpu-3364474,0.0,0.0,0.0,0.0,0.0,0.0,0.0,1036712.0,106248.0,0.0,0.0,0.0,0.0,0.0,0.0,0.0,0.0,67232.9
RTX3070-SASS-accel-d3ba55f-gpgpu-a3c52cf,0.0,0.0,0.0,0.0,0.0,0.0,0.0,1035684.0,106024.0,0.0,0.0,0.0,0.0,0.0,0.0,0.0,0.0,67159.3
RTX3070-SASS-accel-ec00037-gpgpu-a3c52cf,0.0,0.0,0.0,0.0,0.0,0.0,0.0,1035684.0,106024.0,0.0,0.0,0.0,0.0,0.0,0.0,0.0,0.0,67159.3
RTX3070-SASS-accel-a619790-gpgpu-a3c52cf,0.0,0.0,0.0,0.0,0.0,0.0,0.0,1035684.0,106024.0,0.0,0.0,0.0,0.0,0.0,0.0,0.0,0.0,67159.3
RTX3070-SASS-accel-08a6b5b-gpgpu-a3c52cf,0.0,0.0,0.0,0.0,0.0,0.0,0.0,1035684.0,106024.0,0.0,0.0,0.0,0.0,0.0,0.0,0.0,0.0,67159.3
RTX3070-SASS-accel-f2bcdfa-gpgpu-a3c52cf,0.0,0.0,0.0,0.0,0.0,0.0,0.0,1035684.0,106024.0,0.0,0.0,0.0,0.0,0.0,0.0,0.0,0.0,67159.3
RTX3070-SASS-accel-d21015b-gpgpu-a3c52cf,0.0,0.0,0.0,0.0,0.0,0.0,0.0,1035684.0,106024.0,0.0,0.0,0.0,0.0,0.0,0.0,0.0,0.0,67159.3
RTX3070-SASS-accel-b577da3-gpgpu-a3c52cf,0.0,0.0,0.0,0.0,0.0,0.0,0.0,1035684.0,106024.0,0.0,0.0,0.0,0.0,0.0,0.0,0.0,0.0,67159.3
RTX3070-SASS-accel-186e1bf-gpgpu-a3c52cf,0.0,0.0,0.0,0.0,0.0,0.0,0.0,1035684.0,106024.0,0.0,0.0,0.0,0.0,0.0,0.0,0.0,0.0,67159.3
RTX3070-SASS-accel-cad11ca-gpgpu-a3c52cf,0.0,0.0,0.0,0.0,0.0,0.0,0.0,1035684.0,106024.0,0.0,0.0,0.0,0.0,0.0,0.0,0.0,0.0,67159.3
RTX3070-SASS-accel-1f5a2ed-gpgpu-a3c52cf,0.0,0.0,0.0,0.0,0.0,0.0,0.0,1035684.0,106024.0,0.0,0.0,0.0,0.0,0.0,0.0,0.0,0.0,67159.3
RTX3070-SASS-accel-20e5f99-gpgpu-a3c52cf,0.0,0.0,0.0,0.0,0.0,0.0,0.0,1035684.0,106024.0,0.0,0.0,0.0,0.0,0.0,0.0,0.0,0.0,67159.3
RTX3070-SASS-accel-fae2d48-gpgpu-a3c52cf,0.0,0.0,0.0,0.0,0.0,0.0,0.0,1035684.0,106024.0,0.0,0.0,0.0,0.0,0.0,0.0,0.0,0.0,67159.3

----------------------------------------------------------------------------------------------------,,,,,,,,,,,,,,,,,,
kernel_launch_uid\s*=\s*(.*),,,,,,,,,,,,,,,,,,
CFG,l1_bw_32f/__tpb_1024___tpsm_1024___blocks_1___ws_32--_Z5l1_bwPmS_PfPKf--0,l1_bw_64f/__tpb_1024___tpsm_1024___blocks_1___ws_32--_Z5l1_bwPmS_PdS0_--0,l1_bw_128/__tpb_1024___tpsm_1024___blocks_1___ws_32--_Z5l1_bwPmS_PfS0_--0,l1_lat/__blocks_1___ws_32--_Z6l1_latPjS_PmS0_--0,l2_bw_32f/__tpb_1024___tpsm_1024___blocks_160___ws_32--_Z5l2_bwPmS_PfS0_j--0,l2_bw_64f/__tpb_1024___tpsm_1024___blocks_160___l2_786432___ws_32--_Z5l2_bwPjS_PdS0_j--0,l2_lat/__tpb_1___tpsm_1___blocks_1___l2_786432___ws_32--_Z10l2_hit_latPjS_PmS0_--0,mem_bw/__tpb_1024___tpsm_1024___blocks_80___l2_1572864___ws_32___memclk_1132___membw_64--_Z6mem_bwPfS_S_S_S_S_PjS0_j--0,mem_lat/__tpb_1024___tpsm_1024___blocks_80___l2_1572864___ws_32___memclk_1132___membw_64--_Z7mem_latPjS_PmS0_j--0,shared_bw/__tpb_1024___tpsm_1024___blocks_1____ws_32--_Z9shared_bwPmS_Pjj--0,shared_lat/__blocks_1____ws_32--_Z10shared_latPjS_Pmj--0,shared_bank_conflicts/1--_Z18transposeCoalescedPfS_ii--0,shared_bank_conflicts/2--_Z24transposeNoBankConflictsPfS_ii--0,MaxIops_int32/__tpb_1024____blocks_1____ws_32--_Z9max_flopsIiEvPjS0_PT_S2_S2_--0,l1_shared_bw/__tpb_1024____blocks_1____ws_32--_Z9shared_bwPjS_S_S_j--0,l1_bw_32f_unroll/__tpb_1024___blocks_1____ws_32--_Z5l1_bwPjS_PfS0_--0,l1_bw_32f_unroll_large/NO_ARGS--_Z5l1_bwPjS_PfS0_--0,AV--VG
RTX3070-SASS-accel-f677b74-gpgpu-deb5eb5,NA,NA,NA,NA,NA,NA,NA,NA,NA,NA,NA,NA,NA,NA,NA,NA,NA,1.1
RTX3070-SASS-accel-c366657-gpgpu-deb5eb5,NA,NA,NA,NA,NA,NA,NA,NA,NA,NA,NA,NA,NA,NA,NA,NA,NA,1.1
RTX3070-SASS-accel-a72607f-gpgpu-deb5eb5,NA,NA,NA,NA,NA,NA,NA,NA,NA,NA,NA,NA,NA,NA,NA,NA,NA,1.1
RTX3070-SASS-accel-4dbd5b1-gpgpu-deb5eb5,NA,NA,NA,NA,NA,NA,NA,NA,NA,NA,NA,NA,NA,NA,NA,NA,NA,1.1
RTX3070-SASS-accel-60ad810-gpgpu-deb5eb5,NA,NA,NA,NA,NA,NA,NA,NA,NA,NA,NA,NA,NA,NA,NA,NA,NA,1.1
RTX3070-SASS-accel-0ce7699-gpgpu-deb5eb5,NA,NA,NA,NA,NA,NA,NA,NA,NA,NA,NA,NA,NA,NA,NA,NA,NA,1.5
RTX3070-SASS-accel-6812c12-gpgpu-deb5eb5,NA,NA,NA,NA,NA,NA,NA,NA,NA,NA,NA,NA,NA,NA,NA,NA,NA,1.1
RTX3070-SASS-accel-31082a4-gpgpu-1ee03f0,NA,NA,NA,NA,NA,NA,NA,NA,NA,NA,NA,NA,NA,NA,NA,NA,NA,1.1
RTX3070-SASS-accel-28e2777-gpgpu-1ee03f0,NA,NA,NA,NA,NA,NA,NA,NA,NA,NA,NA,NA,NA,NA,NA,NA,NA,1.1
RTX3070-SASS-accel-10dc9a0-gpgpu-1ee03f0,NA,NA,NA,NA,NA,NA,NA,NA,NA,NA,NA,NA,NA,NA,NA,NA,NA,1.1
RTX3070-SASS-accel-9719269-gpgpu-c51350d,NA,NA,NA,NA,NA,NA,NA,NA,NA,NA,NA,NA,NA,NA,NA,NA,NA,1.1
RTX3070-SASS-accel-6b6f836-gpgpu-585dcf5,NA,NA,NA,NA,NA,NA,NA,NA,NA,NA,NA,NA,NA,NA,NA,NA,NA,1.1
RTX3070-SASS-accel-252e8c4-gpgpu-585dcf5,NA,NA,NA,NA,NA,NA,NA,NA,NA,NA,NA,NA,NA,NA,NA,NA,NA,1.1
RTX3070-SASS-accel-a4e0907-gpgpu-6c9e13d,NA,NA,NA,NA,NA,NA,NA,NA,NA,NA,NA,NA,NA,NA,NA,NA,NA,NA
RTX3070-SASS-accel-fea3381-gpgpu-6ad461a,NA,NA,NA,NA,NA,NA,NA,NA,NA,NA,NA,NA,NA,NA,NA,NA,1.0,1.1
RTX3070-SASS-accel-16c3068-gpgpu-6ad461a,NA,NA,NA,NA,NA,NA,NA,NA,NA,NA,NA,NA,NA,NA,NA,NA,1.0,1.1
RTX3070-SASS-accel-8f124d9-gpgpu-99b5997,NA,NA,NA,NA,NA,NA,NA,NA,NA,NA,NA,NA,NA,NA,NA,NA,1.0,1.1
RTX3070-SASS-accel-7a31963-gpgpu-84c4f46,NA,NA,NA,NA,NA,NA,NA,NA,NA,NA,NA,NA,NA,NA,NA,NA,1.0,1.1
RTX3070-SASS-accel-a8c1d6d-gpgpu-84c4f46,NA,NA,NA,NA,NA,NA,NA,NA,NA,NA,NA,NA,NA,NA,NA,NA,1.0,1.1
RTX3070-SASS-accel-000be7f-gpgpu-e466afb,NA,NA,NA,NA,NA,NA,NA,NA,NA,NA,NA,NA,NA,NA,NA,NA,1.0,1.1
RTX3070-SASS-accel-1cb6168-gpgpu-d38b300,NA,NA,NA,NA,NA,NA,NA,NA,NA,NA,NA,NA,NA,NA,NA,NA,1.0,1.1
RTX3070-SASS-accel-a9305c5-gpgpu-d38b300,NA,NA,NA,NA,NA,NA,NA,NA,NA,NA,NA,NA,NA,NA,NA,NA,1.0,1.1
RTX3070-SASS-accel-5b93243-gpgpu-d38b300,NA,NA,NA,NA,NA,NA,NA,NA,NA,NA,NA,NA,NA,NA,NA,NA,1.0,1.1
RTX3070-SASS-accel-5745567-gpgpu-d38b300,NA,NA,NA,NA,NA,NA,NA,NA,NA,NA,NA,NA,NA,NA,NA,NA,1.0,1.1
RTX3070-SASS-accel-8d1cf8e-gpgpu-d38b300,NA,NA,NA,NA,NA,NA,NA,NA,NA,NA,NA,NA,NA,NA,NA,NA,1.0,1.1
RTX3070-SASS-accel-17f819f-gpgpu-d38b300,NA,NA,NA,NA,NA,NA,NA,NA,NA,NA,NA,NA,NA,NA,NA,NA,1.0,1.1
RTX3070-SASS-accel-2f29d2d-gpgpu-1d39b6f,NA,NA,NA,NA,NA,NA,NA,NA,NA,NA,NA,NA,NA,NA,NA,NA,1.0,1.1
RTX3070-SASS-accel-786503a-gpgpu-13c6711,NA,NA,NA,NA,NA,NA,NA,NA,NA,NA,NA,NA,NA,NA,NA,NA,1.0,1.1
RTX3070-SASS-accel-53584fc-gpgpu-13c6711,NA,NA,NA,NA,NA,NA,NA,NA,NA,NA,NA,NA,NA,NA,NA,NA,1.0,1.1
RTX3070-SASS-accel-e02c99d-gpgpu-13c6711,NA,NA,NA,NA,NA,NA,NA,NA,NA,NA,NA,NA,NA,NA,NA,NA,1.0,1.1
RTX3070-SASS-accel-bccdebb-gpgpu-13c6711,NA,NA,NA,NA,NA,NA,NA,NA,NA,NA,NA,NA,NA,NA,NA,NA,1.0,1.1
RTX3070-SASS-accel-0f84efb-gpgpu-74cdacd,NA,NA,NA,NA,NA,NA,NA,NA,NA,NA,NA,NA,NA,NA,NA,NA,1.0,1.1
RTX3070-SASS-accel-7feb41c-gpgpu-74cdacd,NA,NA,NA,NA,NA,NA,NA,NA,NA,NA,NA,NA,NA,NA,NA,NA,1.0,1.1
RTX3070-SASS-accel-8f77aae-gpgpu-948c0e1,NA,NA,NA,NA,NA,NA,NA,NA,NA,NA,NA,NA,NA,NA,NA,NA,1.0,1.1
RTX3070-SASS-accel-8f2c50f-gpgpu-6dd3bfc,NA,NA,NA,NA,NA,NA,NA,NA,NA,NA,NA,NA,NA,NA,NA,NA,1.0,1.1
RTX3070-SASS-accel-2f19b3d-gpgpu-e033c1f,NA,NA,NA,NA,NA,NA,NA,NA,NA,NA,NA,NA,NA,NA,NA,NA,1.0,1.1
RTX3070-SASS-accel-17e94d7-gpgpu-e033c1f,NA,NA,NA,NA,NA,NA,NA,NA,NA,NA,NA,NA,NA,NA,NA,NA,1.0,1.1
RTX3070-SASS-accel-dc0bece-gpgpu-e033c1f,NA,NA,NA,NA,NA,NA,NA,NA,NA,NA,NA,NA,NA,NA,NA,NA,1.0,1.1
RTX3070-SASS-accel-21f6fea-gpgpu-e033c1f,NA,NA,NA,NA,NA,NA,NA,NA,NA,NA,NA,NA,NA,NA,NA,NA,1.0,1.1
RTX3070-SASS-accel-a88075e-gpgpu-e033c1f,NA,NA,NA,NA,NA,NA,NA,NA,NA,NA,NA,NA,NA,NA,NA,NA,1.0,1.1
RTX3070-SASS-accel-470e82b-gpgpu-73db3f7,NA,NA,NA,NA,NA,NA,NA,NA,NA,NA,NA,NA,NA,NA,NA,NA,1.0,1.1
RTX3070-SASS-accel-a6c1a7a-gpgpu-66ae881,NA,NA,NA,NA,NA,NA,NA,NA,NA,NA,NA,NA,NA,NA,NA,NA,1.0,1.1
RTX3070-SASS-accel-572f6fd-gpgpu-301be9e,NA,NA,NA,NA,NA,NA,NA,NA,NA,NA,NA,NA,NA,NA,NA,NA,1.0,1.1
RTX3070-SASS-accel-92027de-gpgpu-58beccb,NA,NA,NA,NA,NA,NA,NA,NA,NA,NA,NA,NA,NA,NA,NA,NA,1.0,1.1
RTX3070-SASS-accel-0c80a10-gpgpu-58beccb,NA,NA,NA,NA,NA,NA,NA,NA,NA,NA,NA,NA,NA,NA,NA,NA,1.0,1.1
RTX3070-SASS-accel-53da2df-gpgpu-a0c12f5,NA,NA,NA,NA,NA,NA,NA,NA,NA,NA,NA,NA,NA,NA,NA,NA,1.0,1.1
RTX3070-SASS-accel-86f4430-gpgpu-a0c12f5,NA,NA,NA,NA,NA,NA,NA,NA,NA,NA,NA,NA,NA,NA,NA,NA,1.0,1.1
RTX3070-SASS-accel-c1a12bc-gpgpu-9aeacdf,NA,NA,NA,NA,NA,NA,NA,NA,NA,NA,NA,NA,NA,NA,NA,NA,1.0,1.1
RTX3070-SASS-accel-a1ca547-gpgpu-9aeacdf,NA,NA,NA,NA,NA,NA,NA,NA,NA,NA,NA,NA,NA,NA,NA,NA,1.0,1.1
RTX3070-SASS-accel-a1ca547-gpgpu-67fc78c,NA,NA,NA,NA,NA,NA,NA,NA,NA,NA,NA,NA,NA,NA,NA,NA,1.0,1.1
RTX3070-SASS-accel-_modifi-gpgpu-67fc78c,NA,NA,NA,NA,NA,NA,NA,NA,NA,NA,NA,NA,NA,NA,NA,NA,1.0,1.1
RTX3070-SASS-accel-c5fa0e8-gpgpu-bc268aa,NA,NA,NA,NA,NA,NA,NA,NA,NA,NA,NA,1.0,1.0,NA,NA,NA,1.0,1.1
RTX3070-SASS-accel-43a51f3-gpgpu-7d3ad23,NA,NA,NA,NA,NA,NA,NA,NA,NA,NA,NA,1.0,1.0,NA,NA,NA,1.0,1.1
RTX3070-SASS-accel-4ac0e40-gpgpu-7d3ad23,NA,NA,NA,NA,NA,NA,NA,NA,NA,NA,NA,1.0,1.0,NA,NA,NA,1.0,1.1
RTX3070-SASS-accel-efa370c-gpgpu-6b22d66,NA,NA,NA,NA,NA,NA,NA,NA,NA,NA,NA,1.0,1.0,NA,NA,NA,1.0,1.1
RTX3070-SASS-accel-66ed9f2-gpgpu-6b22d66,NA,NA,NA,NA,NA,NA,NA,NA,NA,NA,NA,1.0,1.0,NA,NA,NA,1.0,1.1
RTX3070-SASS-accel-b1c61bc-gpgpu-6b22d66,NA,NA,NA,NA,NA,NA,NA,NA,NA,NA,NA,1.0,1.0,NA,NA,NA,1.0,1.1
RTX3070-SASS-accel-b3d9838-gpgpu-22159f1,NA,NA,NA,NA,NA,NA,NA,NA,NA,NA,NA,1.0,1.0,NA,NA,NA,1.0,1.1
RTX3070-SASS-accel-3ff1be8-gpgpu-67d8a3b,NA,NA,NA,NA,NA,NA,NA,NA,NA,NA,NA,1.0,1.0,NA,NA,NA,1.0,1.1
RTX3070-SASS-accel-3ff1be8-gpgpu-9d88a1c,NA,NA,NA,NA,NA,NA,NA,NA,NA,NA,NA,1.0,1.0,NA,NA,NA,1.0,1.1
RTX3070-SASS-accel-879dc35-gpgpu-3364474,1.0,1.0,1.0,1.0,1.0,1.0,1.0,1.0,1.0,1.0,1.0,1.0,1.0,NA,1.0,1.0,1.0,1.0
RTX3070-SASS-accel-e7b698e-gpgpu-3364474,1.0,1.0,1.0,1.0,1.0,1.0,1.0,1.0,1.0,1.0,1.0,1.0,1.0,NA,1.0,1.0,1.0,1.0
RTX3070-SASS-accel-1688c9d-gpgpu-3364474,1.0,1.0,1.0,1.0,1.0,1.0,1.0,1.0,1.0,1.0,1.0,1.0,1.0,NA,1.0,1.0,1.0,1.0
RTX3070-SASS-accel-a634fe0-gpgpu-3364474,1.0,1.0,1.0,1.0,1.0,1.0,1.0,1.0,1.0,1.0,1.0,1.0,1.0,1.0,1.0,1.0,1.0,1.0
RTX3070-SASS-accel-7a8e345-gpgpu-3364474,1.0,1.0,1.0,1.0,1.0,1.0,1.0,1.0,1.0,1.0,1.0,1.0,1.0,1.0,1.0,1.0,1.0,1.0
RTX3070-SASS-accel-d3ba55f-gpgpu-a3c52cf,1.0,1.0,1.0,1.0,1.0,1.0,1.0,1.0,1.0,1.0,1.0,1.0,1.0,1.0,1.0,1.0,1.0,1.0
RTX3070-SASS-accel-ec00037-gpgpu-a3c52cf,1.0,1.0,1.0,1.0,1.0,1.0,1.0,1.0,1.0,1.0,1.0,1.0,1.0,1.0,1.0,1.0,1.0,1.0
RTX3070-SASS-accel-a619790-gpgpu-a3c52cf,1.0,1.0,1.0,1.0,1.0,1.0,1.0,1.0,1.0,1.0,1.0,1.0,1.0,1.0,1.0,1.0,1.0,1.0
RTX3070-SASS-accel-08a6b5b-gpgpu-a3c52cf,1.0,1.0,1.0,1.0,1.0,1.0,1.0,1.0,1.0,1.0,1.0,1.0,1.0,1.0,1.0,1.0,1.0,1.0
RTX3070-SASS-accel-f2bcdfa-gpgpu-a3c52cf,1.0,1.0,1.0,1.0,1.0,1.0,1.0,1.0,1.0,1.0,1.0,1.0,1.0,1.0,1.0,1.0,1.0,1.0
RTX3070-SASS-accel-d21015b-gpgpu-a3c52cf,1.0,1.0,1.0,1.0,1.0,1.0,1.0,1.0,1.0,1.0,1.0,1.0,1.0,1.0,1.0,1.0,1.0,1.0
RTX3070-SASS-accel-b577da3-gpgpu-a3c52cf,1.0,1.0,1.0,1.0,1.0,1.0,1.0,1.0,1.0,1.0,1.0,1.0,1.0,1.0,1.0,1.0,1.0,1.0
RTX3070-SASS-accel-186e1bf-gpgpu-a3c52cf,1.0,1.0,1.0,1.0,1.0,1.0,1.0,1.0,1.0,1.0,1.0,1.0,1.0,1.0,1.0,1.0,1.0,1.0
RTX3070-SASS-accel-cad11ca-gpgpu-a3c52cf,1.0,1.0,1.0,1.0,1.0,1.0,1.0,1.0,1.0,1.0,1.0,1.0,1.0,1.0,1.0,1.0,1.0,1.0
RTX3070-SASS-accel-1f5a2ed-gpgpu-a3c52cf,1.0,1.0,1.0,1.0,1.0,1.0,1.0,1.0,1.0,1.0,1.0,1.0,1.0,1.0,1.0,1.0,1.0,1.0
RTX3070-SASS-accel-20e5f99-gpgpu-a3c52cf,1.0,1.0,1.0,1.0,1.0,1.0,1.0,1.0,1.0,1.0,1.0,1.0,1.0,1.0,1.0,1.0,1.0,1.0
RTX3070-SASS-accel-fae2d48-gpgpu-a3c52cf,1.0,1.0,1.0,1.0,1.0,1.0,1.0,1.0,1.0,1.0,1.0,1.0,1.0,1.0,1.0,1.0,1.0,1.0

----------------------------------------------------------------------------------------------------,,,,,,,,,,,,,,,,,,
gpgpu_n_shmem_bkconflict\s*=\s*(.*),,,,,,,,,,,,,,,,,,
CFG,l1_bw_32f/__tpb_1024___tpsm_1024___blocks_1___ws_32--_Z5l1_bwPmS_PfPKf--0,l1_bw_64f/__tpb_1024___tpsm_1024___blocks_1___ws_32--_Z5l1_bwPmS_PdS0_--0,l1_bw_128/__tpb_1024___tpsm_1024___blocks_1___ws_32--_Z5l1_bwPmS_PfS0_--0,l1_lat/__blocks_1___ws_32--_Z6l1_latPjS_PmS0_--0,l2_bw_32f/__tpb_1024___tpsm_1024___blocks_160___ws_32--_Z5l2_bwPmS_PfS0_j--0,l2_bw_64f/__tpb_1024___tpsm_1024___blocks_160___l2_786432___ws_32--_Z5l2_bwPjS_PdS0_j--0,l2_lat/__tpb_1___tpsm_1___blocks_1___l2_786432___ws_32--_Z10l2_hit_latPjS_PmS0_--0,mem_bw/__tpb_1024___tpsm_1024___blocks_80___l2_1572864___ws_32___memclk_1132___membw_64--_Z6mem_bwPfS_S_S_S_S_PjS0_j--0,mem_lat/__tpb_1024___tpsm_1024___blocks_80___l2_1572864___ws_32___memclk_1132___membw_64--_Z7mem_latPjS_PmS0_j--0,shared_bw/__tpb_1024___tpsm_1024___blocks_1____ws_32--_Z9shared_bwPmS_Pjj--0,shared_lat/__blocks_1____ws_32--_Z10shared_latPjS_Pmj--0,shared_bank_conflicts/1--_Z18transposeCoalescedPfS_ii--0,shared_bank_conflicts/2--_Z24transposeNoBankConflictsPfS_ii--0,MaxIops_int32/__tpb_1024____blocks_1____ws_32--_Z9max_flopsIiEvPjS0_PT_S2_S2_--0,l1_shared_bw/__tpb_1024____blocks_1____ws_32--_Z9shared_bwPjS_S_S_j--0,l1_bw_32f_unroll/__tpb_1024___blocks_1____ws_32--_Z5l1_bwPjS_PfS0_--0,l1_bw_32f_unroll_large/NO_ARGS--_Z5l1_bwPjS_PfS0_--0,AV--VG
RTX3070-SASS-accel-f677b74-gpgpu-deb5eb5,NA,NA,NA,NA,NA,NA,NA,NA,NA,NA,NA,NA,NA,NA,NA,NA,NA,NA
RTX3070-SASS-accel-c366657-gpgpu-deb5eb5,NA,NA,NA,NA,NA,NA,NA,NA,NA,NA,NA,NA,NA,NA,NA,NA,NA,NA
RTX3070-SASS-accel-a72607f-gpgpu-deb5eb5,NA,NA,NA,NA,NA,NA,NA,NA,NA,NA,NA,NA,NA,NA,NA,NA,NA,NA
RTX3070-SASS-accel-4dbd5b1-gpgpu-deb5eb5,NA,NA,NA,NA,NA,NA,NA,NA,NA,NA,NA,NA,NA,NA,NA,NA,NA,NA
RTX3070-SASS-accel-60ad810-gpgpu-deb5eb5,NA,NA,NA,NA,NA,NA,NA,NA,NA,NA,NA,NA,NA,NA,NA,NA,NA,NA
RTX3070-SASS-accel-0ce7699-gpgpu-deb5eb5,NA,NA,NA,NA,NA,NA,NA,NA,NA,NA,NA,NA,NA,NA,NA,NA,NA,NA
RTX3070-SASS-accel-6812c12-gpgpu-deb5eb5,NA,NA,NA,NA,NA,NA,NA,NA,NA,NA,NA,NA,NA,NA,NA,NA,NA,NA
RTX3070-SASS-accel-31082a4-gpgpu-1ee03f0,NA,NA,NA,NA,NA,NA,NA,NA,NA,NA,NA,NA,NA,NA,NA,NA,NA,NA
RTX3070-SASS-accel-28e2777-gpgpu-1ee03f0,NA,NA,NA,NA,NA,NA,NA,NA,NA,NA,NA,NA,NA,NA,NA,NA,NA,NA
RTX3070-SASS-accel-10dc9a0-gpgpu-1ee03f0,NA,NA,NA,NA,NA,NA,NA,NA,NA,NA,NA,NA,NA,NA,NA,NA,NA,NA
RTX3070-SASS-accel-9719269-gpgpu-c51350d,NA,NA,NA,NA,NA,NA,NA,NA,NA,NA,NA,NA,NA,NA,NA,NA,NA,NA
RTX3070-SASS-accel-6b6f836-gpgpu-585dcf5,NA,NA,NA,NA,NA,NA,NA,NA,NA,NA,NA,NA,NA,NA,NA,NA,NA,NA
RTX3070-SASS-accel-252e8c4-gpgpu-585dcf5,NA,NA,NA,NA,NA,NA,NA,NA,NA,NA,NA,NA,NA,NA,NA,NA,NA,NA
RTX3070-SASS-accel-a4e0907-gpgpu-6c9e13d,NA,NA,NA,NA,NA,NA,NA,NA,NA,NA,NA,NA,NA,NA,NA,NA,NA,NA
RTX3070-SASS-accel-fea3381-gpgpu-6ad461a,NA,NA,NA,NA,NA,NA,NA,NA,NA,NA,NA,NA,NA,NA,NA,NA,NA,NA
RTX3070-SASS-accel-16c3068-gpgpu-6ad461a,NA,NA,NA,NA,NA,NA,NA,NA,NA,NA,NA,NA,NA,NA,NA,NA,NA,NA
RTX3070-SASS-accel-8f124d9-gpgpu-99b5997,NA,NA,NA,NA,NA,NA,NA,NA,NA,NA,NA,NA,NA,NA,NA,NA,NA,NA
RTX3070-SASS-accel-7a31963-gpgpu-84c4f46,NA,NA,NA,NA,NA,NA,NA,NA,NA,NA,NA,NA,NA,NA,NA,NA,NA,NA
RTX3070-SASS-accel-a8c1d6d-gpgpu-84c4f46,NA,NA,NA,NA,NA,NA,NA,NA,NA,NA,NA,NA,NA,NA,NA,NA,NA,NA
RTX3070-SASS-accel-000be7f-gpgpu-e466afb,NA,NA,NA,NA,NA,NA,NA,NA,NA,NA,NA,NA,NA,NA,NA,NA,NA,NA
RTX3070-SASS-accel-1cb6168-gpgpu-d38b300,NA,NA,NA,NA,NA,NA,NA,NA,NA,NA,NA,NA,NA,NA,NA,NA,NA,NA
RTX3070-SASS-accel-a9305c5-gpgpu-d38b300,NA,NA,NA,NA,NA,NA,NA,NA,NA,NA,NA,NA,NA,NA,NA,NA,NA,NA
RTX3070-SASS-accel-5b93243-gpgpu-d38b300,NA,NA,NA,NA,NA,NA,NA,NA,NA,NA,NA,NA,NA,NA,NA,NA,NA,NA
RTX3070-SASS-accel-5745567-gpgpu-d38b300,NA,NA,NA,NA,NA,NA,NA,NA,NA,NA,NA,NA,NA,NA,NA,NA,NA,NA
RTX3070-SASS-accel-8d1cf8e-gpgpu-d38b300,NA,NA,NA,NA,NA,NA,NA,NA,NA,NA,NA,NA,NA,NA,NA,NA,NA,NA
RTX3070-SASS-accel-17f819f-gpgpu-d38b300,NA,NA,NA,NA,NA,NA,NA,NA,NA,NA,NA,NA,NA,NA,NA,NA,NA,NA
RTX3070-SASS-accel-2f29d2d-gpgpu-1d39b6f,NA,NA,NA,NA,NA,NA,NA,NA,NA,NA,NA,NA,NA,NA,NA,NA,NA,NA
RTX3070-SASS-accel-786503a-gpgpu-13c6711,NA,NA,NA,NA,NA,NA,NA,NA,NA,NA,NA,NA,NA,NA,NA,NA,NA,NA
RTX3070-SASS-accel-53584fc-gpgpu-13c6711,NA,NA,NA,NA,NA,NA,NA,NA,NA,NA,NA,NA,NA,NA,NA,NA,NA,NA
RTX3070-SASS-accel-e02c99d-gpgpu-13c6711,NA,NA,NA,NA,NA,NA,NA,NA,NA,NA,NA,NA,NA,NA,NA,NA,NA,NA
RTX3070-SASS-accel-bccdebb-gpgpu-13c6711,NA,NA,NA,NA,NA,NA,NA,NA,NA,NA,NA,NA,NA,NA,NA,NA,NA,NA
RTX3070-SASS-accel-0f84efb-gpgpu-74cdacd,NA,NA,NA,NA,NA,NA,NA,NA,NA,NA,NA,NA,NA,NA,NA,NA,NA,NA
RTX3070-SASS-accel-7feb41c-gpgpu-74cdacd,NA,NA,NA,NA,NA,NA,NA,NA,NA,NA,NA,NA,NA,NA,NA,NA,NA,NA
RTX3070-SASS-accel-8f77aae-gpgpu-948c0e1,NA,NA,NA,NA,NA,NA,NA,NA,NA,NA,NA,NA,NA,NA,NA,NA,NA,NA
RTX3070-SASS-accel-8f2c50f-gpgpu-6dd3bfc,NA,NA,NA,NA,NA,NA,NA,NA,NA,NA,NA,NA,NA,NA,NA,NA,NA,NA
RTX3070-SASS-accel-2f19b3d-gpgpu-e033c1f,NA,NA,NA,NA,NA,NA,NA,NA,NA,NA,NA,NA,NA,NA,NA,NA,NA,NA
RTX3070-SASS-accel-17e94d7-gpgpu-e033c1f,NA,NA,NA,NA,NA,NA,NA,NA,NA,NA,NA,NA,NA,NA,NA,NA,NA,NA
RTX3070-SASS-accel-dc0bece-gpgpu-e033c1f,NA,NA,NA,NA,NA,NA,NA,NA,NA,NA,NA,NA,NA,NA,NA,NA,NA,NA
RTX3070-SASS-accel-21f6fea-gpgpu-e033c1f,NA,NA,NA,NA,NA,NA,NA,NA,NA,NA,NA,NA,NA,NA,NA,NA,NA,NA
RTX3070-SASS-accel-a88075e-gpgpu-e033c1f,NA,NA,NA,NA,NA,NA,NA,NA,NA,NA,NA,NA,NA,NA,NA,NA,NA,NA
RTX3070-SASS-accel-470e82b-gpgpu-73db3f7,NA,NA,NA,NA,NA,NA,NA,NA,NA,NA,NA,NA,NA,NA,NA,NA,NA,NA
RTX3070-SASS-accel-a6c1a7a-gpgpu-66ae881,NA,NA,NA,NA,NA,NA,NA,NA,NA,NA,NA,NA,NA,NA,NA,NA,NA,NA
RTX3070-SASS-accel-572f6fd-gpgpu-301be9e,NA,NA,NA,NA,NA,NA,NA,NA,NA,NA,NA,NA,NA,NA,NA,NA,NA,NA
RTX3070-SASS-accel-92027de-gpgpu-58beccb,NA,NA,NA,NA,NA,NA,NA,NA,NA,NA,NA,NA,NA,NA,NA,NA,NA,NA
RTX3070-SASS-accel-0c80a10-gpgpu-58beccb,NA,NA,NA,NA,NA,NA,NA,NA,NA,NA,NA,NA,NA,NA,NA,NA,NA,NA
RTX3070-SASS-accel-53da2df-gpgpu-a0c12f5,NA,NA,NA,NA,NA,NA,NA,NA,NA,NA,NA,NA,NA,NA,NA,NA,NA,NA
RTX3070-SASS-accel-86f4430-gpgpu-a0c12f5,NA,NA,NA,NA,NA,NA,NA,NA,NA,NA,NA,NA,NA,NA,NA,NA,NA,NA
RTX3070-SASS-accel-c1a12bc-gpgpu-9aeacdf,NA,NA,NA,NA,NA,NA,NA,NA,NA,NA,NA,NA,NA,NA,NA,NA,NA,NA
RTX3070-SASS-accel-a1ca547-gpgpu-9aeacdf,NA,NA,NA,NA,NA,NA,NA,NA,NA,NA,NA,NA,NA,NA,NA,NA,NA,NA
RTX3070-SASS-accel-a1ca547-gpgpu-67fc78c,NA,NA,NA,NA,NA,NA,NA,NA,NA,NA,NA,NA,NA,NA,NA,NA,NA,NA
RTX3070-SASS-accel-_modifi-gpgpu-67fc78c,NA,NA,NA,NA,NA,NA,NA,NA,NA,NA,NA,NA,NA,NA,NA,NA,NA,NA
RTX3070-SASS-accel-c5fa0e8-gpgpu-bc268aa,NA,NA,NA,NA,NA,NA,NA,NA,NA,NA,NA,253952.0,0.0,NA,NA,NA,0.0,210727.1
RTX3070-SASS-accel-43a51f3-gpgpu-7d3ad23,NA,NA,NA,NA,NA,NA,NA,NA,NA,NA,NA,253952.0,0.0,NA,NA,NA,0.0,210727.1
RTX3070-SASS-accel-4ac0e40-gpgpu-7d3ad23,NA,NA,NA,NA,NA,NA,NA,NA,NA,NA,NA,253952.0,0.0,NA,NA,NA,0.0,210727.1
RTX3070-SASS-accel-efa370c-gpgpu-6b22d66,NA,NA,NA,NA,NA,NA,NA,NA,NA,NA,NA,253952.0,0.0,NA,NA,NA,0.0,210727.1
RTX3070-SASS-accel-66ed9f2-gpgpu-6b22d66,NA,NA,NA,NA,NA,NA,NA,NA,NA,NA,NA,253952.0,0.0,NA,NA,NA,0.0,210727.1
RTX3070-SASS-accel-b1c61bc-gpgpu-6b22d66,NA,NA,NA,NA,NA,NA,NA,NA,NA,NA,NA,253952.0,0.0,NA,NA,NA,0.0,210727.1
RTX3070-SASS-accel-b3d9838-gpgpu-22159f1,NA,NA,NA,NA,NA,NA,NA,NA,NA,NA,NA,253952.0,0.0,NA,NA,NA,0.0,210727.1
RTX3070-SASS-accel-3ff1be8-gpgpu-67d8a3b,NA,NA,NA,NA,NA,NA,NA,NA,NA,NA,NA,253952.0,0.0,NA,NA,NA,0.0,210727.1
RTX3070-SASS-accel-3ff1be8-gpgpu-9d88a1c,NA,NA,NA,NA,NA,NA,NA,NA,NA,NA,NA,253952.0,0.0,NA,NA,NA,0.0,210727.1
RTX3070-SASS-accel-879dc35-gpgpu-3364474,0.0,0.0,0.0,0.0,0.0,0.0,0.0,0.0,0.0,0.0,192.0,253952.0,0.0,NA,0.0,0.0,0.0,14949.6
RTX3070-SASS-accel-e7b698e-gpgpu-3364474,0.0,0.0,0.0,0.0,0.0,0.0,0.0,0.0,0.0,0.0,192.0,253952.0,0.0,NA,0.0,0.0,0.0,14949.6
RTX3070-SASS-accel-1688c9d-gpgpu-3364474,0.0,0.0,0.0,0.0,0.0,0.0,0.0,0.0,0.0,0.0,192.0,253952.0,0.0,NA,0.0,0.0,0.0,14949.6
RTX3070-SASS-accel-a634fe0-gpgpu-3364474,0.0,0.0,0.0,0.0,0.0,0.0,0.0,0.0,0.0,0.0,192.0,253952.0,0.0,0.0,0.0,0.0,0.0,14949.6
RTX3070-SASS-accel-7a8e345-gpgpu-3364474,0.0,0.0,0.0,0.0,0.0,0.0,0.0,0.0,0.0,0.0,192.0,253952.0,0.0,0.0,0.0,0.0,0.0,14949.6
RTX3070-SASS-accel-d3ba55f-gpgpu-a3c52cf,0.0,0.0,0.0,0.0,0.0,0.0,0.0,0.0,0.0,0.0,192.0,253952.0,0.0,0.0,0.0,0.0,0.0,14949.6
RTX3070-SASS-accel-ec00037-gpgpu-a3c52cf,0.0,0.0,0.0,0.0,0.0,0.0,0.0,0.0,0.0,0.0,192.0,253952.0,0.0,0.0,0.0,0.0,0.0,14949.6
RTX3070-SASS-accel-a619790-gpgpu-a3c52cf,0.0,0.0,0.0,0.0,0.0,0.0,0.0,0.0,0.0,0.0,192.0,253952.0,0.0,0.0,0.0,0.0,0.0,14949.6
RTX3070-SASS-accel-08a6b5b-gpgpu-a3c52cf,0.0,0.0,0.0,0.0,0.0,0.0,0.0,0.0,0.0,0.0,192.0,253952.0,0.0,0.0,0.0,0.0,0.0,14949.6
RTX3070-SASS-accel-f2bcdfa-gpgpu-a3c52cf,0.0,0.0,0.0,0.0,0.0,0.0,0.0,0.0,0.0,0.0,192.0,253952.0,0.0,0.0,0.0,0.0,0.0,14949.6
RTX3070-SASS-accel-d21015b-gpgpu-a3c52cf,0.0,0.0,0.0,0.0,0.0,0.0,0.0,0.0,0.0,0.0,192.0,253952.0,0.0,0.0,0.0,0.0,0.0,14949.6
RTX3070-SASS-accel-b577da3-gpgpu-a3c52cf,0.0,0.0,0.0,0.0,0.0,0.0,0.0,0.0,0.0,0.0,192.0,253952.0,0.0,0.0,0.0,0.0,0.0,14949.6
RTX3070-SASS-accel-186e1bf-gpgpu-a3c52cf,0.0,0.0,0.0,0.0,0.0,0.0,0.0,0.0,0.0,0.0,192.0,253952.0,0.0,0.0,0.0,0.0,0.0,14949.6
RTX3070-SASS-accel-cad11ca-gpgpu-a3c52cf,0.0,0.0,0.0,0.0,0.0,0.0,0.0,0.0,0.0,0.0,192.0,253952.0,0.0,0.0,0.0,0.0,0.0,14949.6
RTX3070-SASS-accel-1f5a2ed-gpgpu-a3c52cf,0.0,0.0,0.0,0.0,0.0,0.0,0.0,0.0,0.0,0.0,192.0,253952.0,0.0,0.0,0.0,0.0,0.0,14949.6
RTX3070-SASS-accel-20e5f99-gpgpu-a3c52cf,0.0,0.0,0.0,0.0,0.0,0.0,0.0,0.0,0.0,0.0,192.0,253952.0,0.0,0.0,0.0,0.0,0.0,14949.6
RTX3070-SASS-accel-fae2d48-gpgpu-a3c52cf,0.0,0.0,0.0,0.0,0.0,0.0,0.0,0.0,0.0,0.0,192.0,253952.0,0.0,0.0,0.0,0.0,0.0,14949.6

----------------------------------------------------------------------------------------------------,,,,,,,,,,,,,,,,,,
gpgpu_n_l1cache_bkconflict\s*=\s*(.*),,,,,,,,,,,,,,,,,,
CFG,l1_bw_32f/__tpb_1024___tpsm_1024___blocks_1___ws_32--_Z5l1_bwPmS_PfPKf--0,l1_bw_64f/__tpb_1024___tpsm_1024___blocks_1___ws_32--_Z5l1_bwPmS_PdS0_--0,l1_bw_128/__tpb_1024___tpsm_1024___blocks_1___ws_32--_Z5l1_bwPmS_PfS0_--0,l1_lat/__blocks_1___ws_32--_Z6l1_latPjS_PmS0_--0,l2_bw_32f/__tpb_1024___tpsm_1024___blocks_160___ws_32--_Z5l2_bwPmS_PfS0_j--0,l2_bw_64f/__tpb_1024___tpsm_1024___blocks_160___l2_786432___ws_32--_Z5l2_bwPjS_PdS0_j--0,l2_lat/__tpb_1___tpsm_1___blocks_1___l2_786432___ws_32--_Z10l2_hit_latPjS_PmS0_--0,mem_bw/__tpb_1024___tpsm_1024___blocks_80___l2_1572864___ws_32___memclk_1132___membw_64--_Z6mem_bwPfS_S_S_S_S_PjS0_j--0,mem_lat/__tpb_1024___tpsm_1024___blocks_80___l2_1572864___ws_32___memclk_1132___membw_64--_Z7mem_latPjS_PmS0_j--0,shared_bw/__tpb_1024___tpsm_1024___blocks_1____ws_32--_Z9shared_bwPmS_Pjj--0,shared_lat/__blocks_1____ws_32--_Z10shared_latPjS_Pmj--0,shared_bank_conflicts/1--_Z18transposeCoalescedPfS_ii--0,shared_bank_conflicts/2--_Z24transposeNoBankConflictsPfS_ii--0,MaxIops_int32/__tpb_1024____blocks_1____ws_32--_Z9max_flopsIiEvPjS0_PT_S2_S2_--0,l1_shared_bw/__tpb_1024____blocks_1____ws_32--_Z9shared_bwPjS_S_S_j--0,l1_bw_32f_unroll/__tpb_1024___blocks_1____ws_32--_Z5l1_bwPjS_PfS0_--0,l1_bw_32f_unroll_large/NO_ARGS--_Z5l1_bwPjS_PfS0_--0,AV--VG
RTX3070-SASS-accel-f677b74-gpgpu-deb5eb5,NA,NA,NA,NA,NA,NA,NA,NA,NA,NA,NA,NA,NA,NA,NA,NA,NA,NA
RTX3070-SASS-accel-c366657-gpgpu-deb5eb5,NA,NA,NA,NA,NA,NA,NA,NA,NA,NA,NA,NA,NA,NA,NA,NA,NA,NA
RTX3070-SASS-accel-a72607f-gpgpu-deb5eb5,NA,NA,NA,NA,NA,NA,NA,NA,NA,NA,NA,NA,NA,NA,NA,NA,NA,NA
RTX3070-SASS-accel-4dbd5b1-gpgpu-deb5eb5,NA,NA,NA,NA,NA,NA,NA,NA,NA,NA,NA,NA,NA,NA,NA,NA,NA,NA
RTX3070-SASS-accel-60ad810-gpgpu-deb5eb5,NA,NA,NA,NA,NA,NA,NA,NA,NA,NA,NA,NA,NA,NA,NA,NA,NA,NA
RTX3070-SASS-accel-0ce7699-gpgpu-deb5eb5,NA,NA,NA,NA,NA,NA,NA,NA,NA,NA,NA,NA,NA,NA,NA,NA,NA,NA
RTX3070-SASS-accel-6812c12-gpgpu-deb5eb5,NA,NA,NA,NA,NA,NA,NA,NA,NA,NA,NA,NA,NA,NA,NA,NA,NA,NA
RTX3070-SASS-accel-31082a4-gpgpu-1ee03f0,NA,NA,NA,NA,NA,NA,NA,NA,NA,NA,NA,NA,NA,NA,NA,NA,NA,NA
RTX3070-SASS-accel-28e2777-gpgpu-1ee03f0,NA,NA,NA,NA,NA,NA,NA,NA,NA,NA,NA,NA,NA,NA,NA,NA,NA,NA
RTX3070-SASS-accel-10dc9a0-gpgpu-1ee03f0,NA,NA,NA,NA,NA,NA,NA,NA,NA,NA,NA,NA,NA,NA,NA,NA,NA,NA
RTX3070-SASS-accel-9719269-gpgpu-c51350d,NA,NA,NA,NA,NA,NA,NA,NA,NA,NA,NA,NA,NA,NA,NA,NA,NA,NA
RTX3070-SASS-accel-6b6f836-gpgpu-585dcf5,NA,NA,NA,NA,NA,NA,NA,NA,NA,NA,NA,NA,NA,NA,NA,NA,NA,NA
RTX3070-SASS-accel-252e8c4-gpgpu-585dcf5,NA,NA,NA,NA,NA,NA,NA,NA,NA,NA,NA,NA,NA,NA,NA,NA,NA,NA
RTX3070-SASS-accel-a4e0907-gpgpu-6c9e13d,NA,NA,NA,NA,NA,NA,NA,NA,NA,NA,NA,NA,NA,NA,NA,NA,NA,NA
RTX3070-SASS-accel-fea3381-gpgpu-6ad461a,NA,NA,NA,NA,NA,NA,NA,NA,NA,NA,NA,NA,NA,NA,NA,NA,NA,NA
RTX3070-SASS-accel-16c3068-gpgpu-6ad461a,NA,NA,NA,NA,NA,NA,NA,NA,NA,NA,NA,NA,NA,NA,NA,NA,NA,NA
RTX3070-SASS-accel-8f124d9-gpgpu-99b5997,NA,NA,NA,NA,NA,NA,NA,NA,NA,NA,NA,NA,NA,NA,NA,NA,NA,NA
RTX3070-SASS-accel-7a31963-gpgpu-84c4f46,NA,NA,NA,NA,NA,NA,NA,NA,NA,NA,NA,NA,NA,NA,NA,NA,NA,NA
RTX3070-SASS-accel-a8c1d6d-gpgpu-84c4f46,NA,NA,NA,NA,NA,NA,NA,NA,NA,NA,NA,NA,NA,NA,NA,NA,NA,NA
RTX3070-SASS-accel-000be7f-gpgpu-e466afb,NA,NA,NA,NA,NA,NA,NA,NA,NA,NA,NA,NA,NA,NA,NA,NA,NA,NA
RTX3070-SASS-accel-1cb6168-gpgpu-d38b300,NA,NA,NA,NA,NA,NA,NA,NA,NA,NA,NA,NA,NA,NA,NA,NA,NA,NA
RTX3070-SASS-accel-a9305c5-gpgpu-d38b300,NA,NA,NA,NA,NA,NA,NA,NA,NA,NA,NA,NA,NA,NA,NA,NA,NA,NA
RTX3070-SASS-accel-5b93243-gpgpu-d38b300,NA,NA,NA,NA,NA,NA,NA,NA,NA,NA,NA,NA,NA,NA,NA,NA,NA,NA
RTX3070-SASS-accel-5745567-gpgpu-d38b300,NA,NA,NA,NA,NA,NA,NA,NA,NA,NA,NA,NA,NA,NA,NA,NA,NA,NA
RTX3070-SASS-accel-8d1cf8e-gpgpu-d38b300,NA,NA,NA,NA,NA,NA,NA,NA,NA,NA,NA,NA,NA,NA,NA,NA,NA,NA
RTX3070-SASS-accel-17f819f-gpgpu-d38b300,NA,NA,NA,NA,NA,NA,NA,NA,NA,NA,NA,NA,NA,NA,NA,NA,NA,NA
RTX3070-SASS-accel-2f29d2d-gpgpu-1d39b6f,NA,NA,NA,NA,NA,NA,NA,NA,NA,NA,NA,NA,NA,NA,NA,NA,NA,NA
RTX3070-SASS-accel-786503a-gpgpu-13c6711,NA,NA,NA,NA,NA,NA,NA,NA,NA,NA,NA,NA,NA,NA,NA,NA,NA,NA
RTX3070-SASS-accel-53584fc-gpgpu-13c6711,NA,NA,NA,NA,NA,NA,NA,NA,NA,NA,NA,NA,NA,NA,NA,NA,NA,NA
RTX3070-SASS-accel-e02c99d-gpgpu-13c6711,NA,NA,NA,NA,NA,NA,NA,NA,NA,NA,NA,NA,NA,NA,NA,NA,NA,NA
RTX3070-SASS-accel-bccdebb-gpgpu-13c6711,NA,NA,NA,NA,NA,NA,NA,NA,NA,NA,NA,NA,NA,NA,NA,NA,NA,NA
RTX3070-SASS-accel-0f84efb-gpgpu-74cdacd,NA,NA,NA,NA,NA,NA,NA,NA,NA,NA,NA,NA,NA,NA,NA,NA,NA,NA
RTX3070-SASS-accel-7feb41c-gpgpu-74cdacd,NA,NA,NA,NA,NA,NA,NA,NA,NA,NA,NA,NA,NA,NA,NA,NA,NA,NA
RTX3070-SASS-accel-8f77aae-gpgpu-948c0e1,NA,NA,NA,NA,NA,NA,NA,NA,NA,NA,NA,NA,NA,NA,NA,NA,NA,NA
RTX3070-SASS-accel-8f2c50f-gpgpu-6dd3bfc,NA,NA,NA,NA,NA,NA,NA,NA,NA,NA,NA,NA,NA,NA,NA,NA,NA,NA
RTX3070-SASS-accel-2f19b3d-gpgpu-e033c1f,NA,NA,NA,NA,NA,NA,NA,NA,NA,NA,NA,NA,NA,NA,NA,NA,NA,NA
RTX3070-SASS-accel-17e94d7-gpgpu-e033c1f,NA,NA,NA,NA,NA,NA,NA,NA,NA,NA,NA,NA,NA,NA,NA,NA,NA,NA
RTX3070-SASS-accel-dc0bece-gpgpu-e033c1f,NA,NA,NA,NA,NA,NA,NA,NA,NA,NA,NA,NA,NA,NA,NA,NA,NA,NA
RTX3070-SASS-accel-21f6fea-gpgpu-e033c1f,NA,NA,NA,NA,NA,NA,NA,NA,NA,NA,NA,NA,NA,NA,NA,NA,NA,NA
RTX3070-SASS-accel-a88075e-gpgpu-e033c1f,NA,NA,NA,NA,NA,NA,NA,NA,NA,NA,NA,NA,NA,NA,NA,NA,NA,NA
RTX3070-SASS-accel-470e82b-gpgpu-73db3f7,NA,NA,NA,NA,NA,NA,NA,NA,NA,NA,NA,NA,NA,NA,NA,NA,NA,NA
RTX3070-SASS-accel-a6c1a7a-gpgpu-66ae881,NA,NA,NA,NA,NA,NA,NA,NA,NA,NA,NA,NA,NA,NA,NA,NA,NA,NA
RTX3070-SASS-accel-572f6fd-gpgpu-301be9e,NA,NA,NA,NA,NA,NA,NA,NA,NA,NA,NA,NA,NA,NA,NA,NA,NA,NA
RTX3070-SASS-accel-92027de-gpgpu-58beccb,NA,NA,NA,NA,NA,NA,NA,NA,NA,NA,NA,NA,NA,NA,NA,NA,NA,NA
RTX3070-SASS-accel-0c80a10-gpgpu-58beccb,NA,NA,NA,NA,NA,NA,NA,NA,NA,NA,NA,NA,NA,NA,NA,NA,NA,NA
RTX3070-SASS-accel-53da2df-gpgpu-a0c12f5,NA,NA,NA,NA,NA,NA,NA,NA,NA,NA,NA,NA,NA,NA,NA,NA,NA,NA
RTX3070-SASS-accel-86f4430-gpgpu-a0c12f5,NA,NA,NA,NA,NA,NA,NA,NA,NA,NA,NA,NA,NA,NA,NA,NA,NA,NA
RTX3070-SASS-accel-c1a12bc-gpgpu-9aeacdf,NA,NA,NA,NA,NA,NA,NA,NA,NA,NA,NA,NA,NA,NA,NA,NA,NA,NA
RTX3070-SASS-accel-a1ca547-gpgpu-9aeacdf,NA,NA,NA,NA,NA,NA,NA,NA,NA,NA,NA,NA,NA,NA,NA,NA,NA,NA
RTX3070-SASS-accel-a1ca547-gpgpu-67fc78c,NA,NA,NA,NA,NA,NA,NA,NA,NA,NA,NA,NA,NA,NA,NA,NA,NA,NA
RTX3070-SASS-accel-_modifi-gpgpu-67fc78c,NA,NA,NA,NA,NA,NA,NA,NA,NA,NA,NA,NA,NA,NA,NA,NA,NA,NA
RTX3070-SASS-accel-c5fa0e8-gpgpu-bc268aa,NA,NA,NA,NA,NA,NA,NA,NA,NA,NA,NA,72479.0,69823.0,NA,NA,NA,15186.0,24837.6
RTX3070-SASS-accel-43a51f3-gpgpu-7d3ad23,NA,NA,NA,NA,NA,NA,NA,NA,NA,NA,NA,72479.0,69823.0,NA,NA,NA,15186.0,24837.6
RTX3070-SASS-accel-4ac0e40-gpgpu-7d3ad23,NA,NA,NA,NA,NA,NA,NA,NA,NA,NA,NA,72479.0,69823.0,NA,NA,NA,15186.0,24837.6
RTX3070-SASS-accel-efa370c-gpgpu-6b22d66,NA,NA,NA,NA,NA,NA,NA,NA,NA,NA,NA,72479.0,69823.0,NA,NA,NA,15186.0,24837.6
RTX3070-SASS-accel-66ed9f2-gpgpu-6b22d66,NA,NA,NA,NA,NA,NA,NA,NA,NA,NA,NA,72479.0,69823.0,NA,NA,NA,15186.0,24837.6
RTX3070-SASS-accel-b1c61bc-gpgpu-6b22d66,NA,NA,NA,NA,NA,NA,NA,NA,NA,NA,NA,72479.0,69823.0,NA,NA,NA,15186.0,24837.6
RTX3070-SASS-accel-b3d9838-gpgpu-22159f1,NA,NA,NA,NA,NA,NA,NA,NA,NA,NA,NA,72479.0,69823.0,NA,NA,NA,15186.0,24837.6
RTX3070-SASS-accel-3ff1be8-gpgpu-67d8a3b,NA,NA,NA,NA,NA,NA,NA,NA,NA,NA,NA,72479.0,69823.0,NA,NA,NA,15186.0,24837.6
RTX3070-SASS-accel-3ff1be8-gpgpu-9d88a1c,NA,NA,NA,NA,NA,NA,NA,NA,NA,NA,NA,72479.0,69823.0,NA,NA,NA,15186.0,24837.6
RTX3070-SASS-accel-879dc35-gpgpu-3364474,351.0,1020.0,787.0,0.0,56160.0,56122.0,0.0,9273.0,266364.0,351.0,0.0,71348.0,63991.0,NA,230.0,232.0,15186.0,31868.3
RTX3070-SASS-accel-e7b698e-gpgpu-3364474,351.0,1020.0,787.0,0.0,56160.0,56122.0,0.0,9273.0,266364.0,351.0,0.0,71348.0,63991.0,NA,230.0,232.0,15186.0,31868.3
RTX3070-SASS-accel-1688c9d-gpgpu-3364474,351.0,1020.0,787.0,0.0,56160.0,56122.0,0.0,9273.0,266364.0,351.0,0.0,71348.0,63991.0,NA,230.0,232.0,15186.0,31868.3
RTX3070-SASS-accel-a634fe0-gpgpu-3364474,351.0,1020.0,787.0,0.0,56160.0,56122.0,0.0,9273.0,266364.0,351.0,0.0,71348.0,63991.0,346.0,230.0,232.0,15186.0,31868.3
RTX3070-SASS-accel-7a8e345-gpgpu-3364474,351.0,1020.0,787.0,0.0,56160.0,56122.0,0.0,9273.0,266364.0,351.0,0.0,71348.0,63991.0,346.0,230.0,232.0,15186.0,31868.3
RTX3070-SASS-accel-d3ba55f-gpgpu-a3c52cf,351.0,1020.0,787.0,0.0,56160.0,56122.0,0.0,9909.0,260820.0,351.0,0.0,71348.0,63991.0,346.0,230.0,232.0,15186.0,31579.6
RTX3070-SASS-accel-ec00037-gpgpu-a3c52cf,351.0,1020.0,787.0,0.0,56160.0,56122.0,0.0,9909.0,260820.0,351.0,0.0,71348.0,63991.0,346.0,230.0,232.0,15186.0,31579.6
RTX3070-SASS-accel-a619790-gpgpu-a3c52cf,351.0,1020.0,787.0,0.0,56160.0,56122.0,0.0,9909.0,260820.0,351.0,0.0,71348.0,63991.0,346.0,230.0,232.0,15186.0,31579.6
RTX3070-SASS-accel-08a6b5b-gpgpu-a3c52cf,351.0,1020.0,787.0,0.0,56160.0,56122.0,0.0,9909.0,260820.0,351.0,0.0,71348.0,63991.0,346.0,230.0,232.0,15186.0,31579.6
RTX3070-SASS-accel-f2bcdfa-gpgpu-a3c52cf,351.0,1020.0,787.0,0.0,56160.0,56122.0,0.0,9909.0,260820.0,351.0,0.0,71348.0,63991.0,346.0,230.0,232.0,15186.0,31579.6
RTX3070-SASS-accel-d21015b-gpgpu-a3c52cf,351.0,1020.0,787.0,0.0,56160.0,56122.0,0.0,9909.0,260820.0,351.0,0.0,71348.0,63991.0,346.0,230.0,232.0,15186.0,31579.6
RTX3070-SASS-accel-b577da3-gpgpu-a3c52cf,351.0,1020.0,787.0,0.0,56160.0,56122.0,0.0,9909.0,260820.0,351.0,0.0,71348.0,63991.0,346.0,230.0,232.0,15186.0,31579.6
RTX3070-SASS-accel-186e1bf-gpgpu-a3c52cf,351.0,1020.0,787.0,0.0,56160.0,56122.0,0.0,9909.0,260820.0,351.0,0.0,71348.0,63991.0,346.0,230.0,232.0,15186.0,31579.6
RTX3070-SASS-accel-cad11ca-gpgpu-a3c52cf,351.0,1020.0,787.0,0.0,56160.0,56122.0,0.0,9909.0,260820.0,351.0,0.0,71348.0,63991.0,346.0,230.0,232.0,15186.0,31579.6
RTX3070-SASS-accel-1f5a2ed-gpgpu-a3c52cf,351.0,1020.0,787.0,0.0,56160.0,56122.0,0.0,9909.0,260820.0,351.0,0.0,71348.0,63991.0,346.0,230.0,232.0,15186.0,31579.6
RTX3070-SASS-accel-20e5f99-gpgpu-a3c52cf,351.0,1020.0,787.0,0.0,56160.0,56122.0,0.0,9909.0,260820.0,351.0,0.0,71348.0,63991.0,346.0,230.0,232.0,15186.0,31579.6
RTX3070-SASS-accel-fae2d48-gpgpu-a3c52cf,351.0,1020.0,787.0,0.0,56160.0,56122.0,0.0,9909.0,260820.0,351.0,0.0,71348.0,63991.0,346.0,230.0,232.0,15186.0,31579.6

----------------------------------------------------------------------------------------------------,,,,,,,,,,,,,,,,,,
gpu_ipc\s*=\s*(.*),,,,,,,,,,,,,,,,,,
CFG,l1_bw_32f/__tpb_1024___tpsm_1024___blocks_1___ws_32--_Z5l1_bwPmS_PfPKf--0,l1_bw_64f/__tpb_1024___tpsm_1024___blocks_1___ws_32--_Z5l1_bwPmS_PdS0_--0,l1_bw_128/__tpb_1024___tpsm_1024___blocks_1___ws_32--_Z5l1_bwPmS_PfS0_--0,l1_lat/__blocks_1___ws_32--_Z6l1_latPjS_PmS0_--0,l2_bw_32f/__tpb_1024___tpsm_1024___blocks_160___ws_32--_Z5l2_bwPmS_PfS0_j--0,l2_bw_64f/__tpb_1024___tpsm_1024___blocks_160___l2_786432___ws_32--_Z5l2_bwPjS_PdS0_j--0,l2_lat/__tpb_1___tpsm_1___blocks_1___l2_786432___ws_32--_Z10l2_hit_latPjS_PmS0_--0,mem_bw/__tpb_1024___tpsm_1024___blocks_80___l2_1572864___ws_32___memclk_1132___membw_64--_Z6mem_bwPfS_S_S_S_S_PjS0_j--0,mem_lat/__tpb_1024___tpsm_1024___blocks_80___l2_1572864___ws_32___memclk_1132___membw_64--_Z7mem_latPjS_PmS0_j--0,shared_bw/__tpb_1024___tpsm_1024___blocks_1____ws_32--_Z9shared_bwPmS_Pjj--0,shared_lat/__blocks_1____ws_32--_Z10shared_latPjS_Pmj--0,shared_bank_conflicts/1--_Z18transposeCoalescedPfS_ii--0,shared_bank_conflicts/2--_Z24transposeNoBankConflictsPfS_ii--0,MaxIops_int32/__tpb_1024____blocks_1____ws_32--_Z9max_flopsIiEvPjS0_PT_S2_S2_--0,l1_shared_bw/__tpb_1024____blocks_1____ws_32--_Z9shared_bwPjS_S_S_j--0,l1_bw_32f_unroll/__tpb_1024___blocks_1____ws_32--_Z5l1_bwPjS_PfS0_--0,l1_bw_32f_unroll_large/NO_ARGS--_Z5l1_bwPjS_PfS0_--0,AV--VG
RTX3070-SASS-accel-f677b74-gpgpu-deb5eb5,NA,NA,NA,NA,NA,NA,NA,NA,NA,NA,NA,NA,NA,NA,NA,NA,NA,68.2
RTX3070-SASS-accel-c366657-gpgpu-deb5eb5,NA,NA,NA,NA,NA,NA,NA,NA,NA,NA,NA,NA,NA,NA,NA,NA,NA,67.3
RTX3070-SASS-accel-a72607f-gpgpu-deb5eb5,NA,NA,NA,NA,NA,NA,NA,NA,NA,NA,NA,NA,NA,NA,NA,NA,NA,67.3
RTX3070-SASS-accel-4dbd5b1-gpgpu-deb5eb5,NA,NA,NA,NA,NA,NA,NA,NA,NA,NA,NA,NA,NA,NA,NA,NA,NA,68.2
RTX3070-SASS-accel-60ad810-gpgpu-deb5eb5,NA,NA,NA,NA,NA,NA,NA,NA,NA,NA,NA,NA,NA,NA,NA,NA,NA,67.3
RTX3070-SASS-accel-0ce7699-gpgpu-deb5eb5,NA,NA,NA,NA,NA,NA,NA,NA,NA,NA,NA,NA,NA,NA,NA,NA,NA,33.1
RTX3070-SASS-accel-6812c12-gpgpu-deb5eb5,NA,NA,NA,NA,NA,NA,NA,NA,NA,NA,NA,NA,NA,NA,NA,NA,NA,68.2
RTX3070-SASS-accel-31082a4-gpgpu-1ee03f0,NA,NA,NA,NA,NA,NA,NA,NA,NA,NA,NA,NA,NA,NA,NA,NA,NA,68.1
RTX3070-SASS-accel-28e2777-gpgpu-1ee03f0,NA,NA,NA,NA,NA,NA,NA,NA,NA,NA,NA,NA,NA,NA,NA,NA,NA,68.1
RTX3070-SASS-accel-10dc9a0-gpgpu-1ee03f0,NA,NA,NA,NA,NA,NA,NA,NA,NA,NA,NA,NA,NA,NA,NA,NA,NA,68.1
RTX3070-SASS-accel-9719269-gpgpu-c51350d,NA,NA,NA,NA,NA,NA,NA,NA,NA,NA,NA,NA,NA,NA,NA,NA,NA,68.1
RTX3070-SASS-accel-6b6f836-gpgpu-585dcf5,NA,NA,NA,NA,NA,NA,NA,NA,NA,NA,NA,NA,NA,NA,NA,NA,NA,66.9
RTX3070-SASS-accel-252e8c4-gpgpu-585dcf5,NA,NA,NA,NA,NA,NA,NA,NA,NA,NA,NA,NA,NA,NA,NA,NA,NA,66.9
RTX3070-SASS-accel-a4e0907-gpgpu-6c9e13d,NA,NA,NA,NA,NA,NA,NA,NA,NA,NA,NA,NA,NA,NA,NA,NA,NA,NA
RTX3070-SASS-accel-fea3381-gpgpu-6ad461a,NA,NA,NA,NA,NA,NA,NA,NA,NA,NA,NA,NA,NA,NA,NA,NA,47.1428,64.3
RTX3070-SASS-accel-16c3068-gpgpu-6ad461a,NA,NA,NA,NA,NA,NA,NA,NA,NA,NA,NA,NA,NA,NA,NA,NA,48.0189,64.4
RTX3070-SASS-accel-8f124d9-gpgpu-99b5997,NA,NA,NA,NA,NA,NA,NA,NA,NA,NA,NA,NA,NA,NA,NA,NA,60.6784,66.3
RTX3070-SASS-accel-7a31963-gpgpu-84c4f46,NA,NA,NA,NA,NA,NA,NA,NA,NA,NA,NA,NA,NA,NA,NA,NA,60.4035,66.3
RTX3070-SASS-accel-a8c1d6d-gpgpu-84c4f46,NA,NA,NA,NA,NA,NA,NA,NA,NA,NA,NA,NA,NA,NA,NA,NA,60.8314,66.4
RTX3070-SASS-accel-000be7f-gpgpu-e466afb,NA,NA,NA,NA,NA,NA,NA,NA,NA,NA,NA,NA,NA,NA,NA,NA,60.6022,66.3
RTX3070-SASS-accel-1cb6168-gpgpu-d38b300,NA,NA,NA,NA,NA,NA,NA,NA,NA,NA,NA,NA,NA,NA,NA,NA,60.8648,66.3
RTX3070-SASS-accel-a9305c5-gpgpu-d38b300,NA,NA,NA,NA,NA,NA,NA,NA,NA,NA,NA,NA,NA,NA,NA,NA,60.8648,66.4
RTX3070-SASS-accel-5b93243-gpgpu-d38b300,NA,NA,NA,NA,NA,NA,NA,NA,NA,NA,NA,NA,NA,NA,NA,NA,60.8571,66.3
RTX3070-SASS-accel-5745567-gpgpu-d38b300,NA,NA,NA,NA,NA,NA,NA,NA,NA,NA,NA,NA,NA,NA,NA,NA,60.8648,66.3
RTX3070-SASS-accel-8d1cf8e-gpgpu-d38b300,NA,NA,NA,NA,NA,NA,NA,NA,NA,NA,NA,NA,NA,NA,NA,NA,60.8648,66.2
RTX3070-SASS-accel-17f819f-gpgpu-d38b300,NA,NA,NA,NA,NA,NA,NA,NA,NA,NA,NA,NA,NA,NA,NA,NA,60.6075,66.3
RTX3070-SASS-accel-2f29d2d-gpgpu-1d39b6f,NA,NA,NA,NA,NA,NA,NA,NA,NA,NA,NA,NA,NA,NA,NA,NA,60.5760,66.2
RTX3070-SASS-accel-786503a-gpgpu-13c6711,NA,NA,NA,NA,NA,NA,NA,NA,NA,NA,NA,NA,NA,NA,NA,NA,60.0871,66.1
RTX3070-SASS-accel-53584fc-gpgpu-13c6711,NA,NA,NA,NA,NA,NA,NA,NA,NA,NA,NA,NA,NA,NA,NA,NA,60.0557,66.1
RTX3070-SASS-accel-e02c99d-gpgpu-13c6711,NA,NA,NA,NA,NA,NA,NA,NA,NA,NA,NA,NA,NA,NA,NA,NA,60.0871,66.1
RTX3070-SASS-accel-bccdebb-gpgpu-13c6711,NA,NA,NA,NA,NA,NA,NA,NA,NA,NA,NA,NA,NA,NA,NA,NA,59.7982,66.1
RTX3070-SASS-accel-0f84efb-gpgpu-74cdacd,NA,NA,NA,NA,NA,NA,NA,NA,NA,NA,NA,NA,NA,NA,NA,NA,60.0871,70.0
RTX3070-SASS-accel-7feb41c-gpgpu-74cdacd,NA,NA,NA,NA,NA,NA,NA,NA,NA,NA,NA,NA,NA,NA,NA,NA,60.0557,66.1
RTX3070-SASS-accel-8f77aae-gpgpu-948c0e1,NA,NA,NA,NA,NA,NA,NA,NA,NA,NA,NA,NA,NA,NA,NA,NA,60.1321,66.2
RTX3070-SASS-accel-8f2c50f-gpgpu-6dd3bfc,NA,NA,NA,NA,NA,NA,NA,NA,NA,NA,NA,NA,NA,NA,NA,NA,60.3027,66.1
RTX3070-SASS-accel-2f19b3d-gpgpu-e033c1f,NA,NA,NA,NA,NA,NA,NA,NA,NA,NA,NA,NA,NA,NA,NA,NA,60.2323,66.2
RTX3070-SASS-accel-17e94d7-gpgpu-e033c1f,NA,NA,NA,NA,NA,NA,NA,NA,NA,NA,NA,NA,NA,NA,NA,NA,59.9230,66.2
RTX3070-SASS-accel-dc0bece-gpgpu-e033c1f,NA,NA,NA,NA,NA,NA,NA,NA,NA,NA,NA,NA,NA,NA,NA,NA,60.1250,66.2
RTX3070-SASS-accel-21f6fea-gpgpu-e033c1f,NA,NA,NA,NA,NA,NA,NA,NA,NA,NA,NA,NA,NA,NA,NA,NA,60.0546,66.1
RTX3070-SASS-accel-a88075e-gpgpu-e033c1f,NA,NA,NA,NA,NA,NA,NA,NA,NA,NA,NA,NA,NA,NA,NA,NA,59.3393,66.1
RTX3070-SASS-accel-470e82b-gpgpu-73db3f7,NA,NA,NA,NA,NA,NA,NA,NA,NA,NA,NA,NA,NA,NA,NA,NA,59.3393,66.1
RTX3070-SASS-accel-a6c1a7a-gpgpu-66ae881,NA,NA,NA,NA,NA,NA,NA,NA,NA,NA,NA,NA,NA,NA,NA,NA,59.3393,66.1
RTX3070-SASS-accel-572f6fd-gpgpu-301be9e,NA,NA,NA,NA,NA,NA,NA,NA,NA,NA,NA,NA,NA,NA,NA,NA,59.3393,66.1
RTX3070-SASS-accel-92027de-gpgpu-58beccb,NA,NA,NA,NA,NA,NA,NA,NA,NA,NA,NA,NA,NA,NA,NA,NA,59.3393,66.1
RTX3070-SASS-accel-0c80a10-gpgpu-58beccb,NA,NA,NA,NA,NA,NA,NA,NA,NA,NA,NA,NA,NA,NA,NA,NA,59.3393,66.1
RTX3070-SASS-accel-53da2df-gpgpu-a0c12f5,NA,NA,NA,NA,NA,NA,NA,NA,NA,NA,NA,NA,NA,NA,NA,NA,59.3393,66.1
RTX3070-SASS-accel-86f4430-gpgpu-a0c12f5,NA,NA,NA,NA,NA,NA,NA,NA,NA,NA,NA,NA,NA,NA,NA,NA,59.3393,66.1
RTX3070-SASS-accel-c1a12bc-gpgpu-9aeacdf,NA,NA,NA,NA,NA,NA,NA,NA,NA,NA,NA,NA,NA,NA,NA,NA,59.3393,66.1
RTX3070-SASS-accel-a1ca547-gpgpu-9aeacdf,NA,NA,NA,NA,NA,NA,NA,NA,NA,NA,NA,NA,NA,NA,NA,NA,59.3393,66.1
RTX3070-SASS-accel-a1ca547-gpgpu-67fc78c,NA,NA,NA,NA,NA,NA,NA,NA,NA,NA,NA,NA,NA,NA,NA,NA,59.3393,66.1
RTX3070-SASS-accel-_modifi-gpgpu-67fc78c,NA,NA,NA,NA,NA,NA,NA,NA,NA,NA,NA,NA,NA,NA,NA,NA,59.3393,66.1
RTX3070-SASS-accel-c5fa0e8-gpgpu-bc268aa,NA,NA,NA,NA,NA,NA,NA,NA,NA,NA,NA,197.8611,291.3862,NA,NA,NA,58.9630,85.7
RTX3070-SASS-accel-43a51f3-gpgpu-7d3ad23,NA,NA,NA,NA,NA,NA,NA,NA,NA,NA,NA,197.8611,291.3862,NA,NA,NA,58.9630,85.7
RTX3070-SASS-accel-4ac0e40-gpgpu-7d3ad23,NA,NA,NA,NA,NA,NA,NA,NA,NA,NA,NA,197.8611,291.3862,NA,NA,NA,58.9630,85.7
RTX3070-SASS-accel-efa370c-gpgpu-6b22d66,NA,NA,NA,NA,NA,NA,NA,NA,NA,NA,NA,197.8611,291.3862,NA,NA,NA,58.9630,85.7
RTX3070-SASS-accel-66ed9f2-gpgpu-6b22d66,NA,NA,NA,NA,NA,NA,NA,NA,NA,NA,NA,197.8611,291.3862,NA,NA,NA,58.9630,85.7
RTX3070-SASS-accel-b1c61bc-gpgpu-6b22d66,NA,NA,NA,NA,NA,NA,NA,NA,NA,NA,NA,197.8611,291.3862,NA,NA,NA,58.9630,85.7
RTX3070-SASS-accel-b3d9838-gpgpu-22159f1,NA,NA,NA,NA,NA,NA,NA,NA,NA,NA,NA,197.8611,291.3862,NA,NA,NA,58.9630,85.7
RTX3070-SASS-accel-3ff1be8-gpgpu-67d8a3b,NA,NA,NA,NA,NA,NA,NA,NA,NA,NA,NA,197.8611,291.3862,NA,NA,NA,58.9630,85.7
RTX3070-SASS-accel-3ff1be8-gpgpu-9d88a1c,NA,NA,NA,NA,NA,NA,NA,NA,NA,NA,NA,197.8611,291.3862,NA,NA,NA,58.9630,85.7
RTX3070-SASS-accel-879dc35-gpgpu-3364474,92.1038,7.4174,74.1766,0.7413,1039.5360,463.2743,0.0089,123.7006,1.8913,31.0293,0.6255,197.2260,291.1561,NA,42.8842,89.0575,60.2436,150.6
RTX3070-SASS-accel-e7b698e-gpgpu-3364474,92.1038,7.4174,74.1766,0.7413,1039.5360,463.2743,0.0089,123.7006,1.8913,31.0293,0.6255,197.2260,291.1561,NA,42.8842,89.0575,60.2436,150.6
RTX3070-SASS-accel-1688c9d-gpgpu-3364474,92.1038,7.4174,74.1766,0.7413,1039.5360,463.2743,0.0089,123.7006,1.8913,31.0293,0.6255,197.2260,291.1561,NA,42.8842,89.0575,60.2436,150.6
RTX3070-SASS-accel-a634fe0-gpgpu-3364474,92.1038,7.4174,74.1766,0.7413,1039.5360,463.2743,0.0089,123.7006,1.8913,31.0293,0.6255,197.2260,291.1561,45.6034,42.8842,89.0575,60.2436,150.6
RTX3070-SASS-accel-7a8e345-gpgpu-3364474,92.1038,7.4174,74.1766,0.7413,1039.5360,463.2743,0.0089,123.7006,1.8913,31.0293,0.6255,197.2260,291.1561,45.6034,42.8842,89.0575,60.2436,150.6
RTX3070-SASS-accel-d3ba55f-gpgpu-a3c52cf,92.1038,7.4174,74.1766,0.7413,1034.8608,460.4052,0.0089,123.7523,1.8898,31.0293,0.6255,197.2260,291.1561,45.6034,42.8842,89.0575,60.2436,150.2
RTX3070-SASS-accel-ec00037-gpgpu-a3c52cf,92.1038,7.4174,74.1766,0.7413,1034.8608,460.4052,0.0089,123.7523,1.8898,31.0293,0.6255,197.2260,291.1561,45.6034,42.8842,89.0575,60.2436,150.2
RTX3070-SASS-accel-a619790-gpgpu-a3c52cf,92.1038,7.4174,74.1766,0.7413,1034.8608,460.4052,0.0089,123.7523,1.8898,31.0293,0.6255,197.2260,291.1561,45.6034,42.8842,89.0575,60.2436,150.2
RTX3070-SASS-accel-08a6b5b-gpgpu-a3c52cf,92.1038,7.4174,74.1766,0.7413,1034.8608,460.4052,0.0089,123.7523,1.8898,31.0293,0.6255,197.2260,291.1561,45.6034,42.8842,89.0575,60.2436,150.2
RTX3070-SASS-accel-f2bcdfa-gpgpu-a3c52cf,92.1038,7.4174,74.1766,0.7413,1034.8608,460.4052,0.0089,123.7523,1.8898,31.0293,0.6255,197.2260,291.1561,45.6034,42.8842,89.0575,60.2436,150.2
RTX3070-SASS-accel-d21015b-gpgpu-a3c52cf,92.1038,7.4174,74.1766,0.7413,1034.8608,460.4052,0.0089,123.7523,1.8898,31.0293,0.6255,197.2260,291.1561,45.6034,42.8842,89.0575,60.2436,150.2
RTX3070-SASS-accel-b577da3-gpgpu-a3c52cf,92.1038,7.4174,74.1766,0.7413,1034.8608,460.4052,0.0089,123.7523,1.8898,31.0293,0.6255,197.2260,291.1561,45.6034,42.8842,89.0575,60.2436,150.2
RTX3070-SASS-accel-186e1bf-gpgpu-a3c52cf,92.1038,7.4174,74.1766,0.7413,1034.8608,460.4052,0.0089,123.7523,1.8898,31.0293,0.6255,197.2260,291.1561,45.6034,42.8842,89.0575,60.2436,150.2
RTX3070-SASS-accel-cad11ca-gpgpu-a3c52cf,92.1038,7.4174,74.1766,0.7413,1034.8608,460.4052,0.0089,123.7523,1.8898,31.0293,0.6255,197.2260,291.1561,45.6034,42.8842,89.0575,60.2436,150.2
RTX3070-SASS-accel-1f5a2ed-gpgpu-a3c52cf,92.1038,7.4174,74.1766,0.7413,1034.8608,460.4052,0.0089,123.7523,1.8898,31.0293,0.6255,197.2260,291.1561,45.6034,42.8842,89.0575,60.2436,150.2
RTX3070-SASS-accel-20e5f99-gpgpu-a3c52cf,92.1038,7.4174,74.1766,0.7413,1034.8608,460.4052,0.0089,123.7523,1.8898,31.0293,0.6255,197.2260,291.1561,45.6034,42.8842,89.0575,60.2436,150.2
RTX3070-SASS-accel-fae2d48-gpgpu-a3c52cf,92.1038,7.4174,74.1766,0.7413,1034.8608,460.4052,0.0089,123.7523,1.8898,31.0293,0.6255,197.2260,291.1561,45.6034,42.8842,89.0575,60.2436,150.2

----------------------------------------------------------------------------------------------------,,,,,,,,,,,,,,,,,,
gpu_occupancy\s*=\s*(.*)%,,,,,,,,,,,,,,,,,,
CFG,l1_bw_32f/__tpb_1024___tpsm_1024___blocks_1___ws_32--_Z5l1_bwPmS_PfPKf--0,l1_bw_64f/__tpb_1024___tpsm_1024___blocks_1___ws_32--_Z5l1_bwPmS_PdS0_--0,l1_bw_128/__tpb_1024___tpsm_1024___blocks_1___ws_32--_Z5l1_bwPmS_PfS0_--0,l1_lat/__blocks_1___ws_32--_Z6l1_latPjS_PmS0_--0,l2_bw_32f/__tpb_1024___tpsm_1024___blocks_160___ws_32--_Z5l2_bwPmS_PfS0_j--0,l2_bw_64f/__tpb_1024___tpsm_1024___blocks_160___l2_786432___ws_32--_Z5l2_bwPjS_PdS0_j--0,l2_lat/__tpb_1___tpsm_1___blocks_1___l2_786432___ws_32--_Z10l2_hit_latPjS_PmS0_--0,mem_bw/__tpb_1024___tpsm_1024___blocks_80___l2_1572864___ws_32___memclk_1132___membw_64--_Z6mem_bwPfS_S_S_S_S_PjS0_j--0,mem_lat/__tpb_1024___tpsm_1024___blocks_80___l2_1572864___ws_32___memclk_1132___membw_64--_Z7mem_latPjS_PmS0_j--0,shared_bw/__tpb_1024___tpsm_1024___blocks_1____ws_32--_Z9shared_bwPmS_Pjj--0,shared_lat/__blocks_1____ws_32--_Z10shared_latPjS_Pmj--0,shared_bank_conflicts/1--_Z18transposeCoalescedPfS_ii--0,shared_bank_conflicts/2--_Z24transposeNoBankConflictsPfS_ii--0,MaxIops_int32/__tpb_1024____blocks_1____ws_32--_Z9max_flopsIiEvPjS0_PT_S2_S2_--0,l1_shared_bw/__tpb_1024____blocks_1____ws_32--_Z9shared_bwPjS_S_S_j--0,l1_bw_32f_unroll/__tpb_1024___blocks_1____ws_32--_Z5l1_bwPjS_PfS0_--0,l1_bw_32f_unroll_large/NO_ARGS--_Z5l1_bwPjS_PfS0_--0,AV--VG
RTX3070-SASS-accel-f677b74-gpgpu-deb5eb5,NA,NA,NA,NA,NA,NA,NA,NA,NA,NA,NA,NA,NA,NA,NA,NA,NA,38.2
RTX3070-SASS-accel-c366657-gpgpu-deb5eb5,NA,NA,NA,NA,NA,NA,NA,NA,NA,NA,NA,NA,NA,NA,NA,NA,NA,38.2
RTX3070-SASS-accel-a72607f-gpgpu-deb5eb5,NA,NA,NA,NA,NA,NA,NA,NA,NA,NA,NA,NA,NA,NA,NA,NA,NA,38.2
RTX3070-SASS-accel-4dbd5b1-gpgpu-deb5eb5,NA,NA,NA,NA,NA,NA,NA,NA,NA,NA,NA,NA,NA,NA,NA,NA,NA,38.2
RTX3070-SASS-accel-60ad810-gpgpu-deb5eb5,NA,NA,NA,NA,NA,NA,NA,NA,NA,NA,NA,NA,NA,NA,NA,NA,NA,38.2
RTX3070-SASS-accel-0ce7699-gpgpu-deb5eb5,NA,NA,NA,NA,NA,NA,NA,NA,NA,NA,NA,NA,NA,NA,NA,NA,NA,25.8
RTX3070-SASS-accel-6812c12-gpgpu-deb5eb5,NA,NA,NA,NA,NA,NA,NA,NA,NA,NA,NA,NA,NA,NA,NA,NA,NA,38.2
RTX3070-SASS-accel-31082a4-gpgpu-1ee03f0,NA,NA,NA,NA,NA,NA,NA,NA,NA,NA,NA,NA,NA,NA,NA,NA,NA,38.2
RTX3070-SASS-accel-28e2777-gpgpu-1ee03f0,NA,NA,NA,NA,NA,NA,NA,NA,NA,NA,NA,NA,NA,NA,NA,NA,NA,38.2
RTX3070-SASS-accel-10dc9a0-gpgpu-1ee03f0,NA,NA,NA,NA,NA,NA,NA,NA,NA,NA,NA,NA,NA,NA,NA,NA,NA,38.2
RTX3070-SASS-accel-9719269-gpgpu-c51350d,NA,NA,NA,NA,NA,NA,NA,NA,NA,NA,NA,NA,NA,NA,NA,NA,NA,38.2
RTX3070-SASS-accel-6b6f836-gpgpu-585dcf5,NA,NA,NA,NA,NA,NA,NA,NA,NA,NA,NA,NA,NA,NA,NA,NA,NA,38.2
RTX3070-SASS-accel-252e8c4-gpgpu-585dcf5,NA,NA,NA,NA,NA,NA,NA,NA,NA,NA,NA,NA,NA,NA,NA,NA,NA,38.2
RTX3070-SASS-accel-a4e0907-gpgpu-6c9e13d,NA,NA,NA,NA,NA,NA,NA,NA,NA,NA,NA,NA,NA,NA,NA,NA,NA,NA
RTX3070-SASS-accel-fea3381-gpgpu-6ad461a,NA,NA,NA,NA,NA,NA,NA,NA,NA,NA,NA,NA,NA,NA,NA,NA,66.6281,46.7
RTX3070-SASS-accel-16c3068-gpgpu-6ad461a,NA,NA,NA,NA,NA,NA,NA,NA,NA,NA,NA,NA,NA,NA,NA,NA,66.6274,46.7
RTX3070-SASS-accel-8f124d9-gpgpu-99b5997,NA,NA,NA,NA,NA,NA,NA,NA,NA,NA,NA,NA,NA,NA,NA,NA,66.6406,46.9
RTX3070-SASS-accel-7a31963-gpgpu-84c4f46,NA,NA,NA,NA,NA,NA,NA,NA,NA,NA,NA,NA,NA,NA,NA,NA,66.6407,46.9
RTX3070-SASS-accel-a8c1d6d-gpgpu-84c4f46,NA,NA,NA,NA,NA,NA,NA,NA,NA,NA,NA,NA,NA,NA,NA,NA,66.6435,46.9
RTX3070-SASS-accel-000be7f-gpgpu-e466afb,NA,NA,NA,NA,NA,NA,NA,NA,NA,NA,NA,NA,NA,NA,NA,NA,66.6436,46.9
RTX3070-SASS-accel-1cb6168-gpgpu-d38b300,NA,NA,NA,NA,NA,NA,NA,NA,NA,NA,NA,NA,NA,NA,NA,NA,66.6412,46.9
RTX3070-SASS-accel-a9305c5-gpgpu-d38b300,NA,NA,NA,NA,NA,NA,NA,NA,NA,NA,NA,NA,NA,NA,NA,NA,66.6412,46.9
RTX3070-SASS-accel-5b93243-gpgpu-d38b300,NA,NA,NA,NA,NA,NA,NA,NA,NA,NA,NA,NA,NA,NA,NA,NA,66.6412,46.9
RTX3070-SASS-accel-5745567-gpgpu-d38b300,NA,NA,NA,NA,NA,NA,NA,NA,NA,NA,NA,NA,NA,NA,NA,NA,66.6412,46.9
RTX3070-SASS-accel-8d1cf8e-gpgpu-d38b300,NA,NA,NA,NA,NA,NA,NA,NA,NA,NA,NA,NA,NA,NA,NA,NA,66.6412,46.9
RTX3070-SASS-accel-17f819f-gpgpu-d38b300,NA,NA,NA,NA,NA,NA,NA,NA,NA,NA,NA,NA,NA,NA,NA,NA,66.6411,46.9
RTX3070-SASS-accel-2f29d2d-gpgpu-1d39b6f,NA,NA,NA,NA,NA,NA,NA,NA,NA,NA,NA,NA,NA,NA,NA,NA,66.6413,46.9
RTX3070-SASS-accel-786503a-gpgpu-13c6711,NA,NA,NA,NA,NA,NA,NA,NA,NA,NA,NA,NA,NA,NA,NA,NA,66.6376,46.8
RTX3070-SASS-accel-53584fc-gpgpu-13c6711,NA,NA,NA,NA,NA,NA,NA,NA,NA,NA,NA,NA,NA,NA,NA,NA,66.6376,46.8
RTX3070-SASS-accel-e02c99d-gpgpu-13c6711,NA,NA,NA,NA,NA,NA,NA,NA,NA,NA,NA,NA,NA,NA,NA,NA,66.6376,46.8
RTX3070-SASS-accel-bccdebb-gpgpu-13c6711,NA,NA,NA,NA,NA,NA,NA,NA,NA,NA,NA,NA,NA,NA,NA,NA,66.6377,46.8
RTX3070-SASS-accel-0f84efb-gpgpu-74cdacd,NA,NA,NA,NA,NA,NA,NA,NA,NA,NA,NA,NA,NA,NA,NA,NA,66.6376,44.0
RTX3070-SASS-accel-7feb41c-gpgpu-74cdacd,NA,NA,NA,NA,NA,NA,NA,NA,NA,NA,NA,NA,NA,NA,NA,NA,66.6376,46.8
RTX3070-SASS-accel-8f77aae-gpgpu-948c0e1,NA,NA,NA,NA,NA,NA,NA,NA,NA,NA,NA,NA,NA,NA,NA,NA,66.6376,46.8
RTX3070-SASS-accel-8f2c50f-gpgpu-6dd3bfc,NA,NA,NA,NA,NA,NA,NA,NA,NA,NA,NA,NA,NA,NA,NA,NA,66.6427,46.8
RTX3070-SASS-accel-2f19b3d-gpgpu-e033c1f,NA,NA,NA,NA,NA,NA,NA,NA,NA,NA,NA,NA,NA,NA,NA,NA,66.6428,46.8
RTX3070-SASS-accel-17e94d7-gpgpu-e033c1f,NA,NA,NA,NA,NA,NA,NA,NA,NA,NA,NA,NA,NA,NA,NA,NA,66.6377,46.8
RTX3070-SASS-accel-dc0bece-gpgpu-e033c1f,NA,NA,NA,NA,NA,NA,NA,NA,NA,NA,NA,NA,NA,NA,NA,NA,66.6405,46.8
RTX3070-SASS-accel-21f6fea-gpgpu-e033c1f,NA,NA,NA,NA,NA,NA,NA,NA,NA,NA,NA,NA,NA,NA,NA,NA,66.6406,46.8
RTX3070-SASS-accel-a88075e-gpgpu-e033c1f,NA,NA,NA,NA,NA,NA,NA,NA,NA,NA,NA,NA,NA,NA,NA,NA,66.6380,46.8
RTX3070-SASS-accel-470e82b-gpgpu-73db3f7,NA,NA,NA,NA,NA,NA,NA,NA,NA,NA,NA,NA,NA,NA,NA,NA,66.6380,46.8
RTX3070-SASS-accel-a6c1a7a-gpgpu-66ae881,NA,NA,NA,NA,NA,NA,NA,NA,NA,NA,NA,NA,NA,NA,NA,NA,66.6380,46.8
RTX3070-SASS-accel-572f6fd-gpgpu-301be9e,NA,NA,NA,NA,NA,NA,NA,NA,NA,NA,NA,NA,NA,NA,NA,NA,66.6380,46.8
RTX3070-SASS-accel-92027de-gpgpu-58beccb,NA,NA,NA,NA,NA,NA,NA,NA,NA,NA,NA,NA,NA,NA,NA,NA,66.6380,46.8
RTX3070-SASS-accel-0c80a10-gpgpu-58beccb,NA,NA,NA,NA,NA,NA,NA,NA,NA,NA,NA,NA,NA,NA,NA,NA,66.6380,46.8
RTX3070-SASS-accel-53da2df-gpgpu-a0c12f5,NA,NA,NA,NA,NA,NA,NA,NA,NA,NA,NA,NA,NA,NA,NA,NA,66.6380,46.8
RTX3070-SASS-accel-86f4430-gpgpu-a0c12f5,NA,NA,NA,NA,NA,NA,NA,NA,NA,NA,NA,NA,NA,NA,NA,NA,66.6380,46.8
RTX3070-SASS-accel-c1a12bc-gpgpu-9aeacdf,NA,NA,NA,NA,NA,NA,NA,NA,NA,NA,NA,NA,NA,NA,NA,NA,66.6380,46.8
RTX3070-SASS-accel-a1ca547-gpgpu-9aeacdf,NA,NA,NA,NA,NA,NA,NA,NA,NA,NA,NA,NA,NA,NA,NA,NA,66.6380,46.8
RTX3070-SASS-accel-a1ca547-gpgpu-67fc78c,NA,NA,NA,NA,NA,NA,NA,NA,NA,NA,NA,NA,NA,NA,NA,NA,66.6380,46.8
RTX3070-SASS-accel-_modifi-gpgpu-67fc78c,NA,NA,NA,NA,NA,NA,NA,NA,NA,NA,NA,NA,NA,NA,NA,NA,66.6380,46.8
RTX3070-SASS-accel-c5fa0e8-gpgpu-bc268aa,NA,NA,NA,NA,NA,NA,NA,NA,NA,NA,NA,86.4041,81.6522,NA,NA,NA,66.6457,51.0
RTX3070-SASS-accel-43a51f3-gpgpu-7d3ad23,NA,NA,NA,NA,NA,NA,NA,NA,NA,NA,NA,86.4041,81.6522,NA,NA,NA,66.6457,51.0
RTX3070-SASS-accel-4ac0e40-gpgpu-7d3ad23,NA,NA,NA,NA,NA,NA,NA,NA,NA,NA,NA,86.4041,81.6522,NA,NA,NA,66.6457,51.0
RTX3070-SASS-accel-efa370c-gpgpu-6b22d66,NA,NA,NA,NA,NA,NA,NA,NA,NA,NA,NA,86.4041,81.6522,NA,NA,NA,66.6457,51.0
RTX3070-SASS-accel-66ed9f2-gpgpu-6b22d66,NA,NA,NA,NA,NA,NA,NA,NA,NA,NA,NA,86.4041,81.6522,NA,NA,NA,66.6457,51.0
RTX3070-SASS-accel-b1c61bc-gpgpu-6b22d66,NA,NA,NA,NA,NA,NA,NA,NA,NA,NA,NA,86.4041,81.6522,NA,NA,NA,66.6457,51.0
RTX3070-SASS-accel-b3d9838-gpgpu-22159f1,NA,NA,NA,NA,NA,NA,NA,NA,NA,NA,NA,86.4041,81.6522,NA,NA,NA,66.6457,51.0
RTX3070-SASS-accel-3ff1be8-gpgpu-67d8a3b,NA,NA,NA,NA,NA,NA,NA,NA,NA,NA,NA,86.4041,81.6522,NA,NA,NA,66.6457,51.0
RTX3070-SASS-accel-3ff1be8-gpgpu-9d88a1c,NA,NA,NA,NA,NA,NA,NA,NA,NA,NA,NA,86.4041,81.6522,NA,NA,NA,66.6457,51.0
RTX3070-SASS-accel-879dc35-gpgpu-3364474,66.6446,66.6308,66.6523,2.0833,66.5227,66.6225,2.0833,66.3577,8.9487,66.6122,2.0833,85.6511,81.8701,NA,66.6627,66.6531,66.6444,53.8
RTX3070-SASS-accel-e7b698e-gpgpu-3364474,66.6446,66.6308,66.6523,2.0833,66.5227,66.6225,2.0833,66.3577,8.9487,66.6122,2.0833,85.6511,81.8701,NA,66.6627,66.6531,66.6444,53.8
RTX3070-SASS-accel-1688c9d-gpgpu-3364474,66.6446,66.6308,66.6523,2.0833,66.5227,66.6225,2.0833,66.3577,8.9487,66.6122,2.0833,85.6511,81.8701,NA,66.6627,66.6531,66.6444,53.8
RTX3070-SASS-accel-a634fe0-gpgpu-3364474,66.6446,66.6308,66.6523,2.0833,66.5227,66.6225,2.0833,66.3577,8.9487,66.6122,2.0833,85.6511,81.8701,66.5839,66.6627,66.6531,66.6444,53.8
RTX3070-SASS-accel-7a8e345-gpgpu-3364474,66.6446,66.6308,66.6523,2.0833,66.5227,66.6225,2.0833,66.3577,8.9487,66.6122,2.0833,85.6511,81.8701,66.5839,66.6627,66.6531,66.6444,53.8
RTX3070-SASS-accel-d3ba55f-gpgpu-a3c52cf,66.6446,66.6308,66.6523,2.0833,66.5254,66.6240,2.0833,66.3751,8.7879,66.6122,2.0833,85.6511,81.8701,66.5839,66.6627,66.6531,66.6444,53.8
RTX3070-SASS-accel-ec00037-gpgpu-a3c52cf,66.6446,66.6308,66.6523,2.0833,66.5254,66.6240,2.0833,66.3751,8.7879,66.6122,2.0833,85.6511,81.8701,66.5839,66.6627,66.6531,66.6444,53.8
RTX3070-SASS-accel-a619790-gpgpu-a3c52cf,66.6446,66.6308,66.6523,2.0833,66.5254,66.6240,2.0833,66.3751,8.7879,66.6122,2.0833,85.6511,81.8701,66.5839,66.6627,66.6531,66.6444,53.8
RTX3070-SASS-accel-08a6b5b-gpgpu-a3c52cf,66.6446,66.6308,66.6523,2.0833,66.5254,66.6240,2.0833,66.3751,8.7879,66.6122,2.0833,85.6511,81.8701,66.5839,66.6627,66.6531,66.6444,53.8
RTX3070-SASS-accel-f2bcdfa-gpgpu-a3c52cf,66.6446,66.6308,66.6523,2.0833,66.5254,66.6240,2.0833,66.3751,8.7879,66.6122,2.0833,85.6511,81.8701,66.5839,66.6627,66.6531,66.6444,53.8
RTX3070-SASS-accel-d21015b-gpgpu-a3c52cf,66.6446,66.6308,66.6523,2.0833,66.5254,66.6240,2.0833,66.3751,8.7879,66.6122,2.0833,85.6511,81.8701,66.5839,66.6627,66.6531,66.6444,53.8
RTX3070-SASS-accel-b577da3-gpgpu-a3c52cf,66.6446,66.6308,66.6523,2.0833,66.5254,66.6240,2.0833,66.3751,8.7879,66.6122,2.0833,85.6511,81.8701,66.5839,66.6627,66.6531,66.6444,53.8
RTX3070-SASS-accel-186e1bf-gpgpu-a3c52cf,66.6446,66.6308,66.6523,2.0833,66.5254,66.6240,2.0833,66.3751,8.7879,66.6122,2.0833,85.6511,81.8701,66.5839,66.6627,66.6531,66.6444,53.8
RTX3070-SASS-accel-cad11ca-gpgpu-a3c52cf,66.6446,66.6308,66.6523,2.0833,66.5254,66.6240,2.0833,66.3751,8.7879,66.6122,2.0833,85.6511,81.8701,66.5839,66.6627,66.6531,66.6444,53.8
RTX3070-SASS-accel-1f5a2ed-gpgpu-a3c52cf,66.6446,66.6308,66.6523,2.0833,66.5254,66.6240,2.0833,66.3751,8.7879,66.6122,2.0833,85.6511,81.8701,66.5839,66.6627,66.6531,66.6444,53.8
RTX3070-SASS-accel-20e5f99-gpgpu-a3c52cf,66.6446,66.6308,66.6523,2.0833,66.5254,66.6240,2.0833,66.3751,8.7879,66.6122,2.0833,85.6511,81.8701,66.5839,66.6627,66.6531,66.6444,53.8
RTX3070-SASS-accel-fae2d48-gpgpu-a3c52cf,66.6446,66.6308,66.6523,2.0833,66.5254,66.6240,2.0833,66.3751,8.7879,66.6122,2.0833,85.6511,81.8701,66.5839,66.6627,66.6531,66.6444,53.8

----------------------------------------------------------------------------------------------------,,,,,,,,,,,,,,,,,,
L2_BW\s*=\s*(.*)\s*GB\/Sec,,,,,,,,,,,,,,,,,,
CFG,l1_bw_32f/__tpb_1024___tpsm_1024___blocks_1___ws_32--_Z5l1_bwPmS_PfPKf--0,l1_bw_64f/__tpb_1024___tpsm_1024___blocks_1___ws_32--_Z5l1_bwPmS_PdS0_--0,l1_bw_128/__tpb_1024___tpsm_1024___blocks_1___ws_32--_Z5l1_bwPmS_PfS0_--0,l1_lat/__blocks_1___ws_32--_Z6l1_latPjS_PmS0_--0,l2_bw_32f/__tpb_1024___tpsm_1024___blocks_160___ws_32--_Z5l2_bwPmS_PfS0_j--0,l2_bw_64f/__tpb_1024___tpsm_1024___blocks_160___l2_786432___ws_32--_Z5l2_bwPjS_PdS0_j--0,l2_lat/__tpb_1___tpsm_1___blocks_1___l2_786432___ws_32--_Z10l2_hit_latPjS_PmS0_--0,mem_bw/__tpb_1024___tpsm_1024___blocks_80___l2_1572864___ws_32___memclk_1132___membw_64--_Z6mem_bwPfS_S_S_S_S_PjS0_j--0,mem_lat/__tpb_1024___tpsm_1024___blocks_80___l2_1572864___ws_32___memclk_1132___membw_64--_Z7mem_latPjS_PmS0_j--0,shared_bw/__tpb_1024___tpsm_1024___blocks_1____ws_32--_Z9shared_bwPmS_Pjj--0,shared_lat/__blocks_1____ws_32--_Z10shared_latPjS_Pmj--0,shared_bank_conflicts/1--_Z18transposeCoalescedPfS_ii--0,shared_bank_conflicts/2--_Z24transposeNoBankConflictsPfS_ii--0,MaxIops_int32/__tpb_1024____blocks_1____ws_32--_Z9max_flopsIiEvPjS0_PT_S2_S2_--0,l1_shared_bw/__tpb_1024____blocks_1____ws_32--_Z9shared_bwPjS_S_S_j--0,l1_bw_32f_unroll/__tpb_1024___blocks_1____ws_32--_Z5l1_bwPjS_PfS0_--0,l1_bw_32f_unroll_large/NO_ARGS--_Z5l1_bwPjS_PfS0_--0,AV--VG
RTX3070-SASS-accel-f677b74-gpgpu-deb5eb5,NA,NA,NA,NA,NA,NA,NA,NA,NA,NA,NA,NA,NA,NA,NA,NA,NA,NA
RTX3070-SASS-accel-c366657-gpgpu-deb5eb5,NA,NA,NA,NA,NA,NA,NA,NA,NA,NA,NA,NA,NA,NA,NA,NA,NA,NA
RTX3070-SASS-accel-a72607f-gpgpu-deb5eb5,NA,NA,NA,NA,NA,NA,NA,NA,NA,NA,NA,NA,NA,NA,NA,NA,NA,NA
RTX3070-SASS-accel-4dbd5b1-gpgpu-deb5eb5,NA,NA,NA,NA,NA,NA,NA,NA,NA,NA,NA,NA,NA,NA,NA,NA,NA,NA
RTX3070-SASS-accel-60ad810-gpgpu-deb5eb5,NA,NA,NA,NA,NA,NA,NA,NA,NA,NA,NA,NA,NA,NA,NA,NA,NA,NA
RTX3070-SASS-accel-0ce7699-gpgpu-deb5eb5,NA,NA,NA,NA,NA,NA,NA,NA,NA,NA,NA,NA,NA,NA,NA,NA,NA,NA
RTX3070-SASS-accel-6812c12-gpgpu-deb5eb5,NA,NA,NA,NA,NA,NA,NA,NA,NA,NA,NA,NA,NA,NA,NA,NA,NA,NA
RTX3070-SASS-accel-31082a4-gpgpu-1ee03f0,NA,NA,NA,NA,NA,NA,NA,NA,NA,NA,NA,NA,NA,NA,NA,NA,NA,NA
RTX3070-SASS-accel-28e2777-gpgpu-1ee03f0,NA,NA,NA,NA,NA,NA,NA,NA,NA,NA,NA,NA,NA,NA,NA,NA,NA,NA
RTX3070-SASS-accel-10dc9a0-gpgpu-1ee03f0,NA,NA,NA,NA,NA,NA,NA,NA,NA,NA,NA,NA,NA,NA,NA,NA,NA,NA
RTX3070-SASS-accel-9719269-gpgpu-c51350d,NA,NA,NA,NA,NA,NA,NA,NA,NA,NA,NA,NA,NA,NA,NA,NA,NA,NA
RTX3070-SASS-accel-6b6f836-gpgpu-585dcf5,NA,NA,NA,NA,NA,NA,NA,NA,NA,NA,NA,NA,NA,NA,NA,NA,NA,NA
RTX3070-SASS-accel-252e8c4-gpgpu-585dcf5,NA,NA,NA,NA,NA,NA,NA,NA,NA,NA,NA,NA,NA,NA,NA,NA,NA,NA
RTX3070-SASS-accel-a4e0907-gpgpu-6c9e13d,NA,NA,NA,NA,NA,NA,NA,NA,NA,NA,NA,NA,NA,NA,NA,NA,NA,NA
RTX3070-SASS-accel-fea3381-gpgpu-6ad461a,NA,NA,NA,NA,NA,NA,NA,NA,NA,NA,NA,NA,NA,NA,NA,NA,NA,NA
RTX3070-SASS-accel-16c3068-gpgpu-6ad461a,NA,NA,NA,NA,NA,NA,NA,NA,NA,NA,NA,NA,NA,NA,NA,NA,NA,NA
RTX3070-SASS-accel-8f124d9-gpgpu-99b5997,NA,NA,NA,NA,NA,NA,NA,NA,NA,NA,NA,NA,NA,NA,NA,NA,NA,NA
RTX3070-SASS-accel-7a31963-gpgpu-84c4f46,NA,NA,NA,NA,NA,NA,NA,NA,NA,NA,NA,NA,NA,NA,NA,NA,NA,NA
RTX3070-SASS-accel-a8c1d6d-gpgpu-84c4f46,NA,NA,NA,NA,NA,NA,NA,NA,NA,NA,NA,NA,NA,NA,NA,NA,NA,NA
RTX3070-SASS-accel-000be7f-gpgpu-e466afb,NA,NA,NA,NA,NA,NA,NA,NA,NA,NA,NA,NA,NA,NA,NA,NA,NA,NA
RTX3070-SASS-accel-1cb6168-gpgpu-d38b300,NA,NA,NA,NA,NA,NA,NA,NA,NA,NA,NA,NA,NA,NA,NA,NA,NA,NA
RTX3070-SASS-accel-a9305c5-gpgpu-d38b300,NA,NA,NA,NA,NA,NA,NA,NA,NA,NA,NA,NA,NA,NA,NA,NA,NA,NA
RTX3070-SASS-accel-5b93243-gpgpu-d38b300,NA,NA,NA,NA,NA,NA,NA,NA,NA,NA,NA,NA,NA,NA,NA,NA,NA,NA
RTX3070-SASS-accel-5745567-gpgpu-d38b300,NA,NA,NA,NA,NA,NA,NA,NA,NA,NA,NA,NA,NA,NA,NA,NA,NA,NA
RTX3070-SASS-accel-8d1cf8e-gpgpu-d38b300,NA,NA,NA,NA,NA,NA,NA,NA,NA,NA,NA,NA,NA,NA,NA,NA,NA,NA
RTX3070-SASS-accel-17f819f-gpgpu-d38b300,NA,NA,NA,NA,NA,NA,NA,NA,NA,NA,NA,NA,NA,NA,NA,NA,NA,NA
RTX3070-SASS-accel-2f29d2d-gpgpu-1d39b6f,NA,NA,NA,NA,NA,NA,NA,NA,NA,NA,NA,NA,NA,NA,NA,NA,NA,NA
RTX3070-SASS-accel-786503a-gpgpu-13c6711,NA,NA,NA,NA,NA,NA,NA,NA,NA,NA,NA,NA,NA,NA,NA,NA,NA,NA
RTX3070-SASS-accel-53584fc-gpgpu-13c6711,NA,NA,NA,NA,NA,NA,NA,NA,NA,NA,NA,NA,NA,NA,NA,NA,NA,NA
RTX3070-SASS-accel-e02c99d-gpgpu-13c6711,NA,NA,NA,NA,NA,NA,NA,NA,NA,NA,NA,NA,NA,NA,NA,NA,NA,NA
RTX3070-SASS-accel-bccdebb-gpgpu-13c6711,NA,NA,NA,NA,NA,NA,NA,NA,NA,NA,NA,NA,NA,NA,NA,NA,NA,NA
RTX3070-SASS-accel-0f84efb-gpgpu-74cdacd,NA,NA,NA,NA,NA,NA,NA,NA,NA,NA,NA,NA,NA,NA,NA,NA,NA,NA
RTX3070-SASS-accel-7feb41c-gpgpu-74cdacd,NA,NA,NA,NA,NA,NA,NA,NA,NA,NA,NA,NA,NA,NA,NA,NA,NA,NA
RTX3070-SASS-accel-8f77aae-gpgpu-948c0e1,NA,NA,NA,NA,NA,NA,NA,NA,NA,NA,NA,NA,NA,NA,NA,NA,NA,NA
RTX3070-SASS-accel-8f2c50f-gpgpu-6dd3bfc,NA,NA,NA,NA,NA,NA,NA,NA,NA,NA,NA,NA,NA,NA,NA,NA,NA,NA
RTX3070-SASS-accel-2f19b3d-gpgpu-e033c1f,NA,NA,NA,NA,NA,NA,NA,NA,NA,NA,NA,NA,NA,NA,NA,NA,NA,NA
RTX3070-SASS-accel-17e94d7-gpgpu-e033c1f,NA,NA,NA,NA,NA,NA,NA,NA,NA,NA,NA,NA,NA,NA,NA,NA,NA,NA
RTX3070-SASS-accel-dc0bece-gpgpu-e033c1f,NA,NA,NA,NA,NA,NA,NA,NA,NA,NA,NA,NA,NA,NA,NA,NA,NA,NA
RTX3070-SASS-accel-21f6fea-gpgpu-e033c1f,NA,NA,NA,NA,NA,NA,NA,NA,NA,NA,NA,NA,NA,NA,NA,NA,NA,NA
RTX3070-SASS-accel-a88075e-gpgpu-e033c1f,NA,NA,NA,NA,NA,NA,NA,NA,NA,NA,NA,NA,NA,NA,NA,NA,NA,NA
RTX3070-SASS-accel-470e82b-gpgpu-73db3f7,NA,NA,NA,NA,NA,NA,NA,NA,NA,NA,NA,NA,NA,NA,NA,NA,NA,NA
RTX3070-SASS-accel-a6c1a7a-gpgpu-66ae881,NA,NA,NA,NA,NA,NA,NA,NA,NA,NA,NA,NA,NA,NA,NA,NA,NA,NA
RTX3070-SASS-accel-572f6fd-gpgpu-301be9e,NA,NA,NA,NA,NA,NA,NA,NA,NA,NA,NA,NA,NA,NA,NA,NA,NA,NA
RTX3070-SASS-accel-92027de-gpgpu-58beccb,NA,NA,NA,NA,NA,NA,NA,NA,NA,NA,NA,NA,NA,NA,NA,NA,NA,NA
RTX3070-SASS-accel-0c80a10-gpgpu-58beccb,NA,NA,NA,NA,NA,NA,NA,NA,NA,NA,NA,NA,NA,NA,NA,NA,NA,NA
RTX3070-SASS-accel-53da2df-gpgpu-a0c12f5,NA,NA,NA,NA,NA,NA,NA,NA,NA,NA,NA,NA,NA,NA,NA,NA,NA,NA
RTX3070-SASS-accel-86f4430-gpgpu-a0c12f5,NA,NA,NA,NA,NA,NA,NA,NA,NA,NA,NA,NA,NA,NA,NA,NA,NA,NA
RTX3070-SASS-accel-c1a12bc-gpgpu-9aeacdf,NA,NA,NA,NA,NA,NA,NA,NA,NA,NA,NA,NA,NA,NA,NA,NA,NA,NA
RTX3070-SASS-accel-a1ca547-gpgpu-9aeacdf,NA,NA,NA,NA,NA,NA,NA,NA,NA,NA,NA,NA,NA,NA,NA,NA,NA,NA
RTX3070-SASS-accel-a1ca547-gpgpu-67fc78c,NA,NA,NA,NA,NA,NA,NA,NA,NA,NA,NA,NA,NA,NA,NA,NA,NA,NA
RTX3070-SASS-accel-_modifi-gpgpu-67fc78c,NA,NA,NA,NA,NA,NA,NA,NA,NA,NA,NA,NA,NA,NA,NA,NA,NA,NA
RTX3070-SASS-accel-c5fa0e8-gpgpu-bc268aa,NA,NA,NA,NA,NA,NA,NA,NA,NA,NA,NA,159.2738,234.5594,NA,NA,NA,7.3933,115.6
RTX3070-SASS-accel-43a51f3-gpgpu-7d3ad23,NA,NA,NA,NA,NA,NA,NA,NA,NA,NA,NA,159.2738,234.5594,NA,NA,NA,7.3933,115.6
RTX3070-SASS-accel-4ac0e40-gpgpu-7d3ad23,NA,NA,NA,NA,NA,NA,NA,NA,NA,NA,NA,159.2738,234.5594,NA,NA,NA,7.3933,115.6
RTX3070-SASS-accel-efa370c-gpgpu-6b22d66,NA,NA,NA,NA,NA,NA,NA,NA,NA,NA,NA,159.2738,234.5594,NA,NA,NA,7.3933,115.6
RTX3070-SASS-accel-66ed9f2-gpgpu-6b22d66,NA,NA,NA,NA,NA,NA,NA,NA,NA,NA,NA,159.2738,234.5594,NA,NA,NA,7.3933,115.6
RTX3070-SASS-accel-b1c61bc-gpgpu-6b22d66,NA,NA,NA,NA,NA,NA,NA,NA,NA,NA,NA,159.2738,234.5594,NA,NA,NA,7.3933,115.6
RTX3070-SASS-accel-b3d9838-gpgpu-22159f1,NA,NA,NA,NA,NA,NA,NA,NA,NA,NA,NA,159.2738,234.5594,NA,NA,NA,7.3933,115.6
RTX3070-SASS-accel-3ff1be8-gpgpu-67d8a3b,NA,NA,NA,NA,NA,NA,NA,NA,NA,NA,NA,159.2738,234.5594,NA,NA,NA,7.3933,115.6
RTX3070-SASS-accel-3ff1be8-gpgpu-9d88a1c,NA,NA,NA,NA,NA,NA,NA,NA,NA,NA,NA,159.2738,234.5594,NA,NA,NA,7.3933,115.6
RTX3070-SASS-accel-879dc35-gpgpu-3364474,0.1639,0.3321,0.1774,4.3115,661.9904,586.4628,0.2038,388.1894,2.1363,0.1072,0.0011,158.7625,234.3742,NA,0.0204,0.2931,7.5483,120.3
RTX3070-SASS-accel-e7b698e-gpgpu-3364474,0.1639,0.3321,0.1774,4.3115,661.9904,586.4628,0.2038,388.1894,2.1363,0.1072,0.0011,158.7625,234.3742,NA,0.0204,0.2931,7.5483,120.3
RTX3070-SASS-accel-1688c9d-gpgpu-3364474,0.1639,0.3321,0.1774,4.3115,661.9904,586.4628,0.2038,388.1894,2.1363,0.1072,0.0011,158.7625,234.3742,NA,0.0204,0.2931,7.5483,120.3
RTX3070-SASS-accel-a634fe0-gpgpu-3364474,0.1639,0.3321,0.1774,4.3115,661.9904,586.4628,0.2038,388.1894,2.1363,0.1072,0.0011,158.7625,234.3742,0.2475,0.0204,0.2931,7.5483,120.3
RTX3070-SASS-accel-7a8e345-gpgpu-3364474,0.1639,0.3321,0.1774,4.3115,661.9904,586.4628,0.2038,388.1894,2.1363,0.1072,0.0011,158.7625,234.3742,0.2475,0.0204,0.2931,7.5483,120.3
RTX3070-SASS-accel-d3ba55f-gpgpu-a3c52cf,0.1639,0.3321,0.1774,4.3115,659.0132,582.8308,0.2038,388.3516,2.1347,0.1072,0.0011,158.7625,234.3742,0.2475,0.0204,0.2931,7.5483,119.9
RTX3070-SASS-accel-ec00037-gpgpu-a3c52cf,0.1639,0.3321,0.1774,4.3115,659.0132,582.8308,0.2038,388.3516,2.1347,0.1072,0.0011,158.7625,234.3742,0.2475,0.0204,0.2931,7.5483,119.9
RTX3070-SASS-accel-a619790-gpgpu-a3c52cf,0.1639,0.3321,0.1774,4.3115,659.0132,582.8308,0.2038,388.3516,2.1347,0.1072,0.0011,158.7625,234.3742,0.2475,0.0204,0.2931,7.5483,119.9
RTX3070-SASS-accel-08a6b5b-gpgpu-a3c52cf,0.1639,0.3321,0.1774,4.3115,659.0132,582.8308,0.2038,388.3516,2.1347,0.1072,0.0011,158.7625,234.3742,0.2475,0.0204,0.2931,7.5483,119.9
RTX3070-SASS-accel-f2bcdfa-gpgpu-a3c52cf,0.1639,0.3321,0.1774,4.3115,659.0132,582.8308,0.2038,388.3516,2.1347,0.1072,0.0011,158.7625,234.3742,0.2475,0.0204,0.2931,7.5483,119.9
RTX3070-SASS-accel-d21015b-gpgpu-a3c52cf,0.1639,0.3321,0.1774,4.3115,659.0132,582.8308,0.2038,388.3516,2.1347,0.1072,0.0011,158.7625,234.3742,0.2475,0.0204,0.2931,7.5483,119.9
RTX3070-SASS-accel-b577da3-gpgpu-a3c52cf,0.1639,0.3321,0.1774,4.3115,659.0132,582.8308,0.2038,388.3516,2.1347,0.1072,0.0011,158.7625,234.3742,0.2475,0.0204,0.2931,7.5483,119.9
RTX3070-SASS-accel-186e1bf-gpgpu-a3c52cf,0.1639,0.3321,0.1774,4.3115,659.0132,582.8308,0.2038,388.3516,2.1347,0.1072,0.0011,158.7625,234.3742,0.2475,0.0204,0.2931,7.5483,119.9
RTX3070-SASS-accel-cad11ca-gpgpu-a3c52cf,0.1639,0.3321,0.1774,4.3115,659.0132,582.8308,0.2038,388.3516,2.1347,0.1072,0.0011,158.7625,234.3742,0.2475,0.0204,0.2931,7.5483,119.9
RTX3070-SASS-accel-1f5a2ed-gpgpu-a3c52cf,0.1639,0.3321,0.1774,4.3115,659.0132,582.8308,0.2038,388.3516,2.1347,0.1072,0.0011,158.7625,234.3742,0.2475,0.0204,0.2931,7.5483,119.9
RTX3070-SASS-accel-20e5f99-gpgpu-a3c52cf,0.1639,0.3321,0.1774,4.3115,659.0132,582.8308,0.2038,388.3516,2.1347,0.1072,0.0011,158.7625,234.3742,0.2475,0.0204,0.2931,7.5483,119.9
RTX3070-SASS-accel-fae2d48-gpgpu-a3c52cf,0.1639,0.3321,0.1774,4.3115,659.0132,582.8308,0.2038,388.3516,2.1347,0.1072,0.0011,158.7625,234.3742,0.2475,0.0204,0.2931,7.5483,119.9

----------------------------------------------------------------------------------------------------,,,,,,,,,,,,,,,,,,
gpgpu_simulation_rate\s+=\s+(.*)\s+\(inst\/sec\),,,,,,,,,,,,,,,,,,
CFG,l1_bw_32f/__tpb_1024___tpsm_1024___blocks_1___ws_32--_Z5l1_bwPmS_PfPKf--0,l1_bw_64f/__tpb_1024___tpsm_1024___blocks_1___ws_32--_Z5l1_bwPmS_PdS0_--0,l1_bw_128/__tpb_1024___tpsm_1024___blocks_1___ws_32--_Z5l1_bwPmS_PfS0_--0,l1_lat/__blocks_1___ws_32--_Z6l1_latPjS_PmS0_--0,l2_bw_32f/__tpb_1024___tpsm_1024___blocks_160___ws_32--_Z5l2_bwPmS_PfS0_j--0,l2_bw_64f/__tpb_1024___tpsm_1024___blocks_160___l2_786432___ws_32--_Z5l2_bwPjS_PdS0_j--0,l2_lat/__tpb_1___tpsm_1___blocks_1___l2_786432___ws_32--_Z10l2_hit_latPjS_PmS0_--0,mem_bw/__tpb_1024___tpsm_1024___blocks_80___l2_1572864___ws_32___memclk_1132___membw_64--_Z6mem_bwPfS_S_S_S_S_PjS0_j--0,mem_lat/__tpb_1024___tpsm_1024___blocks_80___l2_1572864___ws_32___memclk_1132___membw_64--_Z7mem_latPjS_PmS0_j--0,shared_bw/__tpb_1024___tpsm_1024___blocks_1____ws_32--_Z9shared_bwPmS_Pjj--0,shared_lat/__blocks_1____ws_32--_Z10shared_latPjS_Pmj--0,shared_bank_conflicts/1--_Z18transposeCoalescedPfS_ii--0,shared_bank_conflicts/2--_Z24transposeNoBankConflictsPfS_ii--0,MaxIops_int32/__tpb_1024____blocks_1____ws_32--_Z9max_flopsIiEvPjS0_PT_S2_S2_--0,l1_shared_bw/__tpb_1024____blocks_1____ws_32--_Z9shared_bwPjS_S_S_j--0,l1_bw_32f_unroll/__tpb_1024___blocks_1____ws_32--_Z5l1_bwPjS_PfS0_--0,l1_bw_32f_unroll_large/NO_ARGS--_Z5l1_bwPjS_PfS0_--0,AV--VG
RTX3070-SASS-accel-f677b74-gpgpu-deb5eb5,NA,NA,NA,NA,NA,NA,NA,NA,NA,NA,NA,NA,NA,NA,NA,NA,NA,61758.2
RTX3070-SASS-accel-c366657-gpgpu-deb5eb5,NA,NA,NA,NA,NA,NA,NA,NA,NA,NA,NA,NA,NA,NA,NA,NA,NA,66047.9
RTX3070-SASS-accel-a72607f-gpgpu-deb5eb5,NA,NA,NA,NA,NA,NA,NA,NA,NA,NA,NA,NA,NA,NA,NA,NA,NA,64657.6
RTX3070-SASS-accel-4dbd5b1-gpgpu-deb5eb5,NA,NA,NA,NA,NA,NA,NA,NA,NA,NA,NA,NA,NA,NA,NA,NA,NA,64395.8
RTX3070-SASS-accel-60ad810-gpgpu-deb5eb5,NA,NA,NA,NA,NA,NA,NA,NA,NA,NA,NA,NA,NA,NA,NA,NA,NA,61841.5
RTX3070-SASS-accel-0ce7699-gpgpu-deb5eb5,NA,NA,NA,NA,NA,NA,NA,NA,NA,NA,NA,NA,NA,NA,NA,NA,NA,48814.5
RTX3070-SASS-accel-6812c12-gpgpu-deb5eb5,NA,NA,NA,NA,NA,NA,NA,NA,NA,NA,NA,NA,NA,NA,NA,NA,NA,61457.5
RTX3070-SASS-accel-31082a4-gpgpu-1ee03f0,NA,NA,NA,NA,NA,NA,NA,NA,NA,NA,NA,NA,NA,NA,NA,NA,NA,62306.9
RTX3070-SASS-accel-28e2777-gpgpu-1ee03f0,NA,NA,NA,NA,NA,NA,NA,NA,NA,NA,NA,NA,NA,NA,NA,NA,NA,60499.8
RTX3070-SASS-accel-10dc9a0-gpgpu-1ee03f0,NA,NA,NA,NA,NA,NA,NA,NA,NA,NA,NA,NA,NA,NA,NA,NA,NA,57763.4
RTX3070-SASS-accel-9719269-gpgpu-c51350d,NA,NA,NA,NA,NA,NA,NA,NA,NA,NA,NA,NA,NA,NA,NA,NA,NA,60908.5
RTX3070-SASS-accel-6b6f836-gpgpu-585dcf5,NA,NA,NA,NA,NA,NA,NA,NA,NA,NA,NA,NA,NA,NA,NA,NA,NA,56926.2
RTX3070-SASS-accel-252e8c4-gpgpu-585dcf5,NA,NA,NA,NA,NA,NA,NA,NA,NA,NA,NA,NA,NA,NA,NA,NA,NA,59774.8
RTX3070-SASS-accel-a4e0907-gpgpu-6c9e13d,NA,NA,NA,NA,NA,NA,NA,NA,NA,NA,NA,NA,NA,NA,NA,NA,NA,NA
RTX3070-SASS-accel-fea3381-gpgpu-6ad461a,NA,NA,NA,NA,NA,NA,NA,NA,NA,NA,NA,NA,NA,NA,NA,NA,75392,49391.1
RTX3070-SASS-accel-16c3068-gpgpu-6ad461a,NA,NA,NA,NA,NA,NA,NA,NA,NA,NA,NA,NA,NA,NA,NA,NA,83914,49028.5
RTX3070-SASS-accel-8f124d9-gpgpu-99b5997,NA,NA,NA,NA,NA,NA,NA,NA,NA,NA,NA,NA,NA,NA,NA,NA,86162,56654.6
RTX3070-SASS-accel-7a31963-gpgpu-84c4f46,NA,NA,NA,NA,NA,NA,NA,NA,NA,NA,NA,NA,NA,NA,NA,NA,101580,57713.8
RTX3070-SASS-accel-a8c1d6d-gpgpu-84c4f46,NA,NA,NA,NA,NA,NA,NA,NA,NA,NA,NA,NA,NA,NA,NA,NA,144032,64908.2
RTX3070-SASS-accel-000be7f-gpgpu-e466afb,NA,NA,NA,NA,NA,NA,NA,NA,NA,NA,NA,NA,NA,NA,NA,NA,87728,56926.7
RTX3070-SASS-accel-1cb6168-gpgpu-d38b300,NA,NA,NA,NA,NA,NA,NA,NA,NA,NA,NA,NA,NA,NA,NA,NA,96501,46685.1
RTX3070-SASS-accel-a9305c5-gpgpu-d38b300,NA,NA,NA,NA,NA,NA,NA,NA,NA,NA,NA,NA,NA,NA,NA,NA,72016,46441.2
RTX3070-SASS-accel-5b93243-gpgpu-d38b300,NA,NA,NA,NA,NA,NA,NA,NA,NA,NA,NA,NA,NA,NA,NA,NA,83191,46761.1
RTX3070-SASS-accel-5745567-gpgpu-d38b300,NA,NA,NA,NA,NA,NA,NA,NA,NA,NA,NA,NA,NA,NA,NA,NA,94609,50705.1
RTX3070-SASS-accel-8d1cf8e-gpgpu-d38b300,NA,NA,NA,NA,NA,NA,NA,NA,NA,NA,NA,NA,NA,NA,NA,NA,74807,48764.9
RTX3070-SASS-accel-17f819f-gpgpu-d38b300,NA,NA,NA,NA,NA,NA,NA,NA,NA,NA,NA,NA,NA,NA,NA,NA,78456,54041.6
RTX3070-SASS-accel-2f29d2d-gpgpu-1d39b6f,NA,NA,NA,NA,NA,NA,NA,NA,NA,NA,NA,NA,NA,NA,NA,NA,79753,52182.4
RTX3070-SASS-accel-786503a-gpgpu-13c6711,NA,NA,NA,NA,NA,NA,NA,NA,NA,NA,NA,NA,NA,NA,NA,NA,68929,50595.6
RTX3070-SASS-accel-53584fc-gpgpu-13c6711,NA,NA,NA,NA,NA,NA,NA,NA,NA,NA,NA,NA,NA,NA,NA,NA,77824,50463.8
RTX3070-SASS-accel-e02c99d-gpgpu-13c6711,NA,NA,NA,NA,NA,NA,NA,NA,NA,NA,NA,NA,NA,NA,NA,NA,96501,51512.8
RTX3070-SASS-accel-bccdebb-gpgpu-13c6711,NA,NA,NA,NA,NA,NA,NA,NA,NA,NA,NA,NA,NA,NA,NA,NA,77824,52286.2
RTX3070-SASS-accel-0f84efb-gpgpu-74cdacd,NA,NA,NA,NA,NA,NA,NA,NA,NA,NA,NA,NA,NA,NA,NA,NA,76588,51250.2
RTX3070-SASS-accel-7feb41c-gpgpu-74cdacd,NA,NA,NA,NA,NA,NA,NA,NA,NA,NA,NA,NA,NA,NA,NA,NA,80418,51802.0
RTX3070-SASS-accel-8f77aae-gpgpu-948c0e1,NA,NA,NA,NA,NA,NA,NA,NA,NA,NA,NA,NA,NA,NA,NA,NA,137859,51448.3
RTX3070-SASS-accel-8f2c50f-gpgpu-6dd3bfc,NA,NA,NA,NA,NA,NA,NA,NA,NA,NA,NA,NA,NA,NA,NA,NA,78456,46204.3
RTX3070-SASS-accel-2f19b3d-gpgpu-e033c1f,NA,NA,NA,NA,NA,NA,NA,NA,NA,NA,NA,NA,NA,NA,NA,NA,91039,47729.9
RTX3070-SASS-accel-17e94d7-gpgpu-e033c1f,NA,NA,NA,NA,NA,NA,NA,NA,NA,NA,NA,NA,NA,NA,NA,NA,82480,47605.9
RTX3070-SASS-accel-dc0bece-gpgpu-e033c1f,NA,NA,NA,NA,NA,NA,NA,NA,NA,NA,NA,NA,NA,NA,NA,NA,74807,52002.4
RTX3070-SASS-accel-21f6fea-gpgpu-e033c1f,NA,NA,NA,NA,NA,NA,NA,NA,NA,NA,NA,NA,NA,NA,NA,NA,74232,53827.9
RTX3070-SASS-accel-a88075e-gpgpu-e033c1f,NA,NA,NA,NA,NA,NA,NA,NA,NA,NA,NA,NA,NA,NA,NA,NA,79753,48681.0
RTX3070-SASS-accel-470e82b-gpgpu-73db3f7,NA,NA,NA,NA,NA,NA,NA,NA,NA,NA,NA,NA,NA,NA,NA,NA,92790,53741.8
RTX3070-SASS-accel-a6c1a7a-gpgpu-66ae881,NA,NA,NA,NA,NA,NA,NA,NA,NA,NA,NA,NA,NA,NA,NA,NA,94609,49672.0
RTX3070-SASS-accel-572f6fd-gpgpu-301be9e,NA,NA,NA,NA,NA,NA,NA,NA,NA,NA,NA,NA,NA,NA,NA,NA,122154,49216.4
RTX3070-SASS-accel-92027de-gpgpu-58beccb,NA,NA,NA,NA,NA,NA,NA,NA,NA,NA,NA,NA,NA,NA,NA,NA,120627,57838.9
RTX3070-SASS-accel-0c80a10-gpgpu-58beccb,NA,NA,NA,NA,NA,NA,NA,NA,NA,NA,NA,NA,NA,NA,NA,NA,79753,50819.8
RTX3070-SASS-accel-53da2df-gpgpu-a0c12f5,NA,NA,NA,NA,NA,NA,NA,NA,NA,NA,NA,NA,NA,NA,NA,NA,110921,51776.1
RTX3070-SASS-accel-86f4430-gpgpu-a0c12f5,NA,NA,NA,NA,NA,NA,NA,NA,NA,NA,NA,NA,NA,NA,NA,NA,90188,50846.1
RTX3070-SASS-accel-c1a12bc-gpgpu-9aeacdf,NA,NA,NA,NA,NA,NA,NA,NA,NA,NA,NA,NA,NA,NA,NA,NA,77824,47478.2
RTX3070-SASS-accel-a1ca547-gpgpu-9aeacdf,NA,NA,NA,NA,NA,NA,NA,NA,NA,NA,NA,NA,NA,NA,NA,NA,91039,55928.9
RTX3070-SASS-accel-a1ca547-gpgpu-67fc78c,NA,NA,NA,NA,NA,NA,NA,NA,NA,NA,NA,NA,NA,NA,NA,NA,112211,49643.4
RTX3070-SASS-accel-_modifi-gpgpu-67fc78c,NA,NA,NA,NA,NA,NA,NA,NA,NA,NA,NA,NA,NA,NA,NA,NA,93691,57212.9
RTX3070-SASS-accel-c5fa0e8-gpgpu-bc268aa,NA,NA,NA,NA,NA,NA,NA,NA,NA,NA,NA,95132,155216,NA,NA,NA,253952,145138.3
RTX3070-SASS-accel-43a51f3-gpgpu-7d3ad23,NA,NA,NA,NA,NA,NA,NA,NA,NA,NA,NA,173477,245760,NA,NA,NA,321672,173020.4
RTX3070-SASS-accel-4ac0e40-gpgpu-7d3ad23,NA,NA,NA,NA,NA,NA,NA,NA,NA,NA,NA,140434,210651,NA,NA,NA,386007,160309.6
RTX3070-SASS-accel-efa370c-gpgpu-6b22d66,NA,NA,NA,NA,NA,NA,NA,NA,NA,NA,NA,105325,163840,NA,NA,NA,235370,148276.5
RTX3070-SASS-accel-66ed9f2-gpgpu-6b22d66,NA,NA,NA,NA,NA,NA,NA,NA,NA,NA,NA,105325,147456,NA,NA,NA,292429,158395.6
RTX3070-SASS-accel-b1c61bc-gpgpu-6b22d66,NA,NA,NA,NA,NA,NA,NA,NA,NA,NA,NA,109226,163840,NA,NA,NA,253952,151426.5
RTX3070-SASS-accel-b3d9838-gpgpu-22159f1,NA,NA,NA,NA,NA,NA,NA,NA,NA,NA,NA,109226,140434,NA,NA,NA,241254,160819.2
RTX3070-SASS-accel-3ff1be8-gpgpu-67d8a3b,NA,NA,NA,NA,NA,NA,NA,NA,NA,NA,NA,117964,184320,NA,NA,NA,241254,154965.2
RTX3070-SASS-accel-3ff1be8-gpgpu-9d88a1c,NA,NA,NA,NA,NA,NA,NA,NA,NA,NA,NA,109226,147456,NA,NA,NA,283828,158216.9
RTX3070-SASS-accel-879dc35-gpgpu-3364474,341290,35146,339302,3645,468610,177673,52,41610,10354,186339,3149,70217,134050,NA,312503,424894,224589,175109.2
RTX3070-SASS-accel-e7b698e-gpgpu-3364474,341290,34614,348002,3645,480167,251975,52,55406,10174,191663,3324,89367,134050,NA,310513,424894,219485,181929.9
RTX3070-SASS-accel-1688c9d-gpgpu-3364474,352229,61744,424128,3645,337378,241204,52,58241,10284,191663,3324,95132,134050,NA,310513,424894,219485,181268.9
RTX3070-SASS-accel-a634fe0-gpgpu-3364474,366318,35696,411275,3645,285241,221797,52,50950,16616,156005,3740,95132,147456,237340,276992,361734,241433,171260.1
RTX3070-SASS-accel-7a8e345-gpgpu-3364474,419449,34614,419755,3645,280208,216159,53,48800,14332,152459,3520,86738,134050,213606,290182,424894,219485,174232.3
RTX3070-SASS-accel-d3ba55f-gpgpu-a3c52cf,345583,34614,351002,3402,653214,307556,49,75502,16402,186339,3149,95132,134050,203434,302798,424894,219485,197447.4
RTX3070-SASS-accel-ec00037-gpgpu-a3c52cf,446730,34614,424128,3645,470803,310882,49,61433,26703,149071,3520,98304,147456,237340,281795,361734,254140,194843.9
RTX3070-SASS-accel-a619790-gpgpu-a3c52cf,347771,35146,354054,3645,611519,311846,50,76053,16402,191663,3324,95132,140434,213606,270836,431748,219485,195453.8
RTX3070-SASS-accel-08a6b5b-gpgpu-a3c52cf,416271,35146,411275,3645,469339,330451,78,64306,17179,172005,3740,113427,155216,237340,263516,361734,229936,193212.0
RTX3070-SASS-accel-f2bcdfa-gpgpu-a3c52cf,389700,35146,387774,3645,317334,125804,58,69722,16912,186339,3149,95132,128222,213606,235510,424894,219485,167790.1
RTX3070-SASS-accel-d21015b-gpgpu-a3c52cf,443127,34614,407162,3645,242008,164370,53,40387,17740,156005,3520,98304,155216,237340,211959,382405,235544,166670.5
RTX3070-SASS-accel-b577da3-gpgpu-a3c52cf,341290,34614,351002,3645,576475,283177,49,70875,16616,191663,3324,101693,140434,203434,308548,424894,219485,192424.6
RTX3070-SASS-accel-186e1bf-gpgpu-a3c52cf,381582,33596,273263,3645,382733,273926,74,41397,17257,186339,3149,71929,134050,267008,263516,347641,241433,171914.0
RTX3070-SASS-accel-cad11ca-gpgpu-a3c52cf,333017,34614,342153,3645,366244,215388,53,46794,17740,152459,3520,89367,128222,224848,280175,352215,235544,166235.2
RTX3070-SASS-accel-1f5a2ed-gpgpu-a3c52cf,339184,34614,339302,3402,476753,283044,51,66175,17455,186339,3324,95132,147456,213606,263516,446139,229936,185025.2
RTX3070-SASS-accel-20e5f99-gpgpu-a3c52cf,354502,35146,403131,3402,220764,234005,54,52568,16296,191663,3324,73728,134050,237340,197370,387947,247624,164289.1
RTX3070-SASS-accel-fae2d48-gpgpu-a3c52cf,341290,35146,351002,3645,349086,155721,52,61484,17102,176532,3149,109226,147456,213606,312503,424894,224589,172146.1

----------------------------------------------------------------------------------------------------,,,,,,,,,,,,,,,,,,
gpgpu_simulation_rate\s+=\s+(.*)\s+\(cycle\/sec\),,,,,,,,,,,,,,,,,,
CFG,l1_bw_32f/__tpb_1024___tpsm_1024___blocks_1___ws_32--_Z5l1_bwPmS_PfPKf--0,l1_bw_64f/__tpb_1024___tpsm_1024___blocks_1___ws_32--_Z5l1_bwPmS_PdS0_--0,l1_bw_128/__tpb_1024___tpsm_1024___blocks_1___ws_32--_Z5l1_bwPmS_PfS0_--0,l1_lat/__blocks_1___ws_32--_Z6l1_latPjS_PmS0_--0,l2_bw_32f/__tpb_1024___tpsm_1024___blocks_160___ws_32--_Z5l2_bwPmS_PfS0_j--0,l2_bw_64f/__tpb_1024___tpsm_1024___blocks_160___l2_786432___ws_32--_Z5l2_bwPjS_PdS0_j--0,l2_lat/__tpb_1___tpsm_1___blocks_1___l2_786432___ws_32--_Z10l2_hit_latPjS_PmS0_--0,mem_bw/__tpb_1024___tpsm_1024___blocks_80___l2_1572864___ws_32___memclk_1132___membw_64--_Z6mem_bwPfS_S_S_S_S_PjS0_j--0,mem_lat/__tpb_1024___tpsm_1024___blocks_80___l2_1572864___ws_32___memclk_1132___membw_64--_Z7mem_latPjS_PmS0_j--0,shared_bw/__tpb_1024___tpsm_1024___blocks_1____ws_32--_Z9shared_bwPmS_Pjj--0,shared_lat/__blocks_1____ws_32--_Z10shared_latPjS_Pmj--0,shared_bank_conflicts/1--_Z18transposeCoalescedPfS_ii--0,shared_bank_conflicts/2--_Z24transposeNoBankConflictsPfS_ii--0,MaxIops_int32/__tpb_1024____blocks_1____ws_32--_Z9max_flopsIiEvPjS0_PT_S2_S2_--0,l1_shared_bw/__tpb_1024____blocks_1____ws_32--_Z9shared_bwPjS_S_S_j--0,l1_bw_32f_unroll/__tpb_1024___blocks_1____ws_32--_Z5l1_bwPjS_PfS0_--0,l1_bw_32f_unroll_large/NO_ARGS--_Z5l1_bwPjS_PfS0_--0,AV--VG
RTX3070-SASS-accel-f677b74-gpgpu-deb5eb5,NA,NA,NA,NA,NA,NA,NA,NA,NA,NA,NA,NA,NA,NA,NA,NA,NA,1389.1
RTX3070-SASS-accel-c366657-gpgpu-deb5eb5,NA,NA,NA,NA,NA,NA,NA,NA,NA,NA,NA,NA,NA,NA,NA,NA,NA,1507.2
RTX3070-SASS-accel-a72607f-gpgpu-deb5eb5,NA,NA,NA,NA,NA,NA,NA,NA,NA,NA,NA,NA,NA,NA,NA,NA,NA,1474.0
RTX3070-SASS-accel-4dbd5b1-gpgpu-deb5eb5,NA,NA,NA,NA,NA,NA,NA,NA,NA,NA,NA,NA,NA,NA,NA,NA,NA,1441.7
RTX3070-SASS-accel-60ad810-gpgpu-deb5eb5,NA,NA,NA,NA,NA,NA,NA,NA,NA,NA,NA,NA,NA,NA,NA,NA,NA,1432.4
RTX3070-SASS-accel-0ce7699-gpgpu-deb5eb5,NA,NA,NA,NA,NA,NA,NA,NA,NA,NA,NA,NA,NA,NA,NA,NA,NA,1558.5
RTX3070-SASS-accel-6812c12-gpgpu-deb5eb5,NA,NA,NA,NA,NA,NA,NA,NA,NA,NA,NA,NA,NA,NA,NA,NA,NA,1402.6
RTX3070-SASS-accel-31082a4-gpgpu-1ee03f0,NA,NA,NA,NA,NA,NA,NA,NA,NA,NA,NA,NA,NA,NA,NA,NA,NA,1510.7
RTX3070-SASS-accel-28e2777-gpgpu-1ee03f0,NA,NA,NA,NA,NA,NA,NA,NA,NA,NA,NA,NA,NA,NA,NA,NA,NA,1382.8
RTX3070-SASS-accel-10dc9a0-gpgpu-1ee03f0,NA,NA,NA,NA,NA,NA,NA,NA,NA,NA,NA,NA,NA,NA,NA,NA,NA,1397.3
RTX3070-SASS-accel-9719269-gpgpu-c51350d,NA,NA,NA,NA,NA,NA,NA,NA,NA,NA,NA,NA,NA,NA,NA,NA,NA,1415.6
RTX3070-SASS-accel-6b6f836-gpgpu-585dcf5,NA,NA,NA,NA,NA,NA,NA,NA,NA,NA,NA,NA,NA,NA,NA,NA,NA,1410.3
RTX3070-SASS-accel-252e8c4-gpgpu-585dcf5,NA,NA,NA,NA,NA,NA,NA,NA,NA,NA,NA,NA,NA,NA,NA,NA,NA,1425.1
RTX3070-SASS-accel-a4e0907-gpgpu-6c9e13d,NA,NA,NA,NA,NA,NA,NA,NA,NA,NA,NA,NA,NA,NA,NA,NA,NA,NA
RTX3070-SASS-accel-fea3381-gpgpu-6ad461a,NA,NA,NA,NA,NA,NA,NA,NA,NA,NA,NA,NA,NA,NA,NA,NA,1599,1365.1
RTX3070-SASS-accel-16c3068-gpgpu-6ad461a,NA,NA,NA,NA,NA,NA,NA,NA,NA,NA,NA,NA,NA,NA,NA,NA,1747,1358.8
RTX3070-SASS-accel-8f124d9-gpgpu-99b5997,NA,NA,NA,NA,NA,NA,NA,NA,NA,NA,NA,NA,NA,NA,NA,NA,1419,1463.2
RTX3070-SASS-accel-7a31963-gpgpu-84c4f46,NA,NA,NA,NA,NA,NA,NA,NA,NA,NA,NA,NA,NA,NA,NA,NA,1681,1465.0
RTX3070-SASS-accel-a8c1d6d-gpgpu-84c4f46,NA,NA,NA,NA,NA,NA,NA,NA,NA,NA,NA,NA,NA,NA,NA,NA,2367,1523.3
RTX3070-SASS-accel-000be7f-gpgpu-e466afb,NA,NA,NA,NA,NA,NA,NA,NA,NA,NA,NA,NA,NA,NA,NA,NA,1447,1408.7
RTX3070-SASS-accel-1cb6168-gpgpu-d38b300,NA,NA,NA,NA,NA,NA,NA,NA,NA,NA,NA,NA,NA,NA,NA,NA,1585,1235.6
RTX3070-SASS-accel-a9305c5-gpgpu-d38b300,NA,NA,NA,NA,NA,NA,NA,NA,NA,NA,NA,NA,NA,NA,NA,NA,1183,1215.9
RTX3070-SASS-accel-5b93243-gpgpu-d38b300,NA,NA,NA,NA,NA,NA,NA,NA,NA,NA,NA,NA,NA,NA,NA,NA,1366,1180.5
RTX3070-SASS-accel-5745567-gpgpu-d38b300,NA,NA,NA,NA,NA,NA,NA,NA,NA,NA,NA,NA,NA,NA,NA,NA,1554,1285.4
RTX3070-SASS-accel-8d1cf8e-gpgpu-d38b300,NA,NA,NA,NA,NA,NA,NA,NA,NA,NA,NA,NA,NA,NA,NA,NA,1229,1260.1
RTX3070-SASS-accel-17f819f-gpgpu-d38b300,NA,NA,NA,NA,NA,NA,NA,NA,NA,NA,NA,NA,NA,NA,NA,NA,1294,1353.1
RTX3070-SASS-accel-2f29d2d-gpgpu-1d39b6f,NA,NA,NA,NA,NA,NA,NA,NA,NA,NA,NA,NA,NA,NA,NA,NA,1316,1335.1
RTX3070-SASS-accel-786503a-gpgpu-13c6711,NA,NA,NA,NA,NA,NA,NA,NA,NA,NA,NA,NA,NA,NA,NA,NA,1147,1280.8
RTX3070-SASS-accel-53584fc-gpgpu-13c6711,NA,NA,NA,NA,NA,NA,NA,NA,NA,NA,NA,NA,NA,NA,NA,NA,1295,1422.5
RTX3070-SASS-accel-e02c99d-gpgpu-13c6711,NA,NA,NA,NA,NA,NA,NA,NA,NA,NA,NA,NA,NA,NA,NA,NA,1606,1315.3
RTX3070-SASS-accel-bccdebb-gpgpu-13c6711,NA,NA,NA,NA,NA,NA,NA,NA,NA,NA,NA,NA,NA,NA,NA,NA,1301,1304.8
RTX3070-SASS-accel-0f84efb-gpgpu-74cdacd,NA,NA,NA,NA,NA,NA,NA,NA,NA,NA,NA,NA,NA,NA,NA,NA,1274,1263.6
RTX3070-SASS-accel-7feb41c-gpgpu-74cdacd,NA,NA,NA,NA,NA,NA,NA,NA,NA,NA,NA,NA,NA,NA,NA,NA,1339,1264.4
RTX3070-SASS-accel-8f77aae-gpgpu-948c0e1,NA,NA,NA,NA,NA,NA,NA,NA,NA,NA,NA,NA,NA,NA,NA,NA,2292,1308.8
RTX3070-SASS-accel-8f2c50f-gpgpu-6dd3bfc,NA,NA,NA,NA,NA,NA,NA,NA,NA,NA,NA,NA,NA,NA,NA,NA,1301,1179.0
RTX3070-SASS-accel-2f19b3d-gpgpu-e033c1f,NA,NA,NA,NA,NA,NA,NA,NA,NA,NA,NA,NA,NA,NA,NA,NA,1511,1224.6
RTX3070-SASS-accel-17e94d7-gpgpu-e033c1f,NA,NA,NA,NA,NA,NA,NA,NA,NA,NA,NA,NA,NA,NA,NA,NA,1376,1255.9
RTX3070-SASS-accel-dc0bece-gpgpu-e033c1f,NA,NA,NA,NA,NA,NA,NA,NA,NA,NA,NA,NA,NA,NA,NA,NA,1244,1410.9
RTX3070-SASS-accel-21f6fea-gpgpu-e033c1f,NA,NA,NA,NA,NA,NA,NA,NA,NA,NA,NA,NA,NA,NA,NA,NA,1236,1330.2
RTX3070-SASS-accel-a88075e-gpgpu-e033c1f,NA,NA,NA,NA,NA,NA,NA,NA,NA,NA,NA,NA,NA,NA,NA,NA,1344,1246.1
RTX3070-SASS-accel-470e82b-gpgpu-73db3f7,NA,NA,NA,NA,NA,NA,NA,NA,NA,NA,NA,NA,NA,NA,NA,NA,1563,1308.3
RTX3070-SASS-accel-a6c1a7a-gpgpu-66ae881,NA,NA,NA,NA,NA,NA,NA,NA,NA,NA,NA,NA,NA,NA,NA,NA,1594,1257.6
RTX3070-SASS-accel-572f6fd-gpgpu-301be9e,NA,NA,NA,NA,NA,NA,NA,NA,NA,NA,NA,NA,NA,NA,NA,NA,2058,1239.9
RTX3070-SASS-accel-92027de-gpgpu-58beccb,NA,NA,NA,NA,NA,NA,NA,NA,NA,NA,NA,NA,NA,NA,NA,NA,2032,1474.8
RTX3070-SASS-accel-0c80a10-gpgpu-58beccb,NA,NA,NA,NA,NA,NA,NA,NA,NA,NA,NA,NA,NA,NA,NA,NA,1344,1292.5
RTX3070-SASS-accel-53da2df-gpgpu-a0c12f5,NA,NA,NA,NA,NA,NA,NA,NA,NA,NA,NA,NA,NA,NA,NA,NA,1869,1291.8
RTX3070-SASS-accel-86f4430-gpgpu-a0c12f5,NA,NA,NA,NA,NA,NA,NA,NA,NA,NA,NA,NA,NA,NA,NA,NA,1519,1270.8
RTX3070-SASS-accel-c1a12bc-gpgpu-9aeacdf,NA,NA,NA,NA,NA,NA,NA,NA,NA,NA,NA,NA,NA,NA,NA,NA,1311,1169.9
RTX3070-SASS-accel-a1ca547-gpgpu-9aeacdf,NA,NA,NA,NA,NA,NA,NA,NA,NA,NA,NA,NA,NA,NA,NA,NA,1534,1356.3
RTX3070-SASS-accel-a1ca547-gpgpu-67fc78c,NA,NA,NA,NA,NA,NA,NA,NA,NA,NA,NA,NA,NA,NA,NA,NA,1891,1243.5
RTX3070-SASS-accel-_modifi-gpgpu-67fc78c,NA,NA,NA,NA,NA,NA,NA,NA,NA,NA,NA,NA,NA,NA,NA,NA,1578,1418.6
RTX3070-SASS-accel-c5fa0e8-gpgpu-bc268aa,NA,NA,NA,NA,NA,NA,NA,NA,NA,NA,NA,480,532,NA,NA,NA,4306,4067.6
RTX3070-SASS-accel-43a51f3-gpgpu-7d3ad23,NA,NA,NA,NA,NA,NA,NA,NA,NA,NA,NA,876,843,NA,NA,NA,5455,4350.4
RTX3070-SASS-accel-4ac0e40-gpgpu-7d3ad23,NA,NA,NA,NA,NA,NA,NA,NA,NA,NA,NA,709,722,NA,NA,NA,6546,3954.2
RTX3070-SASS-accel-efa370c-gpgpu-6b22d66,NA,NA,NA,NA,NA,NA,NA,NA,NA,NA,NA,532,562,NA,NA,NA,3991,3901.3
RTX3070-SASS-accel-66ed9f2-gpgpu-6b22d66,NA,NA,NA,NA,NA,NA,NA,NA,NA,NA,NA,532,506,NA,NA,NA,4959,4209.3
RTX3070-SASS-accel-b1c61bc-gpgpu-6b22d66,NA,NA,NA,NA,NA,NA,NA,NA,NA,NA,NA,552,562,NA,NA,NA,4306,3896.8
RTX3070-SASS-accel-b3d9838-gpgpu-22159f1,NA,NA,NA,NA,NA,NA,NA,NA,NA,NA,NA,552,481,NA,NA,NA,4091,4246.2
RTX3070-SASS-accel-3ff1be8-gpgpu-67d8a3b,NA,NA,NA,NA,NA,NA,NA,NA,NA,NA,NA,596,632,NA,NA,NA,4091,3960.4
RTX3070-SASS-accel-3ff1be8-gpgpu-9d88a1c,NA,NA,NA,NA,NA,NA,NA,NA,NA,NA,NA,552,506,NA,NA,NA,4813,4096.7
RTX3070-SASS-accel-879dc35-gpgpu-3364474,3705,4738,4574,4918,450,383,5882,336,5474,6005,5035,356,460,NA,7287,4771,3728,3680.1
RTX3070-SASS-accel-e7b698e-gpgpu-3364474,3705,4666,4691,4918,461,543,5924,447,5379,6176,5315,453,460,NA,7240,4771,3643,3708.8
RTX3070-SASS-accel-1688c9d-gpgpu-3364474,3824,8324,5717,4918,324,520,5930,470,5437,6176,5315,482,460,NA,7240,4771,3643,4013.8
RTX3070-SASS-accel-a634fe0-gpgpu-3364474,3977,4812,5544,4918,274,478,5903,411,8785,5027,5979,482,506,5204,6459,4061,4007,3931.0
RTX3070-SASS-accel-7a8e345-gpgpu-3364474,4554,4666,5658,4918,269,466,5984,394,7578,4913,5628,439,460,4684,6766,4771,3643,3870.1
RTX3070-SASS-accel-d3ba55f-gpgpu-a3c52cf,3752,4666,4731,4590,631,668,5600,610,8679,6005,5035,482,460,4460,7060,4771,3643,3873.1
RTX3070-SASS-accel-ec00037-gpgpu-a3c52cf,4850,4666,5717,4918,454,675,5581,496,14130,4804,5628,498,506,5204,6571,4061,4218,4292.8
RTX3070-SASS-accel-a619790-gpgpu-a3c52cf,3775,4738,4773,4918,590,677,5610,614,8679,6176,5315,482,482,4684,6315,4847,3643,3901.1
RTX3070-SASS-accel-08a6b5b-gpgpu-a3c52cf,4519,4738,5544,4918,453,717,8843,519,9090,5543,5979,575,533,5204,6144,4061,3816,4188.0
RTX3070-SASS-accel-f2bcdfa-gpgpu-a3c52cf,4231,4738,5227,4918,306,273,6592,563,8949,6005,5035,482,440,4684,5491,4771,3643,3902.8
RTX3070-SASS-accel-d21015b-gpgpu-a3c52cf,4811,4666,5489,4918,233,357,5995,326,9387,5027,5628,498,533,5204,4942,4293,3909,3895.1
RTX3070-SASS-accel-b577da3-gpgpu-a3c52cf,3705,4666,4731,4918,557,615,5600,572,8792,6176,5315,515,482,4460,7194,4771,3643,3924.2
RTX3070-SASS-accel-186e1bf-gpgpu-a3c52cf,4142,4529,3683,4918,369,594,8305,334,9131,6005,5035,364,460,5855,6144,3903,4007,3986.9
RTX3070-SASS-accel-cad11ca-gpgpu-a3c52cf,3615,4666,4612,4918,353,467,6022,378,9387,4913,5628,453,440,4930,6533,3954,3909,3834.0
RTX3070-SASS-accel-1f5a2ed-gpgpu-a3c52cf,3682,4666,4574,4590,460,614,5783,534,9236,6005,5315,482,506,4684,6144,5009,3816,3888.2
RTX3070-SASS-accel-20e5f99-gpgpu-a3c52cf,3848,4738,5434,4590,213,508,6056,424,8623,6176,5315,373,460,5204,4602,4356,4110,3825.3
RTX3070-SASS-accel-fae2d48-gpgpu-a3c52cf,3705,4738,4731,4918,337,338,5887,496,9049,5689,5035,553,506,4684,7287,4771,3728,3908.9

----------------------------------------------------------------------------------------------------,,,,,,,,,,,,,,,,,,
gpgpu_silicon_slowdown\s*=\s*(.*)x,,,,,,,,,,,,,,,,,,
CFG,l1_bw_32f/__tpb_1024___tpsm_1024___blocks_1___ws_32--_Z5l1_bwPmS_PfPKf--0,l1_bw_64f/__tpb_1024___tpsm_1024___blocks_1___ws_32--_Z5l1_bwPmS_PdS0_--0,l1_bw_128/__tpb_1024___tpsm_1024___blocks_1___ws_32--_Z5l1_bwPmS_PfS0_--0,l1_lat/__blocks_1___ws_32--_Z6l1_latPjS_PmS0_--0,l2_bw_32f/__tpb_1024___tpsm_1024___blocks_160___ws_32--_Z5l2_bwPmS_PfS0_j--0,l2_bw_64f/__tpb_1024___tpsm_1024___blocks_160___l2_786432___ws_32--_Z5l2_bwPjS_PdS0_j--0,l2_lat/__tpb_1___tpsm_1___blocks_1___l2_786432___ws_32--_Z10l2_hit_latPjS_PmS0_--0,mem_bw/__tpb_1024___tpsm_1024___blocks_80___l2_1572864___ws_32___memclk_1132___membw_64--_Z6mem_bwPfS_S_S_S_S_PjS0_j--0,mem_lat/__tpb_1024___tpsm_1024___blocks_80___l2_1572864___ws_32___memclk_1132___membw_64--_Z7mem_latPjS_PmS0_j--0,shared_bw/__tpb_1024___tpsm_1024___blocks_1____ws_32--_Z9shared_bwPmS_Pjj--0,shared_lat/__blocks_1____ws_32--_Z10shared_latPjS_Pmj--0,shared_bank_conflicts/1--_Z18transposeCoalescedPfS_ii--0,shared_bank_conflicts/2--_Z24transposeNoBankConflictsPfS_ii--0,MaxIops_int32/__tpb_1024____blocks_1____ws_32--_Z9max_flopsIiEvPjS0_PT_S2_S2_--0,l1_shared_bw/__tpb_1024____blocks_1____ws_32--_Z9shared_bwPjS_S_S_j--0,l1_bw_32f_unroll/__tpb_1024___blocks_1____ws_32--_Z5l1_bwPjS_PfS0_--0,l1_bw_32f_unroll_large/NO_ARGS--_Z5l1_bwPjS_PfS0_--0,AV--VG
RTX3070-SASS-accel-f677b74-gpgpu-deb5eb5,NA,NA,NA,NA,NA,NA,NA,NA,NA,NA,NA,NA,NA,NA,NA,NA,NA,1365919.1
RTX3070-SASS-accel-c366657-gpgpu-deb5eb5,NA,NA,NA,NA,NA,NA,NA,NA,NA,NA,NA,NA,NA,NA,NA,NA,NA,1302924.4
RTX3070-SASS-accel-a72607f-gpgpu-deb5eb5,NA,NA,NA,NA,NA,NA,NA,NA,NA,NA,NA,NA,NA,NA,NA,NA,NA,1315257.2
RTX3070-SASS-accel-4dbd5b1-gpgpu-deb5eb5,NA,NA,NA,NA,NA,NA,NA,NA,NA,NA,NA,NA,NA,NA,NA,NA,NA,1317985.2
RTX3070-SASS-accel-60ad810-gpgpu-deb5eb5,NA,NA,NA,NA,NA,NA,NA,NA,NA,NA,NA,NA,NA,NA,NA,NA,NA,1456329.9
RTX3070-SASS-accel-0ce7699-gpgpu-deb5eb5,NA,NA,NA,NA,NA,NA,NA,NA,NA,NA,NA,NA,NA,NA,NA,NA,NA,853972.5
RTX3070-SASS-accel-6812c12-gpgpu-deb5eb5,NA,NA,NA,NA,NA,NA,NA,NA,NA,NA,NA,NA,NA,NA,NA,NA,NA,1443507.4
RTX3070-SASS-accel-31082a4-gpgpu-1ee03f0,NA,NA,NA,NA,NA,NA,NA,NA,NA,NA,NA,NA,NA,NA,NA,NA,NA,1702258.2
RTX3070-SASS-accel-28e2777-gpgpu-1ee03f0,NA,NA,NA,NA,NA,NA,NA,NA,NA,NA,NA,NA,NA,NA,NA,NA,NA,1457997.8
RTX3070-SASS-accel-10dc9a0-gpgpu-1ee03f0,NA,NA,NA,NA,NA,NA,NA,NA,NA,NA,NA,NA,NA,NA,NA,NA,NA,1544776.8
RTX3070-SASS-accel-9719269-gpgpu-c51350d,NA,NA,NA,NA,NA,NA,NA,NA,NA,NA,NA,NA,NA,NA,NA,NA,NA,1386840.9
RTX3070-SASS-accel-6b6f836-gpgpu-585dcf5,NA,NA,NA,NA,NA,NA,NA,NA,NA,NA,NA,NA,NA,NA,NA,NA,NA,1792586.8
RTX3070-SASS-accel-252e8c4-gpgpu-585dcf5,NA,NA,NA,NA,NA,NA,NA,NA,NA,NA,NA,NA,NA,NA,NA,NA,NA,1495700.6
RTX3070-SASS-accel-a4e0907-gpgpu-6c9e13d,NA,NA,NA,NA,NA,NA,NA,NA,NA,NA,NA,NA,NA,NA,NA,NA,NA,NA
RTX3070-SASS-accel-fea3381-gpgpu-6ad461a,NA,NA,NA,NA,NA,NA,NA,NA,NA,NA,NA,NA,NA,NA,NA,NA,707942,1415353.2
RTX3070-SASS-accel-16c3068-gpgpu-6ad461a,NA,NA,NA,NA,NA,NA,NA,NA,NA,NA,NA,NA,NA,NA,NA,NA,647967,1248075.5
RTX3070-SASS-accel-8f124d9-gpgpu-99b5997,NA,NA,NA,NA,NA,NA,NA,NA,NA,NA,NA,NA,NA,NA,NA,NA,797744,1283792.9
RTX3070-SASS-accel-7a31963-gpgpu-84c4f46,NA,NA,NA,NA,NA,NA,NA,NA,NA,NA,NA,NA,NA,NA,NA,NA,673408,1142703.9
RTX3070-SASS-accel-a8c1d6d-gpgpu-84c4f46,NA,NA,NA,NA,NA,NA,NA,NA,NA,NA,NA,NA,NA,NA,NA,NA,478242,1115927.8
RTX3070-SASS-accel-000be7f-gpgpu-e466afb,NA,NA,NA,NA,NA,NA,NA,NA,NA,NA,NA,NA,NA,NA,NA,NA,782308,1163667.9
RTX3070-SASS-accel-1cb6168-gpgpu-d38b300,NA,NA,NA,NA,NA,NA,NA,NA,NA,NA,NA,NA,NA,NA,NA,NA,714195,1630821.5
RTX3070-SASS-accel-a9305c5-gpgpu-d38b300,NA,NA,NA,NA,NA,NA,NA,NA,NA,NA,NA,NA,NA,NA,NA,NA,956889,1518362.6
RTX3070-SASS-accel-5b93243-gpgpu-d38b300,NA,NA,NA,NA,NA,NA,NA,NA,NA,NA,NA,NA,NA,NA,NA,NA,828696,1519395.5
RTX3070-SASS-accel-5745567-gpgpu-d38b300,NA,NA,NA,NA,NA,NA,NA,NA,NA,NA,NA,NA,NA,NA,NA,NA,728442,1401018.3
RTX3070-SASS-accel-8d1cf8e-gpgpu-d38b300,NA,NA,NA,NA,NA,NA,NA,NA,NA,NA,NA,NA,NA,NA,NA,NA,921074,1389291.7
RTX3070-SASS-accel-17f819f-gpgpu-d38b300,NA,NA,NA,NA,NA,NA,NA,NA,NA,NA,NA,NA,NA,NA,NA,NA,874806,1378734.4
RTX3070-SASS-accel-2f29d2d-gpgpu-1d39b6f,NA,NA,NA,NA,NA,NA,NA,NA,NA,NA,NA,NA,NA,NA,NA,NA,860182,1239934.1
RTX3070-SASS-accel-786503a-gpgpu-13c6711,NA,NA,NA,NA,NA,NA,NA,NA,NA,NA,NA,NA,NA,NA,NA,NA,986922,1306812.7
RTX3070-SASS-accel-53584fc-gpgpu-13c6711,NA,NA,NA,NA,NA,NA,NA,NA,NA,NA,NA,NA,NA,NA,NA,NA,874131,1319441.2
RTX3070-SASS-accel-e02c99d-gpgpu-13c6711,NA,NA,NA,NA,NA,NA,NA,NA,NA,NA,NA,NA,NA,NA,NA,NA,704856,1386591.8
RTX3070-SASS-accel-bccdebb-gpgpu-13c6711,NA,NA,NA,NA,NA,NA,NA,NA,NA,NA,NA,NA,NA,NA,NA,NA,870099,1222755.8
RTX3070-SASS-accel-0f84efb-gpgpu-74cdacd,NA,NA,NA,NA,NA,NA,NA,NA,NA,NA,NA,NA,NA,NA,NA,NA,888540,1428264.8
RTX3070-SASS-accel-7feb41c-gpgpu-74cdacd,NA,NA,NA,NA,NA,NA,NA,NA,NA,NA,NA,NA,NA,NA,NA,NA,845407,1391111.1
RTX3070-SASS-accel-8f77aae-gpgpu-948c0e1,NA,NA,NA,NA,NA,NA,NA,NA,NA,NA,NA,NA,NA,NA,NA,NA,493891,1626067.3
RTX3070-SASS-accel-8f2c50f-gpgpu-6dd3bfc,NA,NA,NA,NA,NA,NA,NA,NA,NA,NA,NA,NA,NA,NA,NA,NA,870099,1532414.9
RTX3070-SASS-accel-2f19b3d-gpgpu-e033c1f,NA,NA,NA,NA,NA,NA,NA,NA,NA,NA,NA,NA,NA,NA,NA,NA,749172,1447514.4
RTX3070-SASS-accel-17e94d7-gpgpu-e033c1f,NA,NA,NA,NA,NA,NA,NA,NA,NA,NA,NA,NA,NA,NA,NA,NA,822674,1563022.8
RTX3070-SASS-accel-dc0bece-gpgpu-e033c1f,NA,NA,NA,NA,NA,NA,NA,NA,NA,NA,NA,NA,NA,NA,NA,NA,909967,1186726.7
RTX3070-SASS-accel-21f6fea-gpgpu-e033c1f,NA,NA,NA,NA,NA,NA,NA,NA,NA,NA,NA,NA,NA,NA,NA,NA,915857,1491813.5
RTX3070-SASS-accel-a88075e-gpgpu-e033c1f,NA,NA,NA,NA,NA,NA,NA,NA,NA,NA,NA,NA,NA,NA,NA,NA,842261,1462224.2
RTX3070-SASS-accel-470e82b-gpgpu-73db3f7,NA,NA,NA,NA,NA,NA,NA,NA,NA,NA,NA,NA,NA,NA,NA,NA,724248,1169617.2
RTX3070-SASS-accel-a6c1a7a-gpgpu-66ae881,NA,NA,NA,NA,NA,NA,NA,NA,NA,NA,NA,NA,NA,NA,NA,NA,710163,1453247.2
RTX3070-SASS-accel-572f6fd-gpgpu-301be9e,NA,NA,NA,NA,NA,NA,NA,NA,NA,NA,NA,NA,NA,NA,NA,NA,550048,1523302.6
RTX3070-SASS-accel-92027de-gpgpu-58beccb,NA,NA,NA,NA,NA,NA,NA,NA,NA,NA,NA,NA,NA,NA,NA,NA,557086,1266791.2
RTX3070-SASS-accel-0c80a10-gpgpu-58beccb,NA,NA,NA,NA,NA,NA,NA,NA,NA,NA,NA,NA,NA,NA,NA,NA,842261,1508417.9
RTX3070-SASS-accel-53da2df-gpgpu-a0c12f5,NA,NA,NA,NA,NA,NA,NA,NA,NA,NA,NA,NA,NA,NA,NA,NA,605671,1441049.1
RTX3070-SASS-accel-86f4430-gpgpu-a0c12f5,NA,NA,NA,NA,NA,NA,NA,NA,NA,NA,NA,NA,NA,NA,NA,NA,745227,1344424.8
RTX3070-SASS-accel-c1a12bc-gpgpu-9aeacdf,NA,NA,NA,NA,NA,NA,NA,NA,NA,NA,NA,NA,NA,NA,NA,NA,863463,1490443.1
RTX3070-SASS-accel-a1ca547-gpgpu-9aeacdf,NA,NA,NA,NA,NA,NA,NA,NA,NA,NA,NA,NA,NA,NA,NA,NA,737940,1228554.6
RTX3070-SASS-accel-a1ca547-gpgpu-67fc78c,NA,NA,NA,NA,NA,NA,NA,NA,NA,NA,NA,NA,NA,NA,NA,NA,598625,1447391.2
RTX3070-SASS-accel-_modifi-gpgpu-67fc78c,NA,NA,NA,NA,NA,NA,NA,NA,NA,NA,NA,NA,NA,NA,NA,NA,717363,1125051.3
RTX3070-SASS-accel-c5fa0e8-gpgpu-bc268aa,NA,NA,NA,NA,NA,NA,NA,NA,NA,NA,NA,2358333,2127819,NA,NA,NA,262888,790345.2
RTX3070-SASS-accel-43a51f3-gpgpu-7d3ad23,NA,NA,NA,NA,NA,NA,NA,NA,NA,NA,NA,1292237,1342823,NA,NA,NA,207516,596289.7
RTX3070-SASS-accel-4ac0e40-gpgpu-7d3ad23,NA,NA,NA,NA,NA,NA,NA,NA,NA,NA,NA,1596614,1567867,NA,NA,NA,172930,707696.4
RTX3070-SASS-accel-efa370c-gpgpu-6b22d66,NA,NA,NA,NA,NA,NA,NA,NA,NA,NA,NA,2127819,2014234,NA,NA,NA,283638,827187.3
RTX3070-SASS-accel-66ed9f2-gpgpu-6b22d66,NA,NA,NA,NA,NA,NA,NA,NA,NA,NA,NA,2127819,2237154,NA,NA,NA,228271,698445.5
RTX3070-SASS-accel-b1c61bc-gpgpu-6b22d66,NA,NA,NA,NA,NA,NA,NA,NA,NA,NA,NA,2050724,2014234,NA,NA,NA,262888,746781.2
RTX3070-SASS-accel-b3d9838-gpgpu-22159f1,NA,NA,NA,NA,NA,NA,NA,NA,NA,NA,NA,2050724,2353430,NA,NA,NA,276704,693091.5
RTX3070-SASS-accel-3ff1be8-gpgpu-67d8a3b,NA,NA,NA,NA,NA,NA,NA,NA,NA,NA,NA,1899328,1791139,NA,NA,NA,276704,722001.2
RTX3070-SASS-accel-3ff1be8-gpgpu-9d88a1c,NA,NA,NA,NA,NA,NA,NA,NA,NA,NA,NA,2050724,2237154,NA,NA,NA,235196,693383.8
RTX3070-SASS-accel-879dc35-gpgpu-3364474,305533,238919,247485,230174,2515555,2955613,192451,3369047,206795,188509,224826,3179775,2460869,NA,155345,237266,303648,1015624.8
RTX3070-SASS-accel-e7b698e-gpgpu-3364474,305533,242606,241313,230174,2455531,2084714,191087,2532438,210448,183290,212982,2498896,2460869,NA,156353,237266,310732,871769.6
RTX3070-SASS-accel-1688c9d-gpgpu-3364474,296025,135992,198005,230174,3493827,2176923,190893,2408510,208203,183290,212982,2348547,2460869,NA,156353,237266,310732,911192.0
RTX3070-SASS-accel-a634fe0-gpgpu-3364474,284636,235245,204184,230174,4131386,2368200,191766,2754257,128856,225184,189329,2348547,2237154,217524,175259,278749,282505,969585.6
RTX3070-SASS-accel-7a8e345-gpgpu-3364474,248572,242606,200070,230174,4208178,2429184,189171,2873096,149379,230409,201137,2578587,2460869,241673,167307,237266,310732,1011671.2
RTX3070-SASS-accel-d3ba55f-gpgpu-a3c52cf,301705,242606,239272,246623,1793977,1694610,202142,1855737,130429,188509,224826,2348547,2460869,253811,160339,237266,310732,758352.9
RTX3070-SASS-accel-ec00037-gpgpu-a3c52cf,233402,242606,198005,230174,2493392,1677037,202831,2282258,80113,235636,201137,2273092,2237154,217524,172272,278749,268373,795515.0
RTX3070-SASS-accel-a619790-gpgpu-a3c52cf,299867,238919,237167,230174,1918644,1672082,201782,1843648,130429,183290,212982,2348547,2348547,241673,179255,233546,310732,754781.4
RTX3070-SASS-accel-08a6b5b-gpgpu-a3c52cf,250497,238919,204184,230174,2498896,1578800,128010,2181117,124532,204221,189329,1968695,2123827,217524,184244,278749,296645,758727.2
RTX3070-SASS-accel-f2bcdfa-gpgpu-a3c52cf,267549,238919,216567,230174,3699346,4146520,171723,2010657,126494,188509,224826,2348547,2572727,241673,206155,237266,310732,1025787.3
RTX3070-SASS-accel-d21015b-gpgpu-a3c52cf,235294,242606,206230,230174,4858369,3170868,188824,3472392,120592,225184,201137,2273092,2123827,217524,229057,263685,289588,1091084.9
RTX3070-SASS-accel-b577da3-gpgpu-a3c52cf,305533,242606,239272,230174,2032315,1840650,202142,1979020,128753,183290,212982,2198058,2348547,253811,157353,237266,310732,770735.5
RTX3070-SASS-accel-186e1bf-gpgpu-a3c52cf,273297,249944,307358,230174,3067750,1905723,136303,3389221,123973,188509,224826,3109890,2460869,193339,184244,290033,282505,977526.9
RTX3070-SASS-accel-cad11ca-gpgpu-a3c52cf,313139,242606,245446,230174,3206798,2423982,187977,2994708,120592,230409,201137,2498896,2572727,229614,173274,286292,289588,967491.7
RTX3070-SASS-accel-1f5a2ed-gpgpu-a3c52cf,307441,242606,247485,246623,2460869,1843648,195746,2119850,122563,188509,212982,2348547,2237154,241673,184244,225993,296645,807210.5
RTX3070-SASS-accel-20e5f99-gpgpu-a3c52cf,294178,238919,208317,246623,5314553,2228346,186922,2669811,131276,183290,212982,3034852,2460869,217524,245980,259871,275425,1082925.8
RTX3070-SASS-accel-fae2d48-gpgpu-a3c52cf,305533,238919,239272,230174,3359050,3349112,192288,2282258,125096,198980,224826,2047016,2237154,241673,155345,237266,303648,939271.2

----------------------------------------------------------------------------------------------------,,,,,,,,,,,,,,,,,,
gpu_tot_ipc\s*=\s*(.*),,,,,,,,,,,,,,,,,,
CFG,l1_bw_32f/__tpb_1024___tpsm_1024___blocks_1___ws_32--_Z5l1_bwPmS_PfPKf--0,l1_bw_64f/__tpb_1024___tpsm_1024___blocks_1___ws_32--_Z5l1_bwPmS_PdS0_--0,l1_bw_128/__tpb_1024___tpsm_1024___blocks_1___ws_32--_Z5l1_bwPmS_PfS0_--0,l1_lat/__blocks_1___ws_32--_Z6l1_latPjS_PmS0_--0,l2_bw_32f/__tpb_1024___tpsm_1024___blocks_160___ws_32--_Z5l2_bwPmS_PfS0_j--0,l2_bw_64f/__tpb_1024___tpsm_1024___blocks_160___l2_786432___ws_32--_Z5l2_bwPjS_PdS0_j--0,l2_lat/__tpb_1___tpsm_1___blocks_1___l2_786432___ws_32--_Z10l2_hit_latPjS_PmS0_--0,mem_bw/__tpb_1024___tpsm_1024___blocks_80___l2_1572864___ws_32___memclk_1132___membw_64--_Z6mem_bwPfS_S_S_S_S_PjS0_j--0,mem_lat/__tpb_1024___tpsm_1024___blocks_80___l2_1572864___ws_32___memclk_1132___membw_64--_Z7mem_latPjS_PmS0_j--0,shared_bw/__tpb_1024___tpsm_1024___blocks_1____ws_32--_Z9shared_bwPmS_Pjj--0,shared_lat/__blocks_1____ws_32--_Z10shared_latPjS_Pmj--0,shared_bank_conflicts/1--_Z18transposeCoalescedPfS_ii--0,shared_bank_conflicts/2--_Z24transposeNoBankConflictsPfS_ii--0,MaxIops_int32/__tpb_1024____blocks_1____ws_32--_Z9max_flopsIiEvPjS0_PT_S2_S2_--0,l1_shared_bw/__tpb_1024____blocks_1____ws_32--_Z9shared_bwPjS_S_S_j--0,l1_bw_32f_unroll/__tpb_1024___blocks_1____ws_32--_Z5l1_bwPjS_PfS0_--0,l1_bw_32f_unroll_large/NO_ARGS--_Z5l1_bwPjS_PfS0_--0,AV--VG
RTX3070-SASS-accel-f677b74-gpgpu-deb5eb5,NA,NA,NA,NA,NA,NA,NA,NA,NA,NA,NA,NA,NA,NA,NA,NA,NA,68.2
RTX3070-SASS-accel-c366657-gpgpu-deb5eb5,NA,NA,NA,NA,NA,NA,NA,NA,NA,NA,NA,NA,NA,NA,NA,NA,NA,67.3
RTX3070-SASS-accel-a72607f-gpgpu-deb5eb5,NA,NA,NA,NA,NA,NA,NA,NA,NA,NA,NA,NA,NA,NA,NA,NA,NA,67.3
RTX3070-SASS-accel-4dbd5b1-gpgpu-deb5eb5,NA,NA,NA,NA,NA,NA,NA,NA,NA,NA,NA,NA,NA,NA,NA,NA,NA,68.2
RTX3070-SASS-accel-60ad810-gpgpu-deb5eb5,NA,NA,NA,NA,NA,NA,NA,NA,NA,NA,NA,NA,NA,NA,NA,NA,NA,67.3
RTX3070-SASS-accel-0ce7699-gpgpu-deb5eb5,NA,NA,NA,NA,NA,NA,NA,NA,NA,NA,NA,NA,NA,NA,NA,NA,NA,33.1
RTX3070-SASS-accel-6812c12-gpgpu-deb5eb5,NA,NA,NA,NA,NA,NA,NA,NA,NA,NA,NA,NA,NA,NA,NA,NA,NA,68.2
RTX3070-SASS-accel-31082a4-gpgpu-1ee03f0,NA,NA,NA,NA,NA,NA,NA,NA,NA,NA,NA,NA,NA,NA,NA,NA,NA,68.1
RTX3070-SASS-accel-28e2777-gpgpu-1ee03f0,NA,NA,NA,NA,NA,NA,NA,NA,NA,NA,NA,NA,NA,NA,NA,NA,NA,68.1
RTX3070-SASS-accel-10dc9a0-gpgpu-1ee03f0,NA,NA,NA,NA,NA,NA,NA,NA,NA,NA,NA,NA,NA,NA,NA,NA,NA,68.1
RTX3070-SASS-accel-9719269-gpgpu-c51350d,NA,NA,NA,NA,NA,NA,NA,NA,NA,NA,NA,NA,NA,NA,NA,NA,NA,68.1
RTX3070-SASS-accel-6b6f836-gpgpu-585dcf5,NA,NA,NA,NA,NA,NA,NA,NA,NA,NA,NA,NA,NA,NA,NA,NA,NA,66.9
RTX3070-SASS-accel-252e8c4-gpgpu-585dcf5,NA,NA,NA,NA,NA,NA,NA,NA,NA,NA,NA,NA,NA,NA,NA,NA,NA,66.9
RTX3070-SASS-accel-a4e0907-gpgpu-6c9e13d,NA,NA,NA,NA,NA,NA,NA,NA,NA,NA,NA,NA,NA,NA,NA,NA,NA,NA
RTX3070-SASS-accel-fea3381-gpgpu-6ad461a,NA,NA,NA,NA,NA,NA,NA,NA,NA,NA,NA,NA,NA,NA,NA,NA,47.1428,64.3
RTX3070-SASS-accel-16c3068-gpgpu-6ad461a,NA,NA,NA,NA,NA,NA,NA,NA,NA,NA,NA,NA,NA,NA,NA,NA,48.0189,64.4
RTX3070-SASS-accel-8f124d9-gpgpu-99b5997,NA,NA,NA,NA,NA,NA,NA,NA,NA,NA,NA,NA,NA,NA,NA,NA,60.6784,66.3
RTX3070-SASS-accel-7a31963-gpgpu-84c4f46,NA,NA,NA,NA,NA,NA,NA,NA,NA,NA,NA,NA,NA,NA,NA,NA,60.4035,66.3
RTX3070-SASS-accel-a8c1d6d-gpgpu-84c4f46,NA,NA,NA,NA,NA,NA,NA,NA,NA,NA,NA,NA,NA,NA,NA,NA,60.8314,66.4
RTX3070-SASS-accel-000be7f-gpgpu-e466afb,NA,NA,NA,NA,NA,NA,NA,NA,NA,NA,NA,NA,NA,NA,NA,NA,60.6022,66.3
RTX3070-SASS-accel-1cb6168-gpgpu-d38b300,NA,NA,NA,NA,NA,NA,NA,NA,NA,NA,NA,NA,NA,NA,NA,NA,60.8648,66.3
RTX3070-SASS-accel-a9305c5-gpgpu-d38b300,NA,NA,NA,NA,NA,NA,NA,NA,NA,NA,NA,NA,NA,NA,NA,NA,60.8648,66.4
RTX3070-SASS-accel-5b93243-gpgpu-d38b300,NA,NA,NA,NA,NA,NA,NA,NA,NA,NA,NA,NA,NA,NA,NA,NA,60.8571,66.3
RTX3070-SASS-accel-5745567-gpgpu-d38b300,NA,NA,NA,NA,NA,NA,NA,NA,NA,NA,NA,NA,NA,NA,NA,NA,60.8648,66.3
RTX3070-SASS-accel-8d1cf8e-gpgpu-d38b300,NA,NA,NA,NA,NA,NA,NA,NA,NA,NA,NA,NA,NA,NA,NA,NA,60.8648,66.2
RTX3070-SASS-accel-17f819f-gpgpu-d38b300,NA,NA,NA,NA,NA,NA,NA,NA,NA,NA,NA,NA,NA,NA,NA,NA,60.6075,66.3
RTX3070-SASS-accel-2f29d2d-gpgpu-1d39b6f,NA,NA,NA,NA,NA,NA,NA,NA,NA,NA,NA,NA,NA,NA,NA,NA,60.5760,66.2
RTX3070-SASS-accel-786503a-gpgpu-13c6711,NA,NA,NA,NA,NA,NA,NA,NA,NA,NA,NA,NA,NA,NA,NA,NA,60.0871,66.1
RTX3070-SASS-accel-53584fc-gpgpu-13c6711,NA,NA,NA,NA,NA,NA,NA,NA,NA,NA,NA,NA,NA,NA,NA,NA,60.0557,66.1
RTX3070-SASS-accel-e02c99d-gpgpu-13c6711,NA,NA,NA,NA,NA,NA,NA,NA,NA,NA,NA,NA,NA,NA,NA,NA,60.0871,66.1
RTX3070-SASS-accel-bccdebb-gpgpu-13c6711,NA,NA,NA,NA,NA,NA,NA,NA,NA,NA,NA,NA,NA,NA,NA,NA,59.7982,66.1
RTX3070-SASS-accel-0f84efb-gpgpu-74cdacd,NA,NA,NA,NA,NA,NA,NA,NA,NA,NA,NA,NA,NA,NA,NA,NA,60.0871,70.0
RTX3070-SASS-accel-7feb41c-gpgpu-74cdacd,NA,NA,NA,NA,NA,NA,NA,NA,NA,NA,NA,NA,NA,NA,NA,NA,60.0557,66.1
RTX3070-SASS-accel-8f77aae-gpgpu-948c0e1,NA,NA,NA,NA,NA,NA,NA,NA,NA,NA,NA,NA,NA,NA,NA,NA,60.1321,66.2
RTX3070-SASS-accel-8f2c50f-gpgpu-6dd3bfc,NA,NA,NA,NA,NA,NA,NA,NA,NA,NA,NA,NA,NA,NA,NA,NA,60.3027,66.1
RTX3070-SASS-accel-2f19b3d-gpgpu-e033c1f,NA,NA,NA,NA,NA,NA,NA,NA,NA,NA,NA,NA,NA,NA,NA,NA,60.2323,66.2
RTX3070-SASS-accel-17e94d7-gpgpu-e033c1f,NA,NA,NA,NA,NA,NA,NA,NA,NA,NA,NA,NA,NA,NA,NA,NA,59.9230,66.2
RTX3070-SASS-accel-dc0bece-gpgpu-e033c1f,NA,NA,NA,NA,NA,NA,NA,NA,NA,NA,NA,NA,NA,NA,NA,NA,60.1250,66.2
RTX3070-SASS-accel-21f6fea-gpgpu-e033c1f,NA,NA,NA,NA,NA,NA,NA,NA,NA,NA,NA,NA,NA,NA,NA,NA,60.0546,66.1
RTX3070-SASS-accel-a88075e-gpgpu-e033c1f,NA,NA,NA,NA,NA,NA,NA,NA,NA,NA,NA,NA,NA,NA,NA,NA,59.3393,66.1
RTX3070-SASS-accel-470e82b-gpgpu-73db3f7,NA,NA,NA,NA,NA,NA,NA,NA,NA,NA,NA,NA,NA,NA,NA,NA,59.3393,66.1
RTX3070-SASS-accel-a6c1a7a-gpgpu-66ae881,NA,NA,NA,NA,NA,NA,NA,NA,NA,NA,NA,NA,NA,NA,NA,NA,59.3393,66.1
RTX3070-SASS-accel-572f6fd-gpgpu-301be9e,NA,NA,NA,NA,NA,NA,NA,NA,NA,NA,NA,NA,NA,NA,NA,NA,59.3393,66.1
RTX3070-SASS-accel-92027de-gpgpu-58beccb,NA,NA,NA,NA,NA,NA,NA,NA,NA,NA,NA,NA,NA,NA,NA,NA,59.3393,66.1
RTX3070-SASS-accel-0c80a10-gpgpu-58beccb,NA,NA,NA,NA,NA,NA,NA,NA,NA,NA,NA,NA,NA,NA,NA,NA,59.3393,66.1
RTX3070-SASS-accel-53da2df-gpgpu-a0c12f5,NA,NA,NA,NA,NA,NA,NA,NA,NA,NA,NA,NA,NA,NA,NA,NA,59.3393,66.1
RTX3070-SASS-accel-86f4430-gpgpu-a0c12f5,NA,NA,NA,NA,NA,NA,NA,NA,NA,NA,NA,NA,NA,NA,NA,NA,59.3393,66.1
RTX3070-SASS-accel-c1a12bc-gpgpu-9aeacdf,NA,NA,NA,NA,NA,NA,NA,NA,NA,NA,NA,NA,NA,NA,NA,NA,59.3393,66.1
RTX3070-SASS-accel-a1ca547-gpgpu-9aeacdf,NA,NA,NA,NA,NA,NA,NA,NA,NA,NA,NA,NA,NA,NA,NA,NA,59.3393,66.1
RTX3070-SASS-accel-a1ca547-gpgpu-67fc78c,NA,NA,NA,NA,NA,NA,NA,NA,NA,NA,NA,NA,NA,NA,NA,NA,59.3393,66.1
RTX3070-SASS-accel-_modifi-gpgpu-67fc78c,NA,NA,NA,NA,NA,NA,NA,NA,NA,NA,NA,NA,NA,NA,NA,NA,59.3393,66.1
RTX3070-SASS-accel-c5fa0e8-gpgpu-bc268aa,NA,NA,NA,NA,NA,NA,NA,NA,NA,NA,NA,197.8611,291.3862,NA,NA,NA,58.9630,85.7
RTX3070-SASS-accel-43a51f3-gpgpu-7d3ad23,NA,NA,NA,NA,NA,NA,NA,NA,NA,NA,NA,197.8611,291.3862,NA,NA,NA,58.9630,85.7
RTX3070-SASS-accel-4ac0e40-gpgpu-7d3ad23,NA,NA,NA,NA,NA,NA,NA,NA,NA,NA,NA,197.8611,291.3862,NA,NA,NA,58.9630,85.7
RTX3070-SASS-accel-efa370c-gpgpu-6b22d66,NA,NA,NA,NA,NA,NA,NA,NA,NA,NA,NA,197.8611,291.3862,NA,NA,NA,58.9630,85.7
RTX3070-SASS-accel-66ed9f2-gpgpu-6b22d66,NA,NA,NA,NA,NA,NA,NA,NA,NA,NA,NA,197.8611,291.3862,NA,NA,NA,58.9630,85.7
RTX3070-SASS-accel-b1c61bc-gpgpu-6b22d66,NA,NA,NA,NA,NA,NA,NA,NA,NA,NA,NA,197.8611,291.3862,NA,NA,NA,58.9630,85.7
RTX3070-SASS-accel-b3d9838-gpgpu-22159f1,NA,NA,NA,NA,NA,NA,NA,NA,NA,NA,NA,197.8611,291.3862,NA,NA,NA,58.9630,85.7
RTX3070-SASS-accel-3ff1be8-gpgpu-67d8a3b,NA,NA,NA,NA,NA,NA,NA,NA,NA,NA,NA,197.8611,291.3862,NA,NA,NA,58.9630,85.7
RTX3070-SASS-accel-3ff1be8-gpgpu-9d88a1c,NA,NA,NA,NA,NA,NA,NA,NA,NA,NA,NA,197.8611,291.3862,NA,NA,NA,58.9630,85.7
RTX3070-SASS-accel-879dc35-gpgpu-3364474,92.1038,7.4174,74.1766,0.7413,1039.5360,463.2743,0.0089,123.7006,1.8913,31.0293,0.6255,197.2260,291.1561,NA,42.8842,89.0575,60.2436,150.6
RTX3070-SASS-accel-e7b698e-gpgpu-3364474,92.1038,7.4174,74.1766,0.7413,1039.5360,463.2743,0.0089,123.7006,1.8913,31.0293,0.6255,197.2260,291.1561,NA,42.8842,89.0575,60.2436,150.6
RTX3070-SASS-accel-1688c9d-gpgpu-3364474,92.1038,7.4174,74.1766,0.7413,1039.5360,463.2743,0.0089,123.7006,1.8913,31.0293,0.6255,197.2260,291.1561,NA,42.8842,89.0575,60.2436,150.6
RTX3070-SASS-accel-a634fe0-gpgpu-3364474,92.1038,7.4174,74.1766,0.7413,1039.5360,463.2743,0.0089,123.7006,1.8913,31.0293,0.6255,197.2260,291.1561,45.6034,42.8842,89.0575,60.2436,150.6
RTX3070-SASS-accel-7a8e345-gpgpu-3364474,92.1038,7.4174,74.1766,0.7413,1039.5360,463.2743,0.0089,123.7006,1.8913,31.0293,0.6255,197.2260,291.1561,45.6034,42.8842,89.0575,60.2436,150.6
RTX3070-SASS-accel-d3ba55f-gpgpu-a3c52cf,92.1038,7.4174,74.1766,0.7413,1034.8608,460.4052,0.0089,123.7523,1.8898,31.0293,0.6255,197.2260,291.1561,45.6034,42.8842,89.0575,60.2436,150.2
RTX3070-SASS-accel-ec00037-gpgpu-a3c52cf,92.1038,7.4174,74.1766,0.7413,1034.8608,460.4052,0.0089,123.7523,1.8898,31.0293,0.6255,197.2260,291.1561,45.6034,42.8842,89.0575,60.2436,150.2
RTX3070-SASS-accel-a619790-gpgpu-a3c52cf,92.1038,7.4174,74.1766,0.7413,1034.8608,460.4052,0.0089,123.7523,1.8898,31.0293,0.6255,197.2260,291.1561,45.6034,42.8842,89.0575,60.2436,150.2
RTX3070-SASS-accel-08a6b5b-gpgpu-a3c52cf,92.1038,7.4174,74.1766,0.7413,1034.8608,460.4052,0.0089,123.7523,1.8898,31.0293,0.6255,197.2260,291.1561,45.6034,42.8842,89.0575,60.2436,150.2
RTX3070-SASS-accel-f2bcdfa-gpgpu-a3c52cf,92.1038,7.4174,74.1766,0.7413,1034.8608,460.4052,0.0089,123.7523,1.8898,31.0293,0.6255,197.2260,291.1561,45.6034,42.8842,89.0575,60.2436,150.2
RTX3070-SASS-accel-d21015b-gpgpu-a3c52cf,92.1038,7.4174,74.1766,0.7413,1034.8608,460.4052,0.0089,123.7523,1.8898,31.0293,0.6255,197.2260,291.1561,45.6034,42.8842,89.0575,60.2436,150.2
RTX3070-SASS-accel-b577da3-gpgpu-a3c52cf,92.1038,7.4174,74.1766,0.7413,1034.8608,460.4052,0.0089,123.7523,1.8898,31.0293,0.6255,197.2260,291.1561,45.6034,42.8842,89.0575,60.2436,150.2
RTX3070-SASS-accel-186e1bf-gpgpu-a3c52cf,92.1038,7.4174,74.1766,0.7413,1034.8608,460.4052,0.0089,123.7523,1.8898,31.0293,0.6255,197.2260,291.1561,45.6034,42.8842,89.0575,60.2436,150.2
RTX3070-SASS-accel-cad11ca-gpgpu-a3c52cf,92.1038,7.4174,74.1766,0.7413,1034.8608,460.4052,0.0089,123.7523,1.8898,31.0293,0.6255,197.2260,291.1561,45.6034,42.8842,89.0575,60.2436,150.2
RTX3070-SASS-accel-1f5a2ed-gpgpu-a3c52cf,92.1038,7.4174,74.1766,0.7413,1034.8608,460.4052,0.0089,123.7523,1.8898,31.0293,0.6255,197.2260,291.1561,45.6034,42.8842,89.0575,60.2436,150.2
RTX3070-SASS-accel-20e5f99-gpgpu-a3c52cf,92.1038,7.4174,74.1766,0.7413,1034.8608,460.4052,0.0089,123.7523,1.8898,31.0293,0.6255,197.2260,291.1561,45.6034,42.8842,89.0575,60.2436,150.2
RTX3070-SASS-accel-fae2d48-gpgpu-a3c52cf,92.1038,7.4174,74.1766,0.7413,1034.8608,460.4052,0.0089,123.7523,1.8898,31.0293,0.6255,197.2260,291.1561,45.6034,42.8842,89.0575,60.2436,150.2

