----------------------------------------------------------------------------------------------------,,,,,,,,,,,,,,,,,,,,,,,,,
Accel-Sim-build,,,,,,,,,,,,,,,,,,,,,,,,,
CFG,gaussian-rodinia-3.1/_f___data_matrix4_txt--_Z4Fan1PfS_ii--0,gaussian-rodinia-3.1/_f___data_matrix4_txt--_Z4Fan2PfS_S_iii--0,gaussian-rodinia-3.1/_f___data_matrix4_txt--_Z4Fan1PfS_ii--1,gaussian-rodinia-3.1/_f___data_matrix4_txt--_Z4Fan2PfS_S_iii--1,gaussian-rodinia-3.1/_f___data_matrix4_txt--_Z4Fan1PfS_ii--2,gaussian-rodinia-3.1/_f___data_matrix4_txt--_Z4Fan2PfS_S_iii--2,gaussian-rodinia-3.1/_s_16--_Z4Fan1PfS_ii--0,gaussian-rodinia-3.1/_s_16--_Z4Fan2PfS_S_iii--0,gaussian-rodinia-3.1/_s_16--_Z4Fan1PfS_ii--1,gaussian-rodinia-3.1/_s_16--_Z4Fan2PfS_S_iii--1,gaussian-rodinia-3.1/_s_16--_Z4Fan1PfS_ii--2,gaussian-rodinia-3.1/_s_16--_Z4Fan2PfS_S_iii--2,gaussian-rodinia-3.1/_s_16--_Z4Fan1PfS_ii--3,gaussian-rodinia-3.1/_s_16--_Z4Fan2PfS_S_iii--3,gaussian-rodinia-3.1/_s_16--_Z4Fan1PfS_ii--4,gaussian-rodinia-3.1/_s_16--_Z4Fan2PfS_S_iii--4,gaussian-rodinia-3.1/_s_16--_Z4Fan1PfS_ii--5,gaussian-rodinia-3.1/_s_16--_Z4Fan2PfS_S_iii--5,gaussian-rodinia-3.1/_s_16--_Z4Fan1PfS_ii--6,gaussian-rodinia-3.1/_s_16--_Z4Fan2PfS_S_iii--6,gaussian-rodinia-3.1/_s_16--_Z4Fan1PfS_ii--7,gaussian-rodinia-3.1/_s_16--_Z4Fan2PfS_S_iii--7,gaussian-rodinia-3.1/_s_16--_Z4Fan1PfS_ii--8,gaussian-rodinia-3.1/_s_16--_Z4Fan2PfS_S_iii--8,gaussian-rodinia-3.1/_s_16--_Z4Fan1PfS_ii--9,gaussian-rodinia-3.1/_s_16--_Z4Fan2PfS_S_iii--9,gaussian-rodinia-3.1/_s_16--_Z4Fan1PfS_ii--10,gaussian-rodinia-3.1/_s_16--_Z4Fan2PfS_S_iii--10,gaussian-rodinia-3.1/_s_16--_Z4Fan1PfS_ii--11,gaussian-rodinia-3.1/_s_16--_Z4Fan2PfS_S_iii--11,gaussian-rodinia-3.1/_s_16--_Z4Fan1PfS_ii--12,gaussian-rodinia-3.1/_s_16--_Z4Fan2PfS_S_iii--12,gaussian-rodinia-3.1/_s_16--_Z4Fan1PfS_ii--13,gaussian-rodinia-3.1/_s_16--_Z4Fan2PfS_S_iii--13,gaussian-rodinia-3.1/_s_16--_Z4Fan1PfS_ii--14,gaussian-rodinia-3.1/_s_16--_Z4Fan2PfS_S_iii--14,nn-rodinia-3.1/__data_filelist_4__r_5__lat_30__lng_90--_Z6euclidP7latLongPfiff--0,l1_bw_32f/__tpb_1024___tpsm_1024___blocks_1--_Z5l1_bwPmS_PfPKf--0,l1_bw_64f/__tpb_1024___tpsm_1024___blocks_1--_Z5l1_bwPmS_PdS0_--0,l1_bw_128/__tpb_1024___tpsm_1024___blocks_1--_Z5l1_bwPmS_PfS0_--0,l1_lat/__blocks_1___fast--_Z6l1_latPjS_PmS0_jj--0,mem_lat/__fast--_Z7mem_latPjS_PmS0_j--0,shared_bw/__tpb_1024___tpsm_1024___blocks_1--_Z9shared_bwPmS_Pjj--0,shared_lat/__blocks_1--_Z10shared_latPjS_Pmj--0,MaxIops_int32/__tpb_1024____blocks_1--_Z9max_flopsIiEvPjS0_PT_S2_S2_--0,l1_shared_bw/__tpb_1024____blocks_1--_Z9shared_bwPjS_S_S_j--0,l1_bw_32f_unroll/__tpb_1024___blocks_1--_Z5l1_bwPjS_PfS0_--0,l1_bw_32f_unroll_large/__tpb_1024____blocks_1--_Z5l1_bwPjS_PfS0_--0,tma_tensor/_w_1024__h_1024__o_UTMASTG__i_128--_Z11test_kernel14CUtensorMap_stPi8TestTypeii--0,tma_tensor/_w_1024__h_1024__o_UTMAREDG__i_128--_Z11test_kernel14CUtensorMap_stPi8TestTypeii--0,tma_tensor/_w_1024__h_1024__o_UTMASTG__i_16--_Z11test_kernel14CUtensorMap_stPi8TestTypeii--0,tma_tensor/_w_1024__h_1024__o_UTMAREDG__i_16--_Z11test_kernel14CUtensorMap_stPi8TestTypeii--0,tma_tensor/_w_1024__h_1024__o_REGULAR_LOAD__i_16--_Z11test_kernel14CUtensorMap_stPi8TestTypeii--0,tma_bulk/_n_1024__o_UBLKCP_S_G__i_128--_Z15test_UBLKCP_S_GPii--0,tma_bulk/_n_1024__o_UBLKCP_G_S__i_128--_Z15test_UBLKCP_G_SPii--0,tma_bulk/_n_1024__o_UBLKRED_G_S__i_128--_Z16test_UBLKRED_G_SPii--0,tma_bulk/_n_262144__o_UBLKCP_G_S__i_16--_Z15test_UBLKCP_G_SPii--0,tma_bulk/_n_262144__o_UBLKRED_G_S__i_16--_Z16test_UBLKRED_G_SPii--0,AV--VG
H200-SASS-accel-0c01e6d-gpgpu-7ce4362,NA,NA,NA,NA,NA,NA,NA,NA,NA,NA,NA,NA,NA,NA,NA,NA,NA,NA,NA,NA,NA,NA,NA,NA,NA,NA,NA,NA,NA,NA,NA,NA,NA,NA,NA,NA,NA,NA,NA,NA,NA,NA,NA,NA,NA,NA,NA,NA,NA,NA,NA,NA,NA,NA,NA,NA,NA,NA,NA

----------------------------------------------------------------------------------------------------,,,,,,,,,,,,,,,,,,,,,,,,,
GPGPU-Sim-build,,,,,,,,,,,,,,,,,,,,,,,,,
CFG,gaussian-rodinia-3.1/_f___data_matrix4_txt--_Z4Fan1PfS_ii--0,gaussian-rodinia-3.1/_f___data_matrix4_txt--_Z4Fan2PfS_S_iii--0,gaussian-rodinia-3.1/_f___data_matrix4_txt--_Z4Fan1PfS_ii--1,gaussian-rodinia-3.1/_f___data_matrix4_txt--_Z4Fan2PfS_S_iii--1,gaussian-rodinia-3.1/_f___data_matrix4_txt--_Z4Fan1PfS_ii--2,gaussian-rodinia-3.1/_f___data_matrix4_txt--_Z4Fan2PfS_S_iii--2,gaussian-rodinia-3.1/_s_16--_Z4Fan1PfS_ii--0,gaussian-rodinia-3.1/_s_16--_Z4Fan2PfS_S_iii--0,gaussian-rodinia-3.1/_s_16--_Z4Fan1PfS_ii--1,gaussian-rodinia-3.1/_s_16--_Z4Fan2PfS_S_iii--1,gaussian-rodinia-3.1/_s_16--_Z4Fan1PfS_ii--2,gaussian-rodinia-3.1/_s_16--_Z4Fan2PfS_S_iii--2,gaussian-rodinia-3.1/_s_16--_Z4Fan1PfS_ii--3,gaussian-rodinia-3.1/_s_16--_Z4Fan2PfS_S_iii--3,gaussian-rodinia-3.1/_s_16--_Z4Fan1PfS_ii--4,gaussian-rodinia-3.1/_s_16--_Z4Fan2PfS_S_iii--4,gaussian-rodinia-3.1/_s_16--_Z4Fan1PfS_ii--5,gaussian-rodinia-3.1/_s_16--_Z4Fan2PfS_S_iii--5,gaussian-rodinia-3.1/_s_16--_Z4Fan1PfS_ii--6,gaussian-rodinia-3.1/_s_16--_Z4Fan2PfS_S_iii--6,gaussian-rodinia-3.1/_s_16--_Z4Fan1PfS_ii--7,gaussian-rodinia-3.1/_s_16--_Z4Fan2PfS_S_iii--7,gaussian-rodinia-3.1/_s_16--_Z4Fan1PfS_ii--8,gaussian-rodinia-3.1/_s_16--_Z4Fan2PfS_S_iii--8,gaussian-rodinia-3.1/_s_16--_Z4Fan1PfS_ii--9,gaussian-rodinia-3.1/_s_16--_Z4Fan2PfS_S_iii--9,gaussian-rodinia-3.1/_s_16--_Z4Fan1PfS_ii--10,gaussian-rodinia-3.1/_s_16--_Z4Fan2PfS_S_iii--10,gaussian-rodinia-3.1/_s_16--_Z4Fan1PfS_ii--11,gaussian-rodinia-3.1/_s_16--_Z4Fan2PfS_S_iii--11,gaussian-rodinia-3.1/_s_16--_Z4Fan1PfS_ii--12,gaussian-rodinia-3.1/_s_16--_Z4Fan2PfS_S_iii--12,gaussian-rodinia-3.1/_s_16--_Z4Fan1PfS_ii--13,gaussian-rodinia-3.1/_s_16--_Z4Fan2PfS_S_iii--13,gaussian-rodinia-3.1/_s_16--_Z4Fan1PfS_ii--14,gaussian-rodinia-3.1/_s_16--_Z4Fan2PfS_S_iii--14,nn-rodinia-3.1/__data_filelist_4__r_5__lat_30__lng_90--_Z6euclidP7latLongPfiff--0,l1_bw_32f/__tpb_1024___tpsm_1024___blocks_1--_Z5l1_bwPmS_PfPKf--0,l1_bw_64f/__tpb_1024___tpsm_1024___blocks_1--_Z5l1_bwPmS_PdS0_--0,l1_bw_128/__tpb_1024___tpsm_1024___blocks_1--_Z5l1_bwPmS_PfS0_--0,l1_lat/__blocks_1___fast--_Z6l1_latPjS_PmS0_jj--0,mem_lat/__fast--_Z7mem_latPjS_PmS0_j--0,shared_bw/__tpb_1024___tpsm_1024___blocks_1--_Z9shared_bwPmS_Pjj--0,shared_lat/__blocks_1--_Z10shared_latPjS_Pmj--0,MaxIops_int32/__tpb_1024____blocks_1--_Z9max_flopsIiEvPjS0_PT_S2_S2_--0,l1_shared_bw/__tpb_1024____blocks_1--_Z9shared_bwPjS_S_S_j--0,l1_bw_32f_unroll/__tpb_1024___blocks_1--_Z5l1_bwPjS_PfS0_--0,l1_bw_32f_unroll_large/__tpb_1024____blocks_1--_Z5l1_bwPjS_PfS0_--0,tma_tensor/_w_1024__h_1024__o_UTMASTG__i_128--_Z11test_kernel14CUtensorMap_stPi8TestTypeii--0,tma_tensor/_w_1024__h_1024__o_UTMAREDG__i_128--_Z11test_kernel14CUtensorMap_stPi8TestTypeii--0,tma_tensor/_w_1024__h_1024__o_UTMASTG__i_16--_Z11test_kernel14CUtensorMap_stPi8TestTypeii--0,tma_tensor/_w_1024__h_1024__o_UTMAREDG__i_16--_Z11test_kernel14CUtensorMap_stPi8TestTypeii--0,tma_tensor/_w_1024__h_1024__o_REGULAR_LOAD__i_16--_Z11test_kernel14CUtensorMap_stPi8TestTypeii--0,tma_bulk/_n_1024__o_UBLKCP_S_G__i_128--_Z15test_UBLKCP_S_GPii--0,tma_bulk/_n_1024__o_UBLKCP_G_S__i_128--_Z15test_UBLKCP_G_SPii--0,tma_bulk/_n_1024__o_UBLKRED_G_S__i_128--_Z16test_UBLKRED_G_SPii--0,tma_bulk/_n_262144__o_UBLKCP_G_S__i_16--_Z15test_UBLKCP_G_SPii--0,tma_bulk/_n_262144__o_UBLKRED_G_S__i_16--_Z16test_UBLKRED_G_SPii--0,AV--VG
H200-SASS-accel-0c01e6d-gpgpu-7ce4362,NA,NA,NA,NA,NA,NA,NA,NA,NA,NA,NA,NA,NA,NA,NA,NA,NA,NA,NA,NA,NA,NA,NA,NA,NA,NA,NA,NA,NA,NA,NA,NA,NA,NA,NA,NA,NA,NA,NA,NA,NA,NA,NA,NA,NA,NA,NA,NA,NA,NA,NA,NA,NA,NA,NA,NA,NA,NA,NA

----------------------------------------------------------------------------------------------------,,,,,,,,,,,,,,,,,,,,,,,,,
gpu_tot_sim_insn\s*=\s*(.*),,,,,,,,,,,,,,,,,,,,,,,,,
CFG,gaussian-rodinia-3.1/_f___data_matrix4_txt--_Z4Fan1PfS_ii--0,gaussian-rodinia-3.1/_f___data_matrix4_txt--_Z4Fan2PfS_S_iii--0,gaussian-rodinia-3.1/_f___data_matrix4_txt--_Z4Fan1PfS_ii--1,gaussian-rodinia-3.1/_f___data_matrix4_txt--_Z4Fan2PfS_S_iii--1,gaussian-rodinia-3.1/_f___data_matrix4_txt--_Z4Fan1PfS_ii--2,gaussian-rodinia-3.1/_f___data_matrix4_txt--_Z4Fan2PfS_S_iii--2,gaussian-rodinia-3.1/_s_16--_Z4Fan1PfS_ii--0,gaussian-rodinia-3.1/_s_16--_Z4Fan2PfS_S_iii--0,gaussian-rodinia-3.1/_s_16--_Z4Fan1PfS_ii--1,gaussian-rodinia-3.1/_s_16--_Z4Fan2PfS_S_iii--1,gaussian-rodinia-3.1/_s_16--_Z4Fan1PfS_ii--2,gaussian-rodinia-3.1/_s_16--_Z4Fan2PfS_S_iii--2,gaussian-rodinia-3.1/_s_16--_Z4Fan1PfS_ii--3,gaussian-rodinia-3.1/_s_16--_Z4Fan2PfS_S_iii--3,gaussian-rodinia-3.1/_s_16--_Z4Fan1PfS_ii--4,gaussian-rodinia-3.1/_s_16--_Z4Fan2PfS_S_iii--4,gaussian-rodinia-3.1/_s_16--_Z4Fan1PfS_ii--5,gaussian-rodinia-3.1/_s_16--_Z4Fan2PfS_S_iii--5,gaussian-rodinia-3.1/_s_16--_Z4Fan1PfS_ii--6,gaussian-rodinia-3.1/_s_16--_Z4Fan2PfS_S_iii--6,gaussian-rodinia-3.1/_s_16--_Z4Fan1PfS_ii--7,gaussian-rodinia-3.1/_s_16--_Z4Fan2PfS_S_iii--7,gaussian-rodinia-3.1/_s_16--_Z4Fan1PfS_ii--8,gaussian-rodinia-3.1/_s_16--_Z4Fan2PfS_S_iii--8,gaussian-rodinia-3.1/_s_16--_Z4Fan1PfS_ii--9,gaussian-rodinia-3.1/_s_16--_Z4Fan2PfS_S_iii--9,gaussian-rodinia-3.1/_s_16--_Z4Fan1PfS_ii--10,gaussian-rodinia-3.1/_s_16--_Z4Fan2PfS_S_iii--10,gaussian-rodinia-3.1/_s_16--_Z4Fan1PfS_ii--11,gaussian-rodinia-3.1/_s_16--_Z4Fan2PfS_S_iii--11,gaussian-rodinia-3.1/_s_16--_Z4Fan1PfS_ii--12,gaussian-rodinia-3.1/_s_16--_Z4Fan2PfS_S_iii--12,gaussian-rodinia-3.1/_s_16--_Z4Fan1PfS_ii--13,gaussian-rodinia-3.1/_s_16--_Z4Fan2PfS_S_iii--13,gaussian-rodinia-3.1/_s_16--_Z4Fan1PfS_ii--14,gaussian-rodinia-3.1/_s_16--_Z4Fan2PfS_S_iii--14,nn-rodinia-3.1/__data_filelist_4__r_5__lat_30__lng_90--_Z6euclidP7latLongPfiff--0,l1_bw_32f/__tpb_1024___tpsm_1024___blocks_1--_Z5l1_bwPmS_PfPKf--0,l1_bw_64f/__tpb_1024___tpsm_1024___blocks_1--_Z5l1_bwPmS_PdS0_--0,l1_bw_128/__tpb_1024___tpsm_1024___blocks_1--_Z5l1_bwPmS_PfS0_--0,l1_lat/__blocks_1___fast--_Z6l1_latPjS_PmS0_jj--0,mem_lat/__fast--_Z7mem_latPjS_PmS0_j--0,shared_bw/__tpb_1024___tpsm_1024___blocks_1--_Z9shared_bwPmS_Pjj--0,shared_lat/__blocks_1--_Z10shared_latPjS_Pmj--0,MaxIops_int32/__tpb_1024____blocks_1--_Z9max_flopsIiEvPjS0_PT_S2_S2_--0,l1_shared_bw/__tpb_1024____blocks_1--_Z9shared_bwPjS_S_S_j--0,l1_bw_32f_unroll/__tpb_1024___blocks_1--_Z5l1_bwPjS_PfS0_--0,l1_bw_32f_unroll_large/__tpb_1024____blocks_1--_Z5l1_bwPjS_PfS0_--0,tma_tensor/_w_1024__h_1024__o_UTMASTG__i_128--_Z11test_kernel14CUtensorMap_stPi8TestTypeii--0,tma_tensor/_w_1024__h_1024__o_UTMAREDG__i_128--_Z11test_kernel14CUtensorMap_stPi8TestTypeii--0,tma_tensor/_w_1024__h_1024__o_UTMASTG__i_16--_Z11test_kernel14CUtensorMap_stPi8TestTypeii--0,tma_tensor/_w_1024__h_1024__o_UTMAREDG__i_16--_Z11test_kernel14CUtensorMap_stPi8TestTypeii--0,tma_tensor/_w_1024__h_1024__o_REGULAR_LOAD__i_16--_Z11test_kernel14CUtensorMap_stPi8TestTypeii--0,tma_bulk/_n_1024__o_UBLKCP_S_G__i_128--_Z15test_UBLKCP_S_GPii--0,tma_bulk/_n_1024__o_UBLKCP_G_S__i_128--_Z15test_UBLKCP_G_SPii--0,tma_bulk/_n_1024__o_UBLKRED_G_S__i_128--_Z16test_UBLKRED_G_SPii--0,tma_bulk/_n_262144__o_UBLKCP_G_S__i_16--_Z15test_UBLKCP_G_SPii--0,tma_bulk/_n_262144__o_UBLKRED_G_S__i_16--_Z16test_UBLKRED_G_SPii--0,AV--VG
H200-SASS-accel-0c01e6d-gpgpu-7ce4362,1405.0,3356.0,1344.0,3140.0,1312.0,2960.0,1760.0,8756.0,1728.0,8108.0,1696.0,7496.0,1664.0,6920.0,1632.0,6380.0,1600.0,5876.0,1568.0,5408.0,1536.0,4976.0,1504.0,4580.0,1472.0,4220.0,1440.0,3896.0,1408.0,3608.0,1376.0,3356.0,1344.0,3140.0,1312.0,2960.0,1499424.0,54921216.0,2275328.0,40713216.0,30594.0,110140108.0,8677376.0,36982.0,4277248.0,88568832.0,26741760.0,29995008.0,208363532.0,208994316.0,90270732.0,90349580.0,227132260.0,2919402.0,171488.0,172096.0,14433280.0,14452736.0,21125047.4

----------------------------------------------------------------------------------------------------,,,,,,,,,,,,,,,,,,,,,,,,,
gpgpu_simulation_time\s*=.*\(([0-9]+) sec\).*,,,,,,,,,,,,,,,,,,,,,,,,,
CFG,gaussian-rodinia-3.1/_f___data_matrix4_txt--_Z4Fan1PfS_ii--0,gaussian-rodinia-3.1/_f___data_matrix4_txt--_Z4Fan2PfS_S_iii--0,gaussian-rodinia-3.1/_f___data_matrix4_txt--_Z4Fan1PfS_ii--1,gaussian-rodinia-3.1/_f___data_matrix4_txt--_Z4Fan2PfS_S_iii--1,gaussian-rodinia-3.1/_f___data_matrix4_txt--_Z4Fan1PfS_ii--2,gaussian-rodinia-3.1/_f___data_matrix4_txt--_Z4Fan2PfS_S_iii--2,gaussian-rodinia-3.1/_s_16--_Z4Fan1PfS_ii--0,gaussian-rodinia-3.1/_s_16--_Z4Fan2PfS_S_iii--0,gaussian-rodinia-3.1/_s_16--_Z4Fan1PfS_ii--1,gaussian-rodinia-3.1/_s_16--_Z4Fan2PfS_S_iii--1,gaussian-rodinia-3.1/_s_16--_Z4Fan1PfS_ii--2,gaussian-rodinia-3.1/_s_16--_Z4Fan2PfS_S_iii--2,gaussian-rodinia-3.1/_s_16--_Z4Fan1PfS_ii--3,gaussian-rodinia-3.1/_s_16--_Z4Fan2PfS_S_iii--3,gaussian-rodinia-3.1/_s_16--_Z4Fan1PfS_ii--4,gaussian-rodinia-3.1/_s_16--_Z4Fan2PfS_S_iii--4,gaussian-rodinia-3.1/_s_16--_Z4Fan1PfS_ii--5,gaussian-rodinia-3.1/_s_16--_Z4Fan2PfS_S_iii--5,gaussian-rodinia-3.1/_s_16--_Z4Fan1PfS_ii--6,gaussian-rodinia-3.1/_s_16--_Z4Fan2PfS_S_iii--6,gaussian-rodinia-3.1/_s_16--_Z4Fan1PfS_ii--7,gaussian-rodinia-3.1/_s_16--_Z4Fan2PfS_S_iii--7,gaussian-rodinia-3.1/_s_16--_Z4Fan1PfS_ii--8,gaussian-rodinia-3.1/_s_16--_Z4Fan2PfS_S_iii--8,gaussian-rodinia-3.1/_s_16--_Z4Fan1PfS_ii--9,gaussian-rodinia-3.1/_s_16--_Z4Fan2PfS_S_iii--9,gaussian-rodinia-3.1/_s_16--_Z4Fan1PfS_ii--10,gaussian-rodinia-3.1/_s_16--_Z4Fan2PfS_S_iii--10,gaussian-rodinia-3.1/_s_16--_Z4Fan1PfS_ii--11,gaussian-rodinia-3.1/_s_16--_Z4Fan2PfS_S_iii--11,gaussian-rodinia-3.1/_s_16--_Z4Fan1PfS_ii--12,gaussian-rodinia-3.1/_s_16--_Z4Fan2PfS_S_iii--12,gaussian-rodinia-3.1/_s_16--_Z4Fan1PfS_ii--13,gaussian-rodinia-3.1/_s_16--_Z4Fan2PfS_S_iii--13,gaussian-rodinia-3.1/_s_16--_Z4Fan1PfS_ii--14,gaussian-rodinia-3.1/_s_16--_Z4Fan2PfS_S_iii--14,nn-rodinia-3.1/__data_filelist_4__r_5__lat_30__lng_90--_Z6euclidP7latLongPfiff--0,l1_bw_32f/__tpb_1024___tpsm_1024___blocks_1--_Z5l1_bwPmS_PfPKf--0,l1_bw_64f/__tpb_1024___tpsm_1024___blocks_1--_Z5l1_bwPmS_PdS0_--0,l1_bw_128/__tpb_1024___tpsm_1024___blocks_1--_Z5l1_bwPmS_PfS0_--0,l1_lat/__blocks_1___fast--_Z6l1_latPjS_PmS0_jj--0,mem_lat/__fast--_Z7mem_latPjS_PmS0_j--0,shared_bw/__tpb_1024___tpsm_1024___blocks_1--_Z9shared_bwPmS_Pjj--0,shared_lat/__blocks_1--_Z10shared_latPjS_Pmj--0,MaxIops_int32/__tpb_1024____blocks_1--_Z9max_flopsIiEvPjS0_PT_S2_S2_--0,l1_shared_bw/__tpb_1024____blocks_1--_Z9shared_bwPjS_S_S_j--0,l1_bw_32f_unroll/__tpb_1024___blocks_1--_Z5l1_bwPjS_PfS0_--0,l1_bw_32f_unroll_large/__tpb_1024____blocks_1--_Z5l1_bwPjS_PfS0_--0,tma_tensor/_w_1024__h_1024__o_UTMASTG__i_128--_Z11test_kernel14CUtensorMap_stPi8TestTypeii--0,tma_tensor/_w_1024__h_1024__o_UTMAREDG__i_128--_Z11test_kernel14CUtensorMap_stPi8TestTypeii--0,tma_tensor/_w_1024__h_1024__o_UTMASTG__i_16--_Z11test_kernel14CUtensorMap_stPi8TestTypeii--0,tma_tensor/_w_1024__h_1024__o_UTMAREDG__i_16--_Z11test_kernel14CUtensorMap_stPi8TestTypeii--0,tma_tensor/_w_1024__h_1024__o_REGULAR_LOAD__i_16--_Z11test_kernel14CUtensorMap_stPi8TestTypeii--0,tma_bulk/_n_1024__o_UBLKCP_S_G__i_128--_Z15test_UBLKCP_S_GPii--0,tma_bulk/_n_1024__o_UBLKCP_G_S__i_128--_Z15test_UBLKCP_G_SPii--0,tma_bulk/_n_1024__o_UBLKRED_G_S__i_128--_Z16test_UBLKRED_G_SPii--0,tma_bulk/_n_262144__o_UBLKCP_G_S__i_16--_Z15test_UBLKCP_G_SPii--0,tma_bulk/_n_262144__o_UBLKRED_G_S__i_16--_Z16test_UBLKRED_G_SPii--0,AV--VG
H200-SASS-accel-0c01e6d-gpgpu-7ce4362,3.0,4.0,3.0,3.0,3.0,3.0,3.0,3.0,4.0,3.0,3.0,3.0,2.0,2.0,2.0,2.0,1.0,2.0,2.0,2.0,2.0,2.0,2.0,2.0,1.0,2.0,2.0,2.0,2.0,1.0,2.0,2.0,2.0,2.0,1.0,2.0,14.0,362.0,48.0,246.0,39.0,4371.0,108.0,72.0,39.0,822.0,186.0,183.0,2499.0,2490.0,406.0,300.0,6760.0,66.0,9.0,10.0,124.0,121.0,333.7

----------------------------------------------------------------------------------------------------,,,,,,,,,,,,,,,,,,,,,,,,,
gpu_tot_sim_cycle\s*=\s*(.*),,,,,,,,,,,,,,,,,,,,,,,,,
CFG,gaussian-rodinia-3.1/_f___data_matrix4_txt--_Z4Fan1PfS_ii--0,gaussian-rodinia-3.1/_f___data_matrix4_txt--_Z4Fan2PfS_S_iii--0,gaussian-rodinia-3.1/_f___data_matrix4_txt--_Z4Fan1PfS_ii--1,gaussian-rodinia-3.1/_f___data_matrix4_txt--_Z4Fan2PfS_S_iii--1,gaussian-rodinia-3.1/_f___data_matrix4_txt--_Z4Fan1PfS_ii--2,gaussian-rodinia-3.1/_f___data_matrix4_txt--_Z4Fan2PfS_S_iii--2,gaussian-rodinia-3.1/_s_16--_Z4Fan1PfS_ii--0,gaussian-rodinia-3.1/_s_16--_Z4Fan2PfS_S_iii--0,gaussian-rodinia-3.1/_s_16--_Z4Fan1PfS_ii--1,gaussian-rodinia-3.1/_s_16--_Z4Fan2PfS_S_iii--1,gaussian-rodinia-3.1/_s_16--_Z4Fan1PfS_ii--2,gaussian-rodinia-3.1/_s_16--_Z4Fan2PfS_S_iii--2,gaussian-rodinia-3.1/_s_16--_Z4Fan1PfS_ii--3,gaussian-rodinia-3.1/_s_16--_Z4Fan2PfS_S_iii--3,gaussian-rodinia-3.1/_s_16--_Z4Fan1PfS_ii--4,gaussian-rodinia-3.1/_s_16--_Z4Fan2PfS_S_iii--4,gaussian-rodinia-3.1/_s_16--_Z4Fan1PfS_ii--5,gaussian-rodinia-3.1/_s_16--_Z4Fan2PfS_S_iii--5,gaussian-rodinia-3.1/_s_16--_Z4Fan1PfS_ii--6,gaussian-rodinia-3.1/_s_16--_Z4Fan2PfS_S_iii--6,gaussian-rodinia-3.1/_s_16--_Z4Fan1PfS_ii--7,gaussian-rodinia-3.1/_s_16--_Z4Fan2PfS_S_iii--7,gaussian-rodinia-3.1/_s_16--_Z4Fan1PfS_ii--8,gaussian-rodinia-3.1/_s_16--_Z4Fan2PfS_S_iii--8,gaussian-rodinia-3.1/_s_16--_Z4Fan1PfS_ii--9,gaussian-rodinia-3.1/_s_16--_Z4Fan2PfS_S_iii--9,gaussian-rodinia-3.1/_s_16--_Z4Fan1PfS_ii--10,gaussian-rodinia-3.1/_s_16--_Z4Fan2PfS_S_iii--10,gaussian-rodinia-3.1/_s_16--_Z4Fan1PfS_ii--11,gaussian-rodinia-3.1/_s_16--_Z4Fan2PfS_S_iii--11,gaussian-rodinia-3.1/_s_16--_Z4Fan1PfS_ii--12,gaussian-rodinia-3.1/_s_16--_Z4Fan2PfS_S_iii--12,gaussian-rodinia-3.1/_s_16--_Z4Fan1PfS_ii--13,gaussian-rodinia-3.1/_s_16--_Z4Fan2PfS_S_iii--13,gaussian-rodinia-3.1/_s_16--_Z4Fan1PfS_ii--14,gaussian-rodinia-3.1/_s_16--_Z4Fan2PfS_S_iii--14,nn-rodinia-3.1/__data_filelist_4__r_5__lat_30__lng_90--_Z6euclidP7latLongPfiff--0,l1_bw_32f/__tpb_1024___tpsm_1024___blocks_1--_Z5l1_bwPmS_PfPKf--0,l1_bw_64f/__tpb_1024___tpsm_1024___blocks_1--_Z5l1_bwPmS_PdS0_--0,l1_bw_128/__tpb_1024___tpsm_1024___blocks_1--_Z5l1_bwPmS_PfS0_--0,l1_lat/__blocks_1___fast--_Z6l1_latPjS_PmS0_jj--0,mem_lat/__fast--_Z7mem_latPjS_PmS0_j--0,shared_bw/__tpb_1024___tpsm_1024___blocks_1--_Z9shared_bwPmS_Pjj--0,shared_lat/__blocks_1--_Z10shared_latPjS_Pmj--0,MaxIops_int32/__tpb_1024____blocks_1--_Z9max_flopsIiEvPjS0_PT_S2_S2_--0,l1_shared_bw/__tpb_1024____blocks_1--_Z9shared_bwPjS_S_S_j--0,l1_bw_32f_unroll/__tpb_1024___blocks_1--_Z5l1_bwPjS_PfS0_--0,l1_bw_32f_unroll_large/__tpb_1024____blocks_1--_Z5l1_bwPjS_PfS0_--0,tma_tensor/_w_1024__h_1024__o_UTMASTG__i_128--_Z11test_kernel14CUtensorMap_stPi8TestTypeii--0,tma_tensor/_w_1024__h_1024__o_UTMAREDG__i_128--_Z11test_kernel14CUtensorMap_stPi8TestTypeii--0,tma_tensor/_w_1024__h_1024__o_UTMASTG__i_16--_Z11test_kernel14CUtensorMap_stPi8TestTypeii--0,tma_tensor/_w_1024__h_1024__o_UTMAREDG__i_16--_Z11test_kernel14CUtensorMap_stPi8TestTypeii--0,tma_tensor/_w_1024__h_1024__o_REGULAR_LOAD__i_16--_Z11test_kernel14CUtensorMap_stPi8TestTypeii--0,tma_bulk/_n_1024__o_UBLKCP_S_G__i_128--_Z15test_UBLKCP_S_GPii--0,tma_bulk/_n_1024__o_UBLKCP_G_S__i_128--_Z15test_UBLKCP_G_SPii--0,tma_bulk/_n_1024__o_UBLKRED_G_S__i_128--_Z16test_UBLKRED_G_SPii--0,tma_bulk/_n_262144__o_UBLKCP_G_S__i_16--_Z15test_UBLKCP_G_SPii--0,tma_bulk/_n_262144__o_UBLKRED_G_S__i_16--_Z16test_UBLKRED_G_SPii--0,AV--VG
H200-SASS-accel-0c01e6d-gpgpu-7ce4362,4160.0,4805.0,3904.0,4413.0,3904.0,4414.0,4114.0,5099.0,3917.0,4752.0,3916.0,4610.0,3915.0,4616.0,3914.0,4553.0,3913.0,4557.0,3912.0,4504.0,3911.0,4504.0,3910.0,4642.0,3909.0,4455.0,3908.0,4437.0,3907.0,4431.0,3906.0,4419.0,3905.0,4415.0,3904.0,4414.0,4413.0,536785.0,42726.0,532067.0,66465.0,12471811.0,170646.0,158973.0,70756.0,2043507.0,295221.0,295926.0,168539.0,167608.0,27871.0,29191.0,438853.0,79399.0,11998.0,13229.0,9154.0,9063.0,306846.0

----------------------------------------------------------------------------------------------------,,,,,,,,,,,,,,,,,,,,,,,,,
\s+L2_cache_stats_breakdown\[GLOBAL_ACC_R\]\[HIT\]\s*=\s*(.*),,,,,,,,,,,,,,,,,,,,,,,,,
CFG,gaussian-rodinia-3.1/_f___data_matrix4_txt--_Z4Fan1PfS_ii--0,gaussian-rodinia-3.1/_f___data_matrix4_txt--_Z4Fan2PfS_S_iii--0,gaussian-rodinia-3.1/_f___data_matrix4_txt--_Z4Fan1PfS_ii--1,gaussian-rodinia-3.1/_f___data_matrix4_txt--_Z4Fan2PfS_S_iii--1,gaussian-rodinia-3.1/_f___data_matrix4_txt--_Z4Fan1PfS_ii--2,gaussian-rodinia-3.1/_f___data_matrix4_txt--_Z4Fan2PfS_S_iii--2,gaussian-rodinia-3.1/_s_16--_Z4Fan1PfS_ii--0,gaussian-rodinia-3.1/_s_16--_Z4Fan2PfS_S_iii--0,gaussian-rodinia-3.1/_s_16--_Z4Fan1PfS_ii--1,gaussian-rodinia-3.1/_s_16--_Z4Fan2PfS_S_iii--1,gaussian-rodinia-3.1/_s_16--_Z4Fan1PfS_ii--2,gaussian-rodinia-3.1/_s_16--_Z4Fan2PfS_S_iii--2,gaussian-rodinia-3.1/_s_16--_Z4Fan1PfS_ii--3,gaussian-rodinia-3.1/_s_16--_Z4Fan2PfS_S_iii--3,gaussian-rodinia-3.1/_s_16--_Z4Fan1PfS_ii--4,gaussian-rodinia-3.1/_s_16--_Z4Fan2PfS_S_iii--4,gaussian-rodinia-3.1/_s_16--_Z4Fan1PfS_ii--5,gaussian-rodinia-3.1/_s_16--_Z4Fan2PfS_S_iii--5,gaussian-rodinia-3.1/_s_16--_Z4Fan1PfS_ii--6,gaussian-rodinia-3.1/_s_16--_Z4Fan2PfS_S_iii--6,gaussian-rodinia-3.1/_s_16--_Z4Fan1PfS_ii--7,gaussian-rodinia-3.1/_s_16--_Z4Fan2PfS_S_iii--7,gaussian-rodinia-3.1/_s_16--_Z4Fan1PfS_ii--8,gaussian-rodinia-3.1/_s_16--_Z4Fan2PfS_S_iii--8,gaussian-rodinia-3.1/_s_16--_Z4Fan1PfS_ii--9,gaussian-rodinia-3.1/_s_16--_Z4Fan2PfS_S_iii--9,gaussian-rodinia-3.1/_s_16--_Z4Fan1PfS_ii--10,gaussian-rodinia-3.1/_s_16--_Z4Fan2PfS_S_iii--10,gaussian-rodinia-3.1/_s_16--_Z4Fan1PfS_ii--11,gaussian-rodinia-3.1/_s_16--_Z4Fan2PfS_S_iii--11,gaussian-rodinia-3.1/_s_16--_Z4Fan1PfS_ii--12,gaussian-rodinia-3.1/_s_16--_Z4Fan2PfS_S_iii--12,gaussian-rodinia-3.1/_s_16--_Z4Fan1PfS_ii--13,gaussian-rodinia-3.1/_s_16--_Z4Fan2PfS_S_iii--13,gaussian-rodinia-3.1/_s_16--_Z4Fan1PfS_ii--14,gaussian-rodinia-3.1/_s_16--_Z4Fan2PfS_S_iii--14,nn-rodinia-3.1/__data_filelist_4__r_5__lat_30__lng_90--_Z6euclidP7latLongPfiff--0,l1_bw_32f/__tpb_1024___tpsm_1024___blocks_1--_Z5l1_bwPmS_PfPKf--0,l1_bw_64f/__tpb_1024___tpsm_1024___blocks_1--_Z5l1_bwPmS_PdS0_--0,l1_bw_128/__tpb_1024___tpsm_1024___blocks_1--_Z5l1_bwPmS_PfS0_--0,l1_lat/__blocks_1___fast--_Z6l1_latPjS_PmS0_jj--0,mem_lat/__fast--_Z7mem_latPjS_PmS0_j--0,shared_bw/__tpb_1024___tpsm_1024___blocks_1--_Z9shared_bwPmS_Pjj--0,shared_lat/__blocks_1--_Z10shared_latPjS_Pmj--0,MaxIops_int32/__tpb_1024____blocks_1--_Z9max_flopsIiEvPjS0_PT_S2_S2_--0,l1_shared_bw/__tpb_1024____blocks_1--_Z9shared_bwPjS_S_S_j--0,l1_bw_32f_unroll/__tpb_1024___blocks_1--_Z5l1_bwPjS_PfS0_--0,l1_bw_32f_unroll_large/__tpb_1024____blocks_1--_Z5l1_bwPjS_PfS0_--0,tma_tensor/_w_1024__h_1024__o_UTMASTG__i_128--_Z11test_kernel14CUtensorMap_stPi8TestTypeii--0,tma_tensor/_w_1024__h_1024__o_UTMAREDG__i_128--_Z11test_kernel14CUtensorMap_stPi8TestTypeii--0,tma_tensor/_w_1024__h_1024__o_UTMASTG__i_16--_Z11test_kernel14CUtensorMap_stPi8TestTypeii--0,tma_tensor/_w_1024__h_1024__o_UTMAREDG__i_16--_Z11test_kernel14CUtensorMap_stPi8TestTypeii--0,tma_tensor/_w_1024__h_1024__o_REGULAR_LOAD__i_16--_Z11test_kernel14CUtensorMap_stPi8TestTypeii--0,tma_bulk/_n_1024__o_UBLKCP_S_G__i_128--_Z15test_UBLKCP_S_GPii--0,tma_bulk/_n_1024__o_UBLKCP_G_S__i_128--_Z15test_UBLKCP_G_SPii--0,tma_bulk/_n_1024__o_UBLKRED_G_S__i_128--_Z16test_UBLKRED_G_SPii--0,tma_bulk/_n_262144__o_UBLKCP_G_S__i_16--_Z15test_UBLKCP_G_SPii--0,tma_bulk/_n_262144__o_UBLKRED_G_S__i_16--_Z16test_UBLKRED_G_SPii--0,AV--VG
H200-SASS-accel-0c01e6d-gpgpu-7ce4362,0.0,0.0,0.0,0.0,0.0,0.0,0.0,0.0,0.0,0.0,0.0,0.0,0.0,0.0,0.0,0.0,0.0,0.0,0.0,0.0,0.0,0.0,0.0,0.0,0.0,0.0,0.0,0.0,0.0,0.0,0.0,0.0,0.0,0.0,0.0,0.0,5376.0,1088.0,1024.0,0.0,0.0,0.0,0.0,0.0,64.0,128.0,1088.0,2176.0,0.0,0.0,0.0,0.0,65536.0,8192.0,0.0,0.0,0.0,0.0,1459.9

----------------------------------------------------------------------------------------------------,,,,,,,,,,,,,,,,,,,,,,,,,
\s+L2_cache_stats_breakdown\[GLOBAL_ACC_R\]\[TOTAL_ACCESS\]\s*=\s*(.*),,,,,,,,,,,,,,,,,,,,,,,,,
CFG,gaussian-rodinia-3.1/_f___data_matrix4_txt--_Z4Fan1PfS_ii--0,gaussian-rodinia-3.1/_f___data_matrix4_txt--_Z4Fan2PfS_S_iii--0,gaussian-rodinia-3.1/_f___data_matrix4_txt--_Z4Fan1PfS_ii--1,gaussian-rodinia-3.1/_f___data_matrix4_txt--_Z4Fan2PfS_S_iii--1,gaussian-rodinia-3.1/_f___data_matrix4_txt--_Z4Fan1PfS_ii--2,gaussian-rodinia-3.1/_f___data_matrix4_txt--_Z4Fan2PfS_S_iii--2,gaussian-rodinia-3.1/_s_16--_Z4Fan1PfS_ii--0,gaussian-rodinia-3.1/_s_16--_Z4Fan2PfS_S_iii--0,gaussian-rodinia-3.1/_s_16--_Z4Fan1PfS_ii--1,gaussian-rodinia-3.1/_s_16--_Z4Fan2PfS_S_iii--1,gaussian-rodinia-3.1/_s_16--_Z4Fan1PfS_ii--2,gaussian-rodinia-3.1/_s_16--_Z4Fan2PfS_S_iii--2,gaussian-rodinia-3.1/_s_16--_Z4Fan1PfS_ii--3,gaussian-rodinia-3.1/_s_16--_Z4Fan2PfS_S_iii--3,gaussian-rodinia-3.1/_s_16--_Z4Fan1PfS_ii--4,gaussian-rodinia-3.1/_s_16--_Z4Fan2PfS_S_iii--4,gaussian-rodinia-3.1/_s_16--_Z4Fan1PfS_ii--5,gaussian-rodinia-3.1/_s_16--_Z4Fan2PfS_S_iii--5,gaussian-rodinia-3.1/_s_16--_Z4Fan1PfS_ii--6,gaussian-rodinia-3.1/_s_16--_Z4Fan2PfS_S_iii--6,gaussian-rodinia-3.1/_s_16--_Z4Fan1PfS_ii--7,gaussian-rodinia-3.1/_s_16--_Z4Fan2PfS_S_iii--7,gaussian-rodinia-3.1/_s_16--_Z4Fan1PfS_ii--8,gaussian-rodinia-3.1/_s_16--_Z4Fan2PfS_S_iii--8,gaussian-rodinia-3.1/_s_16--_Z4Fan1PfS_ii--9,gaussian-rodinia-3.1/_s_16--_Z4Fan2PfS_S_iii--9,gaussian-rodinia-3.1/_s_16--_Z4Fan1PfS_ii--10,gaussian-rodinia-3.1/_s_16--_Z4Fan2PfS_S_iii--10,gaussian-rodinia-3.1/_s_16--_Z4Fan1PfS_ii--11,gaussian-rodinia-3.1/_s_16--_Z4Fan2PfS_S_iii--11,gaussian-rodinia-3.1/_s_16--_Z4Fan1PfS_ii--12,gaussian-rodinia-3.1/_s_16--_Z4Fan2PfS_S_iii--12,gaussian-rodinia-3.1/_s_16--_Z4Fan1PfS_ii--13,gaussian-rodinia-3.1/_s_16--_Z4Fan2PfS_S_iii--13,gaussian-rodinia-3.1/_s_16--_Z4Fan1PfS_ii--14,gaussian-rodinia-3.1/_s_16--_Z4Fan2PfS_S_iii--14,nn-rodinia-3.1/__data_filelist_4__r_5__lat_30__lng_90--_Z6euclidP7latLongPfiff--0,l1_bw_32f/__tpb_1024___tpsm_1024___blocks_1--_Z5l1_bwPmS_PfPKf--0,l1_bw_64f/__tpb_1024___tpsm_1024___blocks_1--_Z5l1_bwPmS_PdS0_--0,l1_bw_128/__tpb_1024___tpsm_1024___blocks_1--_Z5l1_bwPmS_PfS0_--0,l1_lat/__blocks_1___fast--_Z6l1_latPjS_PmS0_jj--0,mem_lat/__fast--_Z7mem_latPjS_PmS0_j--0,shared_bw/__tpb_1024___tpsm_1024___blocks_1--_Z9shared_bwPmS_Pjj--0,shared_lat/__blocks_1--_Z10shared_latPjS_Pmj--0,MaxIops_int32/__tpb_1024____blocks_1--_Z9max_flopsIiEvPjS0_PT_S2_S2_--0,l1_shared_bw/__tpb_1024____blocks_1--_Z9shared_bwPjS_S_S_j--0,l1_bw_32f_unroll/__tpb_1024___blocks_1--_Z5l1_bwPjS_PfS0_--0,l1_bw_32f_unroll_large/__tpb_1024____blocks_1--_Z5l1_bwPjS_PfS0_--0,tma_tensor/_w_1024__h_1024__o_UTMASTG__i_128--_Z11test_kernel14CUtensorMap_stPi8TestTypeii--0,tma_tensor/_w_1024__h_1024__o_UTMAREDG__i_128--_Z11test_kernel14CUtensorMap_stPi8TestTypeii--0,tma_tensor/_w_1024__h_1024__o_UTMASTG__i_16--_Z11test_kernel14CUtensorMap_stPi8TestTypeii--0,tma_tensor/_w_1024__h_1024__o_UTMAREDG__i_16--_Z11test_kernel14CUtensorMap_stPi8TestTypeii--0,tma_tensor/_w_1024__h_1024__o_REGULAR_LOAD__i_16--_Z11test_kernel14CUtensorMap_stPi8TestTypeii--0,tma_bulk/_n_1024__o_UBLKCP_S_G__i_128--_Z15test_UBLKCP_S_GPii--0,tma_bulk/_n_1024__o_UBLKCP_G_S__i_128--_Z15test_UBLKCP_G_SPii--0,tma_bulk/_n_1024__o_UBLKRED_G_S__i_128--_Z16test_UBLKRED_G_SPii--0,tma_bulk/_n_262144__o_UBLKCP_G_S__i_16--_Z15test_UBLKCP_G_SPii--0,tma_bulk/_n_262144__o_UBLKRED_G_S__i_16--_Z16test_UBLKRED_G_SPii--0,AV--VG
H200-SASS-accel-0c01e6d-gpgpu-7ce4362,NA,NA,NA,NA,NA,NA,NA,NA,NA,NA,NA,NA,NA,NA,NA,NA,NA,NA,NA,NA,NA,NA,NA,NA,NA,NA,NA,NA,NA,NA,NA,NA,NA,NA,NA,NA,5376.0,1100.0,1024.0,1024.0,NA,4096.0,NA,NA,64.0,193.0,1088.0,8252.0,NA,NA,NA,NA,65536.0,8192.0,NA,NA,NA,NA,8722.3

----------------------------------------------------------------------------------------------------,,,,,,,,,,,,,,,,,,,,,,,,,
\s+L2_cache_stats_breakdown\[GLOBAL_ACC_W\]\[HIT\]\s*=\s*(.*),,,,,,,,,,,,,,,,,,,,,,,,,
CFG,gaussian-rodinia-3.1/_f___data_matrix4_txt--_Z4Fan1PfS_ii--0,gaussian-rodinia-3.1/_f___data_matrix4_txt--_Z4Fan2PfS_S_iii--0,gaussian-rodinia-3.1/_f___data_matrix4_txt--_Z4Fan1PfS_ii--1,gaussian-rodinia-3.1/_f___data_matrix4_txt--_Z4Fan2PfS_S_iii--1,gaussian-rodinia-3.1/_f___data_matrix4_txt--_Z4Fan1PfS_ii--2,gaussian-rodinia-3.1/_f___data_matrix4_txt--_Z4Fan2PfS_S_iii--2,gaussian-rodinia-3.1/_s_16--_Z4Fan1PfS_ii--0,gaussian-rodinia-3.1/_s_16--_Z4Fan2PfS_S_iii--0,gaussian-rodinia-3.1/_s_16--_Z4Fan1PfS_ii--1,gaussian-rodinia-3.1/_s_16--_Z4Fan2PfS_S_iii--1,gaussian-rodinia-3.1/_s_16--_Z4Fan1PfS_ii--2,gaussian-rodinia-3.1/_s_16--_Z4Fan2PfS_S_iii--2,gaussian-rodinia-3.1/_s_16--_Z4Fan1PfS_ii--3,gaussian-rodinia-3.1/_s_16--_Z4Fan2PfS_S_iii--3,gaussian-rodinia-3.1/_s_16--_Z4Fan1PfS_ii--4,gaussian-rodinia-3.1/_s_16--_Z4Fan2PfS_S_iii--4,gaussian-rodinia-3.1/_s_16--_Z4Fan1PfS_ii--5,gaussian-rodinia-3.1/_s_16--_Z4Fan2PfS_S_iii--5,gaussian-rodinia-3.1/_s_16--_Z4Fan1PfS_ii--6,gaussian-rodinia-3.1/_s_16--_Z4Fan2PfS_S_iii--6,gaussian-rodinia-3.1/_s_16--_Z4Fan1PfS_ii--7,gaussian-rodinia-3.1/_s_16--_Z4Fan2PfS_S_iii--7,gaussian-rodinia-3.1/_s_16--_Z4Fan1PfS_ii--8,gaussian-rodinia-3.1/_s_16--_Z4Fan2PfS_S_iii--8,gaussian-rodinia-3.1/_s_16--_Z4Fan1PfS_ii--9,gaussian-rodinia-3.1/_s_16--_Z4Fan2PfS_S_iii--9,gaussian-rodinia-3.1/_s_16--_Z4Fan1PfS_ii--10,gaussian-rodinia-3.1/_s_16--_Z4Fan2PfS_S_iii--10,gaussian-rodinia-3.1/_s_16--_Z4Fan1PfS_ii--11,gaussian-rodinia-3.1/_s_16--_Z4Fan2PfS_S_iii--11,gaussian-rodinia-3.1/_s_16--_Z4Fan1PfS_ii--12,gaussian-rodinia-3.1/_s_16--_Z4Fan2PfS_S_iii--12,gaussian-rodinia-3.1/_s_16--_Z4Fan1PfS_ii--13,gaussian-rodinia-3.1/_s_16--_Z4Fan2PfS_S_iii--13,gaussian-rodinia-3.1/_s_16--_Z4Fan1PfS_ii--14,gaussian-rodinia-3.1/_s_16--_Z4Fan2PfS_S_iii--14,nn-rodinia-3.1/__data_filelist_4__r_5__lat_30__lng_90--_Z6euclidP7latLongPfiff--0,l1_bw_32f/__tpb_1024___tpsm_1024___blocks_1--_Z5l1_bwPmS_PfPKf--0,l1_bw_64f/__tpb_1024___tpsm_1024___blocks_1--_Z5l1_bwPmS_PdS0_--0,l1_bw_128/__tpb_1024___tpsm_1024___blocks_1--_Z5l1_bwPmS_PfS0_--0,l1_lat/__blocks_1___fast--_Z6l1_latPjS_PmS0_jj--0,mem_lat/__fast--_Z7mem_latPjS_PmS0_j--0,shared_bw/__tpb_1024___tpsm_1024___blocks_1--_Z9shared_bwPmS_Pjj--0,shared_lat/__blocks_1--_Z10shared_latPjS_Pmj--0,MaxIops_int32/__tpb_1024____blocks_1--_Z9max_flopsIiEvPjS0_PT_S2_S2_--0,l1_shared_bw/__tpb_1024____blocks_1--_Z9shared_bwPjS_S_S_j--0,l1_bw_32f_unroll/__tpb_1024___blocks_1--_Z5l1_bwPjS_PfS0_--0,l1_bw_32f_unroll_large/__tpb_1024____blocks_1--_Z5l1_bwPjS_PfS0_--0,tma_tensor/_w_1024__h_1024__o_UTMASTG__i_128--_Z11test_kernel14CUtensorMap_stPi8TestTypeii--0,tma_tensor/_w_1024__h_1024__o_UTMAREDG__i_128--_Z11test_kernel14CUtensorMap_stPi8TestTypeii--0,tma_tensor/_w_1024__h_1024__o_UTMASTG__i_16--_Z11test_kernel14CUtensorMap_stPi8TestTypeii--0,tma_tensor/_w_1024__h_1024__o_UTMAREDG__i_16--_Z11test_kernel14CUtensorMap_stPi8TestTypeii--0,tma_tensor/_w_1024__h_1024__o_REGULAR_LOAD__i_16--_Z11test_kernel14CUtensorMap_stPi8TestTypeii--0,tma_bulk/_n_1024__o_UBLKCP_S_G__i_128--_Z15test_UBLKCP_S_GPii--0,tma_bulk/_n_1024__o_UBLKCP_G_S__i_128--_Z15test_UBLKCP_G_SPii--0,tma_bulk/_n_1024__o_UBLKRED_G_S__i_128--_Z16test_UBLKRED_G_SPii--0,tma_bulk/_n_262144__o_UBLKCP_G_S__i_16--_Z15test_UBLKCP_G_SPii--0,tma_bulk/_n_262144__o_UBLKRED_G_S__i_16--_Z16test_UBLKRED_G_SPii--0,AV--VG
H200-SASS-accel-0c01e6d-gpgpu-7ce4362,2.0,5.0,1.0,3.0,1.0,2.0,15.0,122.0,14.0,128.0,13.0,93.0,12.0,98.0,11.0,68.0,10.0,72.0,9.0,47.0,8.0,49.0,7.0,29.0,6.0,25.0,5.0,16.0,4.0,13.0,3.0,7.0,2.0,5.0,1.0,2.0,0.0,12.0,0.0,0.0,6144.0,0.0,0.0,0.0,0.0,0.0,0.0,64.0,16777216.0,16777216.0,2097152.0,2097152.0,1.0,0.0,16384.0,16384.0,524288.0,524288.0,669607.1

----------------------------------------------------------------------------------------------------,,,,,,,,,,,,,,,,,,,,,,,,,
\s+L2_cache_stats_breakdown\[GLOBAL_ACC_W\]\[TOTAL_ACCESS\]\s*=\s*(.*),,,,,,,,,,,,,,,,,,,,,,,,,
CFG,gaussian-rodinia-3.1/_f___data_matrix4_txt--_Z4Fan1PfS_ii--0,gaussian-rodinia-3.1/_f___data_matrix4_txt--_Z4Fan2PfS_S_iii--0,gaussian-rodinia-3.1/_f___data_matrix4_txt--_Z4Fan1PfS_ii--1,gaussian-rodinia-3.1/_f___data_matrix4_txt--_Z4Fan2PfS_S_iii--1,gaussian-rodinia-3.1/_f___data_matrix4_txt--_Z4Fan1PfS_ii--2,gaussian-rodinia-3.1/_f___data_matrix4_txt--_Z4Fan2PfS_S_iii--2,gaussian-rodinia-3.1/_s_16--_Z4Fan1PfS_ii--0,gaussian-rodinia-3.1/_s_16--_Z4Fan2PfS_S_iii--0,gaussian-rodinia-3.1/_s_16--_Z4Fan1PfS_ii--1,gaussian-rodinia-3.1/_s_16--_Z4Fan2PfS_S_iii--1,gaussian-rodinia-3.1/_s_16--_Z4Fan1PfS_ii--2,gaussian-rodinia-3.1/_s_16--_Z4Fan2PfS_S_iii--2,gaussian-rodinia-3.1/_s_16--_Z4Fan1PfS_ii--3,gaussian-rodinia-3.1/_s_16--_Z4Fan2PfS_S_iii--3,gaussian-rodinia-3.1/_s_16--_Z4Fan1PfS_ii--4,gaussian-rodinia-3.1/_s_16--_Z4Fan2PfS_S_iii--4,gaussian-rodinia-3.1/_s_16--_Z4Fan1PfS_ii--5,gaussian-rodinia-3.1/_s_16--_Z4Fan2PfS_S_iii--5,gaussian-rodinia-3.1/_s_16--_Z4Fan1PfS_ii--6,gaussian-rodinia-3.1/_s_16--_Z4Fan2PfS_S_iii--6,gaussian-rodinia-3.1/_s_16--_Z4Fan1PfS_ii--7,gaussian-rodinia-3.1/_s_16--_Z4Fan2PfS_S_iii--7,gaussian-rodinia-3.1/_s_16--_Z4Fan1PfS_ii--8,gaussian-rodinia-3.1/_s_16--_Z4Fan2PfS_S_iii--8,gaussian-rodinia-3.1/_s_16--_Z4Fan1PfS_ii--9,gaussian-rodinia-3.1/_s_16--_Z4Fan2PfS_S_iii--9,gaussian-rodinia-3.1/_s_16--_Z4Fan1PfS_ii--10,gaussian-rodinia-3.1/_s_16--_Z4Fan2PfS_S_iii--10,gaussian-rodinia-3.1/_s_16--_Z4Fan1PfS_ii--11,gaussian-rodinia-3.1/_s_16--_Z4Fan2PfS_S_iii--11,gaussian-rodinia-3.1/_s_16--_Z4Fan1PfS_ii--12,gaussian-rodinia-3.1/_s_16--_Z4Fan2PfS_S_iii--12,gaussian-rodinia-3.1/_s_16--_Z4Fan1PfS_ii--13,gaussian-rodinia-3.1/_s_16--_Z4Fan2PfS_S_iii--13,gaussian-rodinia-3.1/_s_16--_Z4Fan1PfS_ii--14,gaussian-rodinia-3.1/_s_16--_Z4Fan2PfS_S_iii--14,nn-rodinia-3.1/__data_filelist_4__r_5__lat_30__lng_90--_Z6euclidP7latLongPfiff--0,l1_bw_32f/__tpb_1024___tpsm_1024___blocks_1--_Z5l1_bwPmS_PfPKf--0,l1_bw_64f/__tpb_1024___tpsm_1024___blocks_1--_Z5l1_bwPmS_PdS0_--0,l1_bw_128/__tpb_1024___tpsm_1024___blocks_1--_Z5l1_bwPmS_PfS0_--0,l1_lat/__blocks_1___fast--_Z6l1_latPjS_PmS0_jj--0,mem_lat/__fast--_Z7mem_latPjS_PmS0_j--0,shared_bw/__tpb_1024___tpsm_1024___blocks_1--_Z9shared_bwPmS_Pjj--0,shared_lat/__blocks_1--_Z10shared_latPjS_Pmj--0,MaxIops_int32/__tpb_1024____blocks_1--_Z9max_flopsIiEvPjS0_PT_S2_S2_--0,l1_shared_bw/__tpb_1024____blocks_1--_Z9shared_bwPjS_S_S_j--0,l1_bw_32f_unroll/__tpb_1024___blocks_1--_Z5l1_bwPjS_PfS0_--0,l1_bw_32f_unroll_large/__tpb_1024____blocks_1--_Z5l1_bwPjS_PfS0_--0,tma_tensor/_w_1024__h_1024__o_UTMASTG__i_128--_Z11test_kernel14CUtensorMap_stPi8TestTypeii--0,tma_tensor/_w_1024__h_1024__o_UTMAREDG__i_128--_Z11test_kernel14CUtensorMap_stPi8TestTypeii--0,tma_tensor/_w_1024__h_1024__o_UTMASTG__i_16--_Z11test_kernel14CUtensorMap_stPi8TestTypeii--0,tma_tensor/_w_1024__h_1024__o_UTMAREDG__i_16--_Z11test_kernel14CUtensorMap_stPi8TestTypeii--0,tma_tensor/_w_1024__h_1024__o_REGULAR_LOAD__i_16--_Z11test_kernel14CUtensorMap_stPi8TestTypeii--0,tma_bulk/_n_1024__o_UBLKCP_S_G__i_128--_Z15test_UBLKCP_S_GPii--0,tma_bulk/_n_1024__o_UBLKCP_G_S__i_128--_Z15test_UBLKCP_G_SPii--0,tma_bulk/_n_1024__o_UBLKRED_G_S__i_128--_Z16test_UBLKRED_G_SPii--0,tma_bulk/_n_262144__o_UBLKCP_G_S__i_16--_Z15test_UBLKCP_G_SPii--0,tma_bulk/_n_262144__o_UBLKRED_G_S__i_16--_Z16test_UBLKRED_G_SPii--0,AV--VG
H200-SASS-accel-0c01e6d-gpgpu-7ce4362,2.0,5.0,1.0,3.0,1.0,2.0,15.0,122.0,14.0,128.0,13.0,93.0,12.0,98.0,11.0,68.0,10.0,72.0,9.0,47.0,8.0,49.0,7.0,29.0,6.0,25.0,5.0,16.0,4.0,13.0,3.0,7.0,2.0,5.0,1.0,2.0,5346.0,640.0,768.0,640.0,8195.0,3932163.0,640.0,3.0,384.0,384.0,384.0,384.0,16777216.0,16777216.0,2097152.0,2097152.0,1.0,NA,16384.0,16384.0,524288.0,524288.0,750542.5

----------------------------------------------------------------------------------------------------,,,,,,,,,,,,,,,,,,,,,,,,,
\s+L2_cache_stats_breakdown\[CHIPLET_ACC_R\]\[HIT\]\s*=\s*(.*),,,,,,,,,,,,,,,,,,,,,,,,,
CFG,gaussian-rodinia-3.1/_f___data_matrix4_txt--_Z4Fan1PfS_ii--0,gaussian-rodinia-3.1/_f___data_matrix4_txt--_Z4Fan2PfS_S_iii--0,gaussian-rodinia-3.1/_f___data_matrix4_txt--_Z4Fan1PfS_ii--1,gaussian-rodinia-3.1/_f___data_matrix4_txt--_Z4Fan2PfS_S_iii--1,gaussian-rodinia-3.1/_f___data_matrix4_txt--_Z4Fan1PfS_ii--2,gaussian-rodinia-3.1/_f___data_matrix4_txt--_Z4Fan2PfS_S_iii--2,gaussian-rodinia-3.1/_s_16--_Z4Fan1PfS_ii--0,gaussian-rodinia-3.1/_s_16--_Z4Fan2PfS_S_iii--0,gaussian-rodinia-3.1/_s_16--_Z4Fan1PfS_ii--1,gaussian-rodinia-3.1/_s_16--_Z4Fan2PfS_S_iii--1,gaussian-rodinia-3.1/_s_16--_Z4Fan1PfS_ii--2,gaussian-rodinia-3.1/_s_16--_Z4Fan2PfS_S_iii--2,gaussian-rodinia-3.1/_s_16--_Z4Fan1PfS_ii--3,gaussian-rodinia-3.1/_s_16--_Z4Fan2PfS_S_iii--3,gaussian-rodinia-3.1/_s_16--_Z4Fan1PfS_ii--4,gaussian-rodinia-3.1/_s_16--_Z4Fan2PfS_S_iii--4,gaussian-rodinia-3.1/_s_16--_Z4Fan1PfS_ii--5,gaussian-rodinia-3.1/_s_16--_Z4Fan2PfS_S_iii--5,gaussian-rodinia-3.1/_s_16--_Z4Fan1PfS_ii--6,gaussian-rodinia-3.1/_s_16--_Z4Fan2PfS_S_iii--6,gaussian-rodinia-3.1/_s_16--_Z4Fan1PfS_ii--7,gaussian-rodinia-3.1/_s_16--_Z4Fan2PfS_S_iii--7,gaussian-rodinia-3.1/_s_16--_Z4Fan1PfS_ii--8,gaussian-rodinia-3.1/_s_16--_Z4Fan2PfS_S_iii--8,gaussian-rodinia-3.1/_s_16--_Z4Fan1PfS_ii--9,gaussian-rodinia-3.1/_s_16--_Z4Fan2PfS_S_iii--9,gaussian-rodinia-3.1/_s_16--_Z4Fan1PfS_ii--10,gaussian-rodinia-3.1/_s_16--_Z4Fan2PfS_S_iii--10,gaussian-rodinia-3.1/_s_16--_Z4Fan1PfS_ii--11,gaussian-rodinia-3.1/_s_16--_Z4Fan2PfS_S_iii--11,gaussian-rodinia-3.1/_s_16--_Z4Fan1PfS_ii--12,gaussian-rodinia-3.1/_s_16--_Z4Fan2PfS_S_iii--12,gaussian-rodinia-3.1/_s_16--_Z4Fan1PfS_ii--13,gaussian-rodinia-3.1/_s_16--_Z4Fan2PfS_S_iii--13,gaussian-rodinia-3.1/_s_16--_Z4Fan1PfS_ii--14,gaussian-rodinia-3.1/_s_16--_Z4Fan2PfS_S_iii--14,nn-rodinia-3.1/__data_filelist_4__r_5__lat_30__lng_90--_Z6euclidP7latLongPfiff--0,l1_bw_32f/__tpb_1024___tpsm_1024___blocks_1--_Z5l1_bwPmS_PfPKf--0,l1_bw_64f/__tpb_1024___tpsm_1024___blocks_1--_Z5l1_bwPmS_PdS0_--0,l1_bw_128/__tpb_1024___tpsm_1024___blocks_1--_Z5l1_bwPmS_PfS0_--0,l1_lat/__blocks_1___fast--_Z6l1_latPjS_PmS0_jj--0,mem_lat/__fast--_Z7mem_latPjS_PmS0_j--0,shared_bw/__tpb_1024___tpsm_1024___blocks_1--_Z9shared_bwPmS_Pjj--0,shared_lat/__blocks_1--_Z10shared_latPjS_Pmj--0,MaxIops_int32/__tpb_1024____blocks_1--_Z9max_flopsIiEvPjS0_PT_S2_S2_--0,l1_shared_bw/__tpb_1024____blocks_1--_Z9shared_bwPjS_S_S_j--0,l1_bw_32f_unroll/__tpb_1024___blocks_1--_Z5l1_bwPjS_PfS0_--0,l1_bw_32f_unroll_large/__tpb_1024____blocks_1--_Z5l1_bwPjS_PfS0_--0,tma_tensor/_w_1024__h_1024__o_UTMASTG__i_128--_Z11test_kernel14CUtensorMap_stPi8TestTypeii--0,tma_tensor/_w_1024__h_1024__o_UTMAREDG__i_128--_Z11test_kernel14CUtensorMap_stPi8TestTypeii--0,tma_tensor/_w_1024__h_1024__o_UTMASTG__i_16--_Z11test_kernel14CUtensorMap_stPi8TestTypeii--0,tma_tensor/_w_1024__h_1024__o_UTMAREDG__i_16--_Z11test_kernel14CUtensorMap_stPi8TestTypeii--0,tma_tensor/_w_1024__h_1024__o_REGULAR_LOAD__i_16--_Z11test_kernel14CUtensorMap_stPi8TestTypeii--0,tma_bulk/_n_1024__o_UBLKCP_S_G__i_128--_Z15test_UBLKCP_S_GPii--0,tma_bulk/_n_1024__o_UBLKCP_G_S__i_128--_Z15test_UBLKCP_G_SPii--0,tma_bulk/_n_1024__o_UBLKRED_G_S__i_128--_Z16test_UBLKRED_G_SPii--0,tma_bulk/_n_262144__o_UBLKCP_G_S__i_16--_Z15test_UBLKCP_G_SPii--0,tma_bulk/_n_262144__o_UBLKRED_G_S__i_16--_Z16test_UBLKRED_G_SPii--0,AV--VG
H200-SASS-accel-0c01e6d-gpgpu-7ce4362,0.0,2.0,2.0,4.0,1.0,3.0,0.0,16.0,15.0,46.0,14.0,43.0,13.0,40.0,12.0,37.0,11.0,34.0,10.0,31.0,9.0,28.0,8.0,9.0,7.0,14.0,6.0,12.0,5.0,10.0,4.0,8.0,3.0,6.0,2.0,4.0,0.0,0.0,0.0,0.0,0.0,0.0,0.0,0.0,0.0,0.0,0.0,0.0,0.0,0.0,0.0,0.0,0.0,8128.0,0.0,0.0,0.0,0.0,148.2

----------------------------------------------------------------------------------------------------,,,,,,,,,,,,,,,,,,,,,,,,,
\s+L2_cache_stats_breakdown\[CHIPLET_ACC_R\]\[TOTAL_ACCESS\]\s*=\s*(.*),,,,,,,,,,,,,,,,,,,,,,,,,
CFG,gaussian-rodinia-3.1/_f___data_matrix4_txt--_Z4Fan1PfS_ii--0,gaussian-rodinia-3.1/_f___data_matrix4_txt--_Z4Fan2PfS_S_iii--0,gaussian-rodinia-3.1/_f___data_matrix4_txt--_Z4Fan1PfS_ii--1,gaussian-rodinia-3.1/_f___data_matrix4_txt--_Z4Fan2PfS_S_iii--1,gaussian-rodinia-3.1/_f___data_matrix4_txt--_Z4Fan1PfS_ii--2,gaussian-rodinia-3.1/_f___data_matrix4_txt--_Z4Fan2PfS_S_iii--2,gaussian-rodinia-3.1/_s_16--_Z4Fan1PfS_ii--0,gaussian-rodinia-3.1/_s_16--_Z4Fan2PfS_S_iii--0,gaussian-rodinia-3.1/_s_16--_Z4Fan1PfS_ii--1,gaussian-rodinia-3.1/_s_16--_Z4Fan2PfS_S_iii--1,gaussian-rodinia-3.1/_s_16--_Z4Fan1PfS_ii--2,gaussian-rodinia-3.1/_s_16--_Z4Fan2PfS_S_iii--2,gaussian-rodinia-3.1/_s_16--_Z4Fan1PfS_ii--3,gaussian-rodinia-3.1/_s_16--_Z4Fan2PfS_S_iii--3,gaussian-rodinia-3.1/_s_16--_Z4Fan1PfS_ii--4,gaussian-rodinia-3.1/_s_16--_Z4Fan2PfS_S_iii--4,gaussian-rodinia-3.1/_s_16--_Z4Fan1PfS_ii--5,gaussian-rodinia-3.1/_s_16--_Z4Fan2PfS_S_iii--5,gaussian-rodinia-3.1/_s_16--_Z4Fan1PfS_ii--6,gaussian-rodinia-3.1/_s_16--_Z4Fan2PfS_S_iii--6,gaussian-rodinia-3.1/_s_16--_Z4Fan1PfS_ii--7,gaussian-rodinia-3.1/_s_16--_Z4Fan2PfS_S_iii--7,gaussian-rodinia-3.1/_s_16--_Z4Fan1PfS_ii--8,gaussian-rodinia-3.1/_s_16--_Z4Fan2PfS_S_iii--8,gaussian-rodinia-3.1/_s_16--_Z4Fan1PfS_ii--9,gaussian-rodinia-3.1/_s_16--_Z4Fan2PfS_S_iii--9,gaussian-rodinia-3.1/_s_16--_Z4Fan1PfS_ii--10,gaussian-rodinia-3.1/_s_16--_Z4Fan2PfS_S_iii--10,gaussian-rodinia-3.1/_s_16--_Z4Fan1PfS_ii--11,gaussian-rodinia-3.1/_s_16--_Z4Fan2PfS_S_iii--11,gaussian-rodinia-3.1/_s_16--_Z4Fan1PfS_ii--12,gaussian-rodinia-3.1/_s_16--_Z4Fan2PfS_S_iii--12,gaussian-rodinia-3.1/_s_16--_Z4Fan1PfS_ii--13,gaussian-rodinia-3.1/_s_16--_Z4Fan2PfS_S_iii--13,gaussian-rodinia-3.1/_s_16--_Z4Fan1PfS_ii--14,gaussian-rodinia-3.1/_s_16--_Z4Fan2PfS_S_iii--14,nn-rodinia-3.1/__data_filelist_4__r_5__lat_30__lng_90--_Z6euclidP7latLongPfiff--0,l1_bw_32f/__tpb_1024___tpsm_1024___blocks_1--_Z5l1_bwPmS_PfPKf--0,l1_bw_64f/__tpb_1024___tpsm_1024___blocks_1--_Z5l1_bwPmS_PdS0_--0,l1_bw_128/__tpb_1024___tpsm_1024___blocks_1--_Z5l1_bwPmS_PfS0_--0,l1_lat/__blocks_1___fast--_Z6l1_latPjS_PmS0_jj--0,mem_lat/__fast--_Z7mem_latPjS_PmS0_j--0,shared_bw/__tpb_1024___tpsm_1024___blocks_1--_Z9shared_bwPmS_Pjj--0,shared_lat/__blocks_1--_Z10shared_latPjS_Pmj--0,MaxIops_int32/__tpb_1024____blocks_1--_Z9max_flopsIiEvPjS0_PT_S2_S2_--0,l1_shared_bw/__tpb_1024____blocks_1--_Z9shared_bwPjS_S_S_j--0,l1_bw_32f_unroll/__tpb_1024___blocks_1--_Z5l1_bwPjS_PfS0_--0,l1_bw_32f_unroll_large/__tpb_1024____blocks_1--_Z5l1_bwPjS_PfS0_--0,tma_tensor/_w_1024__h_1024__o_UTMASTG__i_128--_Z11test_kernel14CUtensorMap_stPi8TestTypeii--0,tma_tensor/_w_1024__h_1024__o_UTMAREDG__i_128--_Z11test_kernel14CUtensorMap_stPi8TestTypeii--0,tma_tensor/_w_1024__h_1024__o_UTMASTG__i_16--_Z11test_kernel14CUtensorMap_stPi8TestTypeii--0,tma_tensor/_w_1024__h_1024__o_UTMAREDG__i_16--_Z11test_kernel14CUtensorMap_stPi8TestTypeii--0,tma_tensor/_w_1024__h_1024__o_REGULAR_LOAD__i_16--_Z11test_kernel14CUtensorMap_stPi8TestTypeii--0,tma_bulk/_n_1024__o_UBLKCP_S_G__i_128--_Z15test_UBLKCP_S_GPii--0,tma_bulk/_n_1024__o_UBLKCP_G_S__i_128--_Z15test_UBLKCP_G_SPii--0,tma_bulk/_n_1024__o_UBLKRED_G_S__i_128--_Z16test_UBLKRED_G_SPii--0,tma_bulk/_n_262144__o_UBLKCP_G_S__i_16--_Z15test_UBLKCP_G_SPii--0,tma_bulk/_n_262144__o_UBLKRED_G_S__i_16--_Z16test_UBLKRED_G_SPii--0,AV--VG
H200-SASS-accel-0c01e6d-gpgpu-7ce4362,2.0,5.0,2.0,4.0,1.0,3.0,16.0,49.0,15.0,46.0,14.0,43.0,13.0,40.0,12.0,37.0,11.0,34.0,10.0,31.0,9.0,28.0,8.0,16.0,7.0,14.0,6.0,12.0,5.0,10.0,4.0,8.0,3.0,6.0,2.0,4.0,5315.0,960.0,1032.0,1024.0,NA,4096.0,NA,NA,192.0,64.0,960.0,8256.0,NA,NA,NA,NA,65536.0,8192.0,NA,NA,NA,NA,2045.9

----------------------------------------------------------------------------------------------------,,,,,,,,,,,,,,,,,,,,,,,,,
\s+L2_cache_stats_breakdown\[CHIPLET_ACC_W\]\[HIT\]\s*=\s*(.*),,,,,,,,,,,,,,,,,,,,,,,,,
CFG,gaussian-rodinia-3.1/_f___data_matrix4_txt--_Z4Fan1PfS_ii--0,gaussian-rodinia-3.1/_f___data_matrix4_txt--_Z4Fan2PfS_S_iii--0,gaussian-rodinia-3.1/_f___data_matrix4_txt--_Z4Fan1PfS_ii--1,gaussian-rodinia-3.1/_f___data_matrix4_txt--_Z4Fan2PfS_S_iii--1,gaussian-rodinia-3.1/_f___data_matrix4_txt--_Z4Fan1PfS_ii--2,gaussian-rodinia-3.1/_f___data_matrix4_txt--_Z4Fan2PfS_S_iii--2,gaussian-rodinia-3.1/_s_16--_Z4Fan1PfS_ii--0,gaussian-rodinia-3.1/_s_16--_Z4Fan2PfS_S_iii--0,gaussian-rodinia-3.1/_s_16--_Z4Fan1PfS_ii--1,gaussian-rodinia-3.1/_s_16--_Z4Fan2PfS_S_iii--1,gaussian-rodinia-3.1/_s_16--_Z4Fan1PfS_ii--2,gaussian-rodinia-3.1/_s_16--_Z4Fan2PfS_S_iii--2,gaussian-rodinia-3.1/_s_16--_Z4Fan1PfS_ii--3,gaussian-rodinia-3.1/_s_16--_Z4Fan2PfS_S_iii--3,gaussian-rodinia-3.1/_s_16--_Z4Fan1PfS_ii--4,gaussian-rodinia-3.1/_s_16--_Z4Fan2PfS_S_iii--4,gaussian-rodinia-3.1/_s_16--_Z4Fan1PfS_ii--5,gaussian-rodinia-3.1/_s_16--_Z4Fan2PfS_S_iii--5,gaussian-rodinia-3.1/_s_16--_Z4Fan1PfS_ii--6,gaussian-rodinia-3.1/_s_16--_Z4Fan2PfS_S_iii--6,gaussian-rodinia-3.1/_s_16--_Z4Fan1PfS_ii--7,gaussian-rodinia-3.1/_s_16--_Z4Fan2PfS_S_iii--7,gaussian-rodinia-3.1/_s_16--_Z4Fan1PfS_ii--8,gaussian-rodinia-3.1/_s_16--_Z4Fan2PfS_S_iii--8,gaussian-rodinia-3.1/_s_16--_Z4Fan1PfS_ii--9,gaussian-rodinia-3.1/_s_16--_Z4Fan2PfS_S_iii--9,gaussian-rodinia-3.1/_s_16--_Z4Fan1PfS_ii--10,gaussian-rodinia-3.1/_s_16--_Z4Fan2PfS_S_iii--10,gaussian-rodinia-3.1/_s_16--_Z4Fan1PfS_ii--11,gaussian-rodinia-3.1/_s_16--_Z4Fan2PfS_S_iii--11,gaussian-rodinia-3.1/_s_16--_Z4Fan1PfS_ii--12,gaussian-rodinia-3.1/_s_16--_Z4Fan2PfS_S_iii--12,gaussian-rodinia-3.1/_s_16--_Z4Fan1PfS_ii--13,gaussian-rodinia-3.1/_s_16--_Z4Fan2PfS_S_iii--13,gaussian-rodinia-3.1/_s_16--_Z4Fan1PfS_ii--14,gaussian-rodinia-3.1/_s_16--_Z4Fan2PfS_S_iii--14,nn-rodinia-3.1/__data_filelist_4__r_5__lat_30__lng_90--_Z6euclidP7latLongPfiff--0,l1_bw_32f/__tpb_1024___tpsm_1024___blocks_1--_Z5l1_bwPmS_PfPKf--0,l1_bw_64f/__tpb_1024___tpsm_1024___blocks_1--_Z5l1_bwPmS_PdS0_--0,l1_bw_128/__tpb_1024___tpsm_1024___blocks_1--_Z5l1_bwPmS_PfS0_--0,l1_lat/__blocks_1___fast--_Z6l1_latPjS_PmS0_jj--0,mem_lat/__fast--_Z7mem_latPjS_PmS0_j--0,shared_bw/__tpb_1024___tpsm_1024___blocks_1--_Z9shared_bwPmS_Pjj--0,shared_lat/__blocks_1--_Z10shared_latPjS_Pmj--0,MaxIops_int32/__tpb_1024____blocks_1--_Z9max_flopsIiEvPjS0_PT_S2_S2_--0,l1_shared_bw/__tpb_1024____blocks_1--_Z9shared_bwPjS_S_S_j--0,l1_bw_32f_unroll/__tpb_1024___blocks_1--_Z5l1_bwPjS_PfS0_--0,l1_bw_32f_unroll_large/__tpb_1024____blocks_1--_Z5l1_bwPjS_PfS0_--0,tma_tensor/_w_1024__h_1024__o_UTMASTG__i_128--_Z11test_kernel14CUtensorMap_stPi8TestTypeii--0,tma_tensor/_w_1024__h_1024__o_UTMAREDG__i_128--_Z11test_kernel14CUtensorMap_stPi8TestTypeii--0,tma_tensor/_w_1024__h_1024__o_UTMASTG__i_16--_Z11test_kernel14CUtensorMap_stPi8TestTypeii--0,tma_tensor/_w_1024__h_1024__o_UTMAREDG__i_16--_Z11test_kernel14CUtensorMap_stPi8TestTypeii--0,tma_tensor/_w_1024__h_1024__o_REGULAR_LOAD__i_16--_Z11test_kernel14CUtensorMap_stPi8TestTypeii--0,tma_bulk/_n_1024__o_UBLKCP_S_G__i_128--_Z15test_UBLKCP_S_GPii--0,tma_bulk/_n_1024__o_UBLKCP_G_S__i_128--_Z15test_UBLKCP_G_SPii--0,tma_bulk/_n_1024__o_UBLKRED_G_S__i_128--_Z16test_UBLKRED_G_SPii--0,tma_bulk/_n_262144__o_UBLKCP_G_S__i_16--_Z15test_UBLKCP_G_SPii--0,tma_bulk/_n_262144__o_UBLKRED_G_S__i_16--_Z16test_UBLKRED_G_SPii--0,AV--VG
H200-SASS-accel-0c01e6d-gpgpu-7ce4362,0.0,0.0,0.0,0.0,0.0,0.0,0.0,0.0,0.0,0.0,0.0,0.0,0.0,0.0,0.0,0.0,0.0,0.0,0.0,0.0,0.0,0.0,0.0,0.0,0.0,0.0,0.0,0.0,0.0,0.0,0.0,0.0,0.0,0.0,0.0,0.0,0.0,0.0,0.0,0.0,0.0,0.0,0.0,0.0,0.0,0.0,0.0,0.0,0.0,0.0,0.0,0.0,0.0,0.0,0.0,0.0,0.0,0.0,0.0

----------------------------------------------------------------------------------------------------,,,,,,,,,,,,,,,,,,,,,,,,,
\s+L2_cache_stats_breakdown\[CHIPLET_ACC_W\]\[TOTAL_ACCESS\]\s*=\s*(.*),,,,,,,,,,,,,,,,,,,,,,,,,
CFG,gaussian-rodinia-3.1/_f___data_matrix4_txt--_Z4Fan1PfS_ii--0,gaussian-rodinia-3.1/_f___data_matrix4_txt--_Z4Fan2PfS_S_iii--0,gaussian-rodinia-3.1/_f___data_matrix4_txt--_Z4Fan1PfS_ii--1,gaussian-rodinia-3.1/_f___data_matrix4_txt--_Z4Fan2PfS_S_iii--1,gaussian-rodinia-3.1/_f___data_matrix4_txt--_Z4Fan1PfS_ii--2,gaussian-rodinia-3.1/_f___data_matrix4_txt--_Z4Fan2PfS_S_iii--2,gaussian-rodinia-3.1/_s_16--_Z4Fan1PfS_ii--0,gaussian-rodinia-3.1/_s_16--_Z4Fan2PfS_S_iii--0,gaussian-rodinia-3.1/_s_16--_Z4Fan1PfS_ii--1,gaussian-rodinia-3.1/_s_16--_Z4Fan2PfS_S_iii--1,gaussian-rodinia-3.1/_s_16--_Z4Fan1PfS_ii--2,gaussian-rodinia-3.1/_s_16--_Z4Fan2PfS_S_iii--2,gaussian-rodinia-3.1/_s_16--_Z4Fan1PfS_ii--3,gaussian-rodinia-3.1/_s_16--_Z4Fan2PfS_S_iii--3,gaussian-rodinia-3.1/_s_16--_Z4Fan1PfS_ii--4,gaussian-rodinia-3.1/_s_16--_Z4Fan2PfS_S_iii--4,gaussian-rodinia-3.1/_s_16--_Z4Fan1PfS_ii--5,gaussian-rodinia-3.1/_s_16--_Z4Fan2PfS_S_iii--5,gaussian-rodinia-3.1/_s_16--_Z4Fan1PfS_ii--6,gaussian-rodinia-3.1/_s_16--_Z4Fan2PfS_S_iii--6,gaussian-rodinia-3.1/_s_16--_Z4Fan1PfS_ii--7,gaussian-rodinia-3.1/_s_16--_Z4Fan2PfS_S_iii--7,gaussian-rodinia-3.1/_s_16--_Z4Fan1PfS_ii--8,gaussian-rodinia-3.1/_s_16--_Z4Fan2PfS_S_iii--8,gaussian-rodinia-3.1/_s_16--_Z4Fan1PfS_ii--9,gaussian-rodinia-3.1/_s_16--_Z4Fan2PfS_S_iii--9,gaussian-rodinia-3.1/_s_16--_Z4Fan1PfS_ii--10,gaussian-rodinia-3.1/_s_16--_Z4Fan2PfS_S_iii--10,gaussian-rodinia-3.1/_s_16--_Z4Fan1PfS_ii--11,gaussian-rodinia-3.1/_s_16--_Z4Fan2PfS_S_iii--11,gaussian-rodinia-3.1/_s_16--_Z4Fan1PfS_ii--12,gaussian-rodinia-3.1/_s_16--_Z4Fan2PfS_S_iii--12,gaussian-rodinia-3.1/_s_16--_Z4Fan1PfS_ii--13,gaussian-rodinia-3.1/_s_16--_Z4Fan2PfS_S_iii--13,gaussian-rodinia-3.1/_s_16--_Z4Fan1PfS_ii--14,gaussian-rodinia-3.1/_s_16--_Z4Fan2PfS_S_iii--14,nn-rodinia-3.1/__data_filelist_4__r_5__lat_30__lng_90--_Z6euclidP7latLongPfiff--0,l1_bw_32f/__tpb_1024___tpsm_1024___blocks_1--_Z5l1_bwPmS_PfPKf--0,l1_bw_64f/__tpb_1024___tpsm_1024___blocks_1--_Z5l1_bwPmS_PdS0_--0,l1_bw_128/__tpb_1024___tpsm_1024___blocks_1--_Z5l1_bwPmS_PfS0_--0,l1_lat/__blocks_1___fast--_Z6l1_latPjS_PmS0_jj--0,mem_lat/__fast--_Z7mem_latPjS_PmS0_j--0,shared_bw/__tpb_1024___tpsm_1024___blocks_1--_Z9shared_bwPmS_Pjj--0,shared_lat/__blocks_1--_Z10shared_latPjS_Pmj--0,MaxIops_int32/__tpb_1024____blocks_1--_Z9max_flopsIiEvPjS0_PT_S2_S2_--0,l1_shared_bw/__tpb_1024____blocks_1--_Z9shared_bwPjS_S_S_j--0,l1_bw_32f_unroll/__tpb_1024___blocks_1--_Z5l1_bwPjS_PfS0_--0,l1_bw_32f_unroll_large/__tpb_1024____blocks_1--_Z5l1_bwPjS_PfS0_--0,tma_tensor/_w_1024__h_1024__o_UTMASTG__i_128--_Z11test_kernel14CUtensorMap_stPi8TestTypeii--0,tma_tensor/_w_1024__h_1024__o_UTMAREDG__i_128--_Z11test_kernel14CUtensorMap_stPi8TestTypeii--0,tma_tensor/_w_1024__h_1024__o_UTMASTG__i_16--_Z11test_kernel14CUtensorMap_stPi8TestTypeii--0,tma_tensor/_w_1024__h_1024__o_UTMAREDG__i_16--_Z11test_kernel14CUtensorMap_stPi8TestTypeii--0,tma_tensor/_w_1024__h_1024__o_REGULAR_LOAD__i_16--_Z11test_kernel14CUtensorMap_stPi8TestTypeii--0,tma_bulk/_n_1024__o_UBLKCP_S_G__i_128--_Z15test_UBLKCP_S_GPii--0,tma_bulk/_n_1024__o_UBLKCP_G_S__i_128--_Z15test_UBLKCP_G_SPii--0,tma_bulk/_n_1024__o_UBLKRED_G_S__i_128--_Z16test_UBLKRED_G_SPii--0,tma_bulk/_n_262144__o_UBLKCP_G_S__i_16--_Z15test_UBLKCP_G_SPii--0,tma_bulk/_n_262144__o_UBLKRED_G_S__i_16--_Z16test_UBLKRED_G_SPii--0,AV--VG
H200-SASS-accel-0c01e6d-gpgpu-7ce4362,NA,NA,NA,NA,NA,NA,NA,NA,NA,NA,NA,NA,NA,NA,NA,NA,NA,NA,NA,NA,NA,NA,NA,NA,NA,NA,NA,NA,NA,NA,NA,NA,NA,NA,NA,NA,NA,NA,NA,NA,NA,NA,NA,NA,NA,NA,NA,NA,NA,NA,NA,NA,NA,NA,NA,NA,NA,NA,NA

----------------------------------------------------------------------------------------------------,,,,,,,,,,,,,,,,,,,,,,,,,
\s+Total_core_cache_stats_breakdown\[GLOBAL_ACC_R\]\[TOTAL_ACCESS\]\s*=\s*(.*),,,,,,,,,,,,,,,,,,,,,,,,,
CFG,gaussian-rodinia-3.1/_f___data_matrix4_txt--_Z4Fan1PfS_ii--0,gaussian-rodinia-3.1/_f___data_matrix4_txt--_Z4Fan2PfS_S_iii--0,gaussian-rodinia-3.1/_f___data_matrix4_txt--_Z4Fan1PfS_ii--1,gaussian-rodinia-3.1/_f___data_matrix4_txt--_Z4Fan2PfS_S_iii--1,gaussian-rodinia-3.1/_f___data_matrix4_txt--_Z4Fan1PfS_ii--2,gaussian-rodinia-3.1/_f___data_matrix4_txt--_Z4Fan2PfS_S_iii--2,gaussian-rodinia-3.1/_s_16--_Z4Fan1PfS_ii--0,gaussian-rodinia-3.1/_s_16--_Z4Fan2PfS_S_iii--0,gaussian-rodinia-3.1/_s_16--_Z4Fan1PfS_ii--1,gaussian-rodinia-3.1/_s_16--_Z4Fan2PfS_S_iii--1,gaussian-rodinia-3.1/_s_16--_Z4Fan1PfS_ii--2,gaussian-rodinia-3.1/_s_16--_Z4Fan2PfS_S_iii--2,gaussian-rodinia-3.1/_s_16--_Z4Fan1PfS_ii--3,gaussian-rodinia-3.1/_s_16--_Z4Fan2PfS_S_iii--3,gaussian-rodinia-3.1/_s_16--_Z4Fan1PfS_ii--4,gaussian-rodinia-3.1/_s_16--_Z4Fan2PfS_S_iii--4,gaussian-rodinia-3.1/_s_16--_Z4Fan1PfS_ii--5,gaussian-rodinia-3.1/_s_16--_Z4Fan2PfS_S_iii--5,gaussian-rodinia-3.1/_s_16--_Z4Fan1PfS_ii--6,gaussian-rodinia-3.1/_s_16--_Z4Fan2PfS_S_iii--6,gaussian-rodinia-3.1/_s_16--_Z4Fan1PfS_ii--7,gaussian-rodinia-3.1/_s_16--_Z4Fan2PfS_S_iii--7,gaussian-rodinia-3.1/_s_16--_Z4Fan1PfS_ii--8,gaussian-rodinia-3.1/_s_16--_Z4Fan2PfS_S_iii--8,gaussian-rodinia-3.1/_s_16--_Z4Fan1PfS_ii--9,gaussian-rodinia-3.1/_s_16--_Z4Fan2PfS_S_iii--9,gaussian-rodinia-3.1/_s_16--_Z4Fan1PfS_ii--10,gaussian-rodinia-3.1/_s_16--_Z4Fan2PfS_S_iii--10,gaussian-rodinia-3.1/_s_16--_Z4Fan1PfS_ii--11,gaussian-rodinia-3.1/_s_16--_Z4Fan2PfS_S_iii--11,gaussian-rodinia-3.1/_s_16--_Z4Fan1PfS_ii--12,gaussian-rodinia-3.1/_s_16--_Z4Fan2PfS_S_iii--12,gaussian-rodinia-3.1/_s_16--_Z4Fan1PfS_ii--13,gaussian-rodinia-3.1/_s_16--_Z4Fan2PfS_S_iii--13,gaussian-rodinia-3.1/_s_16--_Z4Fan1PfS_ii--14,gaussian-rodinia-3.1/_s_16--_Z4Fan2PfS_S_iii--14,nn-rodinia-3.1/__data_filelist_4__r_5__lat_30__lng_90--_Z6euclidP7latLongPfiff--0,l1_bw_32f/__tpb_1024___tpsm_1024___blocks_1--_Z5l1_bwPmS_PfPKf--0,l1_bw_64f/__tpb_1024___tpsm_1024___blocks_1--_Z5l1_bwPmS_PdS0_--0,l1_bw_128/__tpb_1024___tpsm_1024___blocks_1--_Z5l1_bwPmS_PfS0_--0,l1_lat/__blocks_1___fast--_Z6l1_latPjS_PmS0_jj--0,mem_lat/__fast--_Z7mem_latPjS_PmS0_j--0,shared_bw/__tpb_1024___tpsm_1024___blocks_1--_Z9shared_bwPmS_Pjj--0,shared_lat/__blocks_1--_Z10shared_latPjS_Pmj--0,MaxIops_int32/__tpb_1024____blocks_1--_Z9max_flopsIiEvPjS0_PT_S2_S2_--0,l1_shared_bw/__tpb_1024____blocks_1--_Z9shared_bwPjS_S_S_j--0,l1_bw_32f_unroll/__tpb_1024___blocks_1--_Z5l1_bwPjS_PfS0_--0,l1_bw_32f_unroll_large/__tpb_1024____blocks_1--_Z5l1_bwPjS_PfS0_--0,tma_tensor/_w_1024__h_1024__o_UTMASTG__i_128--_Z11test_kernel14CUtensorMap_stPi8TestTypeii--0,tma_tensor/_w_1024__h_1024__o_UTMAREDG__i_128--_Z11test_kernel14CUtensorMap_stPi8TestTypeii--0,tma_tensor/_w_1024__h_1024__o_UTMASTG__i_16--_Z11test_kernel14CUtensorMap_stPi8TestTypeii--0,tma_tensor/_w_1024__h_1024__o_UTMAREDG__i_16--_Z11test_kernel14CUtensorMap_stPi8TestTypeii--0,tma_tensor/_w_1024__h_1024__o_REGULAR_LOAD__i_16--_Z11test_kernel14CUtensorMap_stPi8TestTypeii--0,tma_bulk/_n_1024__o_UBLKCP_S_G__i_128--_Z15test_UBLKCP_S_GPii--0,tma_bulk/_n_1024__o_UBLKCP_G_S__i_128--_Z15test_UBLKCP_G_SPii--0,tma_bulk/_n_1024__o_UBLKRED_G_S__i_128--_Z16test_UBLKRED_G_SPii--0,tma_bulk/_n_262144__o_UBLKCP_G_S__i_16--_Z15test_UBLKCP_G_SPii--0,tma_bulk/_n_262144__o_UBLKRED_G_S__i_16--_Z16test_UBLKRED_G_SPii--0,AV--VG
H200-SASS-accel-0c01e6d-gpgpu-7ce4362,3.0,14.0,2.0,9.0,2.0,6.0,16.0,266.0,15.0,264.0,14.0,205.0,13.0,203.0,12.0,152.0,11.0,150.0,10.0,107.0,9.0,104.0,8.0,69.0,7.0,60.0,6.0,40.0,5.0,33.0,4.0,19.0,3.0,14.0,2.0,6.0,21382.0,2099200.0,133120.0,2099200.0,257.0,8192.0,NA,NA,256.0,1179872.0,526336.0,528384.0,NA,NA,NA,NA,16777216.0,NA,NA,NA,NA,NA,497346.3

----------------------------------------------------------------------------------------------------,,,,,,,,,,,,,,,,,,,,,,,,,
\s+Total_core_cache_stats_breakdown\[GLOBAL_ACC_R\]\[HIT\]\s*=\s*(.*),,,,,,,,,,,,,,,,,,,,,,,,,
CFG,gaussian-rodinia-3.1/_f___data_matrix4_txt--_Z4Fan1PfS_ii--0,gaussian-rodinia-3.1/_f___data_matrix4_txt--_Z4Fan2PfS_S_iii--0,gaussian-rodinia-3.1/_f___data_matrix4_txt--_Z4Fan1PfS_ii--1,gaussian-rodinia-3.1/_f___data_matrix4_txt--_Z4Fan2PfS_S_iii--1,gaussian-rodinia-3.1/_f___data_matrix4_txt--_Z4Fan1PfS_ii--2,gaussian-rodinia-3.1/_f___data_matrix4_txt--_Z4Fan2PfS_S_iii--2,gaussian-rodinia-3.1/_s_16--_Z4Fan1PfS_ii--0,gaussian-rodinia-3.1/_s_16--_Z4Fan2PfS_S_iii--0,gaussian-rodinia-3.1/_s_16--_Z4Fan1PfS_ii--1,gaussian-rodinia-3.1/_s_16--_Z4Fan2PfS_S_iii--1,gaussian-rodinia-3.1/_s_16--_Z4Fan1PfS_ii--2,gaussian-rodinia-3.1/_s_16--_Z4Fan2PfS_S_iii--2,gaussian-rodinia-3.1/_s_16--_Z4Fan1PfS_ii--3,gaussian-rodinia-3.1/_s_16--_Z4Fan2PfS_S_iii--3,gaussian-rodinia-3.1/_s_16--_Z4Fan1PfS_ii--4,gaussian-rodinia-3.1/_s_16--_Z4Fan2PfS_S_iii--4,gaussian-rodinia-3.1/_s_16--_Z4Fan1PfS_ii--5,gaussian-rodinia-3.1/_s_16--_Z4Fan2PfS_S_iii--5,gaussian-rodinia-3.1/_s_16--_Z4Fan1PfS_ii--6,gaussian-rodinia-3.1/_s_16--_Z4Fan2PfS_S_iii--6,gaussian-rodinia-3.1/_s_16--_Z4Fan1PfS_ii--7,gaussian-rodinia-3.1/_s_16--_Z4Fan2PfS_S_iii--7,gaussian-rodinia-3.1/_s_16--_Z4Fan1PfS_ii--8,gaussian-rodinia-3.1/_s_16--_Z4Fan2PfS_S_iii--8,gaussian-rodinia-3.1/_s_16--_Z4Fan1PfS_ii--9,gaussian-rodinia-3.1/_s_16--_Z4Fan2PfS_S_iii--9,gaussian-rodinia-3.1/_s_16--_Z4Fan1PfS_ii--10,gaussian-rodinia-3.1/_s_16--_Z4Fan2PfS_S_iii--10,gaussian-rodinia-3.1/_s_16--_Z4Fan1PfS_ii--11,gaussian-rodinia-3.1/_s_16--_Z4Fan2PfS_S_iii--11,gaussian-rodinia-3.1/_s_16--_Z4Fan1PfS_ii--12,gaussian-rodinia-3.1/_s_16--_Z4Fan2PfS_S_iii--12,gaussian-rodinia-3.1/_s_16--_Z4Fan1PfS_ii--13,gaussian-rodinia-3.1/_s_16--_Z4Fan2PfS_S_iii--13,gaussian-rodinia-3.1/_s_16--_Z4Fan1PfS_ii--14,gaussian-rodinia-3.1/_s_16--_Z4Fan2PfS_S_iii--14,nn-rodinia-3.1/__data_filelist_4__r_5__lat_30__lng_90--_Z6euclidP7latLongPfiff--0,l1_bw_32f/__tpb_1024___tpsm_1024___blocks_1--_Z5l1_bwPmS_PfPKf--0,l1_bw_64f/__tpb_1024___tpsm_1024___blocks_1--_Z5l1_bwPmS_PdS0_--0,l1_bw_128/__tpb_1024___tpsm_1024___blocks_1--_Z5l1_bwPmS_PfS0_--0,l1_lat/__blocks_1___fast--_Z6l1_latPjS_PmS0_jj--0,mem_lat/__fast--_Z7mem_latPjS_PmS0_j--0,shared_bw/__tpb_1024___tpsm_1024___blocks_1--_Z9shared_bwPmS_Pjj--0,shared_lat/__blocks_1--_Z10shared_latPjS_Pmj--0,MaxIops_int32/__tpb_1024____blocks_1--_Z9max_flopsIiEvPjS0_PT_S2_S2_--0,l1_shared_bw/__tpb_1024____blocks_1--_Z9shared_bwPjS_S_S_j--0,l1_bw_32f_unroll/__tpb_1024___blocks_1--_Z5l1_bwPjS_PfS0_--0,l1_bw_32f_unroll_large/__tpb_1024____blocks_1--_Z5l1_bwPjS_PfS0_--0,tma_tensor/_w_1024__h_1024__o_UTMASTG__i_128--_Z11test_kernel14CUtensorMap_stPi8TestTypeii--0,tma_tensor/_w_1024__h_1024__o_UTMAREDG__i_128--_Z11test_kernel14CUtensorMap_stPi8TestTypeii--0,tma_tensor/_w_1024__h_1024__o_UTMASTG__i_16--_Z11test_kernel14CUtensorMap_stPi8TestTypeii--0,tma_tensor/_w_1024__h_1024__o_UTMAREDG__i_16--_Z11test_kernel14CUtensorMap_stPi8TestTypeii--0,tma_tensor/_w_1024__h_1024__o_REGULAR_LOAD__i_16--_Z11test_kernel14CUtensorMap_stPi8TestTypeii--0,tma_bulk/_n_1024__o_UBLKCP_S_G__i_128--_Z15test_UBLKCP_S_GPii--0,tma_bulk/_n_1024__o_UBLKCP_G_S__i_128--_Z15test_UBLKCP_G_SPii--0,tma_bulk/_n_1024__o_UBLKRED_G_S__i_128--_Z16test_UBLKRED_G_SPii--0,tma_bulk/_n_262144__o_UBLKCP_G_S__i_16--_Z15test_UBLKCP_G_SPii--0,tma_bulk/_n_262144__o_UBLKRED_G_S__i_16--_Z16test_UBLKRED_G_SPii--0,AV--VG
H200-SASS-accel-0c01e6d-gpgpu-7ce4362,0.0,2.0,0.0,1.0,0.0,1.0,0.0,15.0,0.0,14.0,0.0,13.0,0.0,12.0,0.0,11.0,0.0,10.0,0.0,9.0,0.0,8.0,0.0,7.0,0.0,6.0,0.0,5.0,0.0,4.0,0.0,3.0,0.0,2.0,0.0,1.0,0.0,2097088.0,130993.0,2097152.0,257.0,0.0,0.0,0.0,0.0,1179562.0,524288.0,330153.0,0.0,0.0,0.0,0.0,15990680.0,NA,NA,NA,NA,NA,421703.7

----------------------------------------------------------------------------------------------------,,,,,,,,,,,,,,,,,,,,,,,,,
\s+Total_core_cache_stats_breakdown\[GLOBAL_ACC_W\]\[HIT\]\s*=\s*(.*),,,,,,,,,,,,,,,,,,,,,,,,,
CFG,gaussian-rodinia-3.1/_f___data_matrix4_txt--_Z4Fan1PfS_ii--0,gaussian-rodinia-3.1/_f___data_matrix4_txt--_Z4Fan2PfS_S_iii--0,gaussian-rodinia-3.1/_f___data_matrix4_txt--_Z4Fan1PfS_ii--1,gaussian-rodinia-3.1/_f___data_matrix4_txt--_Z4Fan2PfS_S_iii--1,gaussian-rodinia-3.1/_f___data_matrix4_txt--_Z4Fan1PfS_ii--2,gaussian-rodinia-3.1/_f___data_matrix4_txt--_Z4Fan2PfS_S_iii--2,gaussian-rodinia-3.1/_s_16--_Z4Fan1PfS_ii--0,gaussian-rodinia-3.1/_s_16--_Z4Fan2PfS_S_iii--0,gaussian-rodinia-3.1/_s_16--_Z4Fan1PfS_ii--1,gaussian-rodinia-3.1/_s_16--_Z4Fan2PfS_S_iii--1,gaussian-rodinia-3.1/_s_16--_Z4Fan1PfS_ii--2,gaussian-rodinia-3.1/_s_16--_Z4Fan2PfS_S_iii--2,gaussian-rodinia-3.1/_s_16--_Z4Fan1PfS_ii--3,gaussian-rodinia-3.1/_s_16--_Z4Fan2PfS_S_iii--3,gaussian-rodinia-3.1/_s_16--_Z4Fan1PfS_ii--4,gaussian-rodinia-3.1/_s_16--_Z4Fan2PfS_S_iii--4,gaussian-rodinia-3.1/_s_16--_Z4Fan1PfS_ii--5,gaussian-rodinia-3.1/_s_16--_Z4Fan2PfS_S_iii--5,gaussian-rodinia-3.1/_s_16--_Z4Fan1PfS_ii--6,gaussian-rodinia-3.1/_s_16--_Z4Fan2PfS_S_iii--6,gaussian-rodinia-3.1/_s_16--_Z4Fan1PfS_ii--7,gaussian-rodinia-3.1/_s_16--_Z4Fan2PfS_S_iii--7,gaussian-rodinia-3.1/_s_16--_Z4Fan1PfS_ii--8,gaussian-rodinia-3.1/_s_16--_Z4Fan2PfS_S_iii--8,gaussian-rodinia-3.1/_s_16--_Z4Fan1PfS_ii--9,gaussian-rodinia-3.1/_s_16--_Z4Fan2PfS_S_iii--9,gaussian-rodinia-3.1/_s_16--_Z4Fan1PfS_ii--10,gaussian-rodinia-3.1/_s_16--_Z4Fan2PfS_S_iii--10,gaussian-rodinia-3.1/_s_16--_Z4Fan1PfS_ii--11,gaussian-rodinia-3.1/_s_16--_Z4Fan2PfS_S_iii--11,gaussian-rodinia-3.1/_s_16--_Z4Fan1PfS_ii--12,gaussian-rodinia-3.1/_s_16--_Z4Fan2PfS_S_iii--12,gaussian-rodinia-3.1/_s_16--_Z4Fan1PfS_ii--13,gaussian-rodinia-3.1/_s_16--_Z4Fan2PfS_S_iii--13,gaussian-rodinia-3.1/_s_16--_Z4Fan1PfS_ii--14,gaussian-rodinia-3.1/_s_16--_Z4Fan2PfS_S_iii--14,nn-rodinia-3.1/__data_filelist_4__r_5__lat_30__lng_90--_Z6euclidP7latLongPfiff--0,l1_bw_32f/__tpb_1024___tpsm_1024___blocks_1--_Z5l1_bwPmS_PfPKf--0,l1_bw_64f/__tpb_1024___tpsm_1024___blocks_1--_Z5l1_bwPmS_PdS0_--0,l1_bw_128/__tpb_1024___tpsm_1024___blocks_1--_Z5l1_bwPmS_PfS0_--0,l1_lat/__blocks_1___fast--_Z6l1_latPjS_PmS0_jj--0,mem_lat/__fast--_Z7mem_latPjS_PmS0_j--0,shared_bw/__tpb_1024___tpsm_1024___blocks_1--_Z9shared_bwPmS_Pjj--0,shared_lat/__blocks_1--_Z10shared_latPjS_Pmj--0,MaxIops_int32/__tpb_1024____blocks_1--_Z9max_flopsIiEvPjS0_PT_S2_S2_--0,l1_shared_bw/__tpb_1024____blocks_1--_Z9shared_bwPjS_S_S_j--0,l1_bw_32f_unroll/__tpb_1024___blocks_1--_Z5l1_bwPjS_PfS0_--0,l1_bw_32f_unroll_large/__tpb_1024____blocks_1--_Z5l1_bwPjS_PfS0_--0,tma_tensor/_w_1024__h_1024__o_UTMASTG__i_128--_Z11test_kernel14CUtensorMap_stPi8TestTypeii--0,tma_tensor/_w_1024__h_1024__o_UTMAREDG__i_128--_Z11test_kernel14CUtensorMap_stPi8TestTypeii--0,tma_tensor/_w_1024__h_1024__o_UTMASTG__i_16--_Z11test_kernel14CUtensorMap_stPi8TestTypeii--0,tma_tensor/_w_1024__h_1024__o_UTMAREDG__i_16--_Z11test_kernel14CUtensorMap_stPi8TestTypeii--0,tma_tensor/_w_1024__h_1024__o_REGULAR_LOAD__i_16--_Z11test_kernel14CUtensorMap_stPi8TestTypeii--0,tma_bulk/_n_1024__o_UBLKCP_S_G__i_128--_Z15test_UBLKCP_S_GPii--0,tma_bulk/_n_1024__o_UBLKCP_G_S__i_128--_Z15test_UBLKCP_G_SPii--0,tma_bulk/_n_1024__o_UBLKRED_G_S__i_128--_Z16test_UBLKRED_G_SPii--0,tma_bulk/_n_262144__o_UBLKCP_G_S__i_16--_Z15test_UBLKCP_G_SPii--0,tma_bulk/_n_262144__o_UBLKRED_G_S__i_16--_Z16test_UBLKRED_G_SPii--0,AV--VG
H200-SASS-accel-0c01e6d-gpgpu-7ce4362,0.0,5.0,0.0,3.0,0.0,2.0,0.0,122.0,0.0,128.0,0.0,93.0,0.0,98.0,0.0,68.0,0.0,72.0,0.0,47.0,0.0,49.0,0.0,29.0,0.0,25.0,0.0,16.0,0.0,13.0,0.0,7.0,0.0,5.0,0.0,2.0,0.0,12.0,8.0,0.0,6144.0,0.0,0.0,0.0,0.0,0.0,0.0,0.0,0.0,0.0,0.0,0.0,1.0,NA,NA,NA,NA,NA,131.1

----------------------------------------------------------------------------------------------------,,,,,,,,,,,,,,,,,,,,,,,,,
\s+Total_core_cache_stats_breakdown\[GLOBAL_ACC_W\]\[TOTAL_ACCESS\]\s*=\s*(.*),,,,,,,,,,,,,,,,,,,,,,,,,
CFG,gaussian-rodinia-3.1/_f___data_matrix4_txt--_Z4Fan1PfS_ii--0,gaussian-rodinia-3.1/_f___data_matrix4_txt--_Z4Fan2PfS_S_iii--0,gaussian-rodinia-3.1/_f___data_matrix4_txt--_Z4Fan1PfS_ii--1,gaussian-rodinia-3.1/_f___data_matrix4_txt--_Z4Fan2PfS_S_iii--1,gaussian-rodinia-3.1/_f___data_matrix4_txt--_Z4Fan1PfS_ii--2,gaussian-rodinia-3.1/_f___data_matrix4_txt--_Z4Fan2PfS_S_iii--2,gaussian-rodinia-3.1/_s_16--_Z4Fan1PfS_ii--0,gaussian-rodinia-3.1/_s_16--_Z4Fan2PfS_S_iii--0,gaussian-rodinia-3.1/_s_16--_Z4Fan1PfS_ii--1,gaussian-rodinia-3.1/_s_16--_Z4Fan2PfS_S_iii--1,gaussian-rodinia-3.1/_s_16--_Z4Fan1PfS_ii--2,gaussian-rodinia-3.1/_s_16--_Z4Fan2PfS_S_iii--2,gaussian-rodinia-3.1/_s_16--_Z4Fan1PfS_ii--3,gaussian-rodinia-3.1/_s_16--_Z4Fan2PfS_S_iii--3,gaussian-rodinia-3.1/_s_16--_Z4Fan1PfS_ii--4,gaussian-rodinia-3.1/_s_16--_Z4Fan2PfS_S_iii--4,gaussian-rodinia-3.1/_s_16--_Z4Fan1PfS_ii--5,gaussian-rodinia-3.1/_s_16--_Z4Fan2PfS_S_iii--5,gaussian-rodinia-3.1/_s_16--_Z4Fan1PfS_ii--6,gaussian-rodinia-3.1/_s_16--_Z4Fan2PfS_S_iii--6,gaussian-rodinia-3.1/_s_16--_Z4Fan1PfS_ii--7,gaussian-rodinia-3.1/_s_16--_Z4Fan2PfS_S_iii--7,gaussian-rodinia-3.1/_s_16--_Z4Fan1PfS_ii--8,gaussian-rodinia-3.1/_s_16--_Z4Fan2PfS_S_iii--8,gaussian-rodinia-3.1/_s_16--_Z4Fan1PfS_ii--9,gaussian-rodinia-3.1/_s_16--_Z4Fan2PfS_S_iii--9,gaussian-rodinia-3.1/_s_16--_Z4Fan1PfS_ii--10,gaussian-rodinia-3.1/_s_16--_Z4Fan2PfS_S_iii--10,gaussian-rodinia-3.1/_s_16--_Z4Fan1PfS_ii--11,gaussian-rodinia-3.1/_s_16--_Z4Fan2PfS_S_iii--11,gaussian-rodinia-3.1/_s_16--_Z4Fan1PfS_ii--12,gaussian-rodinia-3.1/_s_16--_Z4Fan2PfS_S_iii--12,gaussian-rodinia-3.1/_s_16--_Z4Fan1PfS_ii--13,gaussian-rodinia-3.1/_s_16--_Z4Fan2PfS_S_iii--13,gaussian-rodinia-3.1/_s_16--_Z4Fan1PfS_ii--14,gaussian-rodinia-3.1/_s_16--_Z4Fan2PfS_S_iii--14,nn-rodinia-3.1/__data_filelist_4__r_5__lat_30__lng_90--_Z6euclidP7latLongPfiff--0,l1_bw_32f/__tpb_1024___tpsm_1024___blocks_1--_Z5l1_bwPmS_PfPKf--0,l1_bw_64f/__tpb_1024___tpsm_1024___blocks_1--_Z5l1_bwPmS_PdS0_--0,l1_bw_128/__tpb_1024___tpsm_1024___blocks_1--_Z5l1_bwPmS_PfS0_--0,l1_lat/__blocks_1___fast--_Z6l1_latPjS_PmS0_jj--0,mem_lat/__fast--_Z7mem_latPjS_PmS0_j--0,shared_bw/__tpb_1024___tpsm_1024___blocks_1--_Z9shared_bwPmS_Pjj--0,shared_lat/__blocks_1--_Z10shared_latPjS_Pmj--0,MaxIops_int32/__tpb_1024____blocks_1--_Z9max_flopsIiEvPjS0_PT_S2_S2_--0,l1_shared_bw/__tpb_1024____blocks_1--_Z9shared_bwPjS_S_S_j--0,l1_bw_32f_unroll/__tpb_1024___blocks_1--_Z5l1_bwPjS_PfS0_--0,l1_bw_32f_unroll_large/__tpb_1024____blocks_1--_Z5l1_bwPjS_PfS0_--0,tma_tensor/_w_1024__h_1024__o_UTMASTG__i_128--_Z11test_kernel14CUtensorMap_stPi8TestTypeii--0,tma_tensor/_w_1024__h_1024__o_UTMAREDG__i_128--_Z11test_kernel14CUtensorMap_stPi8TestTypeii--0,tma_tensor/_w_1024__h_1024__o_UTMASTG__i_16--_Z11test_kernel14CUtensorMap_stPi8TestTypeii--0,tma_tensor/_w_1024__h_1024__o_UTMAREDG__i_16--_Z11test_kernel14CUtensorMap_stPi8TestTypeii--0,tma_tensor/_w_1024__h_1024__o_REGULAR_LOAD__i_16--_Z11test_kernel14CUtensorMap_stPi8TestTypeii--0,tma_bulk/_n_1024__o_UBLKCP_S_G__i_128--_Z15test_UBLKCP_S_GPii--0,tma_bulk/_n_1024__o_UBLKCP_G_S__i_128--_Z15test_UBLKCP_G_SPii--0,tma_bulk/_n_1024__o_UBLKRED_G_S__i_128--_Z16test_UBLKRED_G_SPii--0,tma_bulk/_n_262144__o_UBLKCP_G_S__i_16--_Z15test_UBLKCP_G_SPii--0,tma_bulk/_n_262144__o_UBLKRED_G_S__i_16--_Z16test_UBLKRED_G_SPii--0,AV--VG
H200-SASS-accel-0c01e6d-gpgpu-7ce4362,2.0,5.0,1.0,3.0,1.0,2.0,15.0,122.0,14.0,128.0,13.0,93.0,12.0,98.0,11.0,68.0,10.0,72.0,9.0,47.0,8.0,49.0,7.0,29.0,6.0,25.0,5.0,16.0,4.0,13.0,3.0,7.0,2.0,5.0,1.0,2.0,5346.0,640.0,768.0,640.0,8195.0,3932163.0,640.0,3.0,384.0,384.0,384.0,384.0,NA,NA,NA,NA,1.0,NA,NA,NA,NA,NA,80629.4

----------------------------------------------------------------------------------------------------,,,,,,,,,,,,,,,,,,,,,,,,,
\s+Total_core_cache_stats_breakdown\[GLOBAL_ACC_R\]\[MSHR_HIT\]\s*=\s*(.*),,,,,,,,,,,,,,,,,,,,,,,,,
CFG,gaussian-rodinia-3.1/_f___data_matrix4_txt--_Z4Fan1PfS_ii--0,gaussian-rodinia-3.1/_f___data_matrix4_txt--_Z4Fan2PfS_S_iii--0,gaussian-rodinia-3.1/_f___data_matrix4_txt--_Z4Fan1PfS_ii--1,gaussian-rodinia-3.1/_f___data_matrix4_txt--_Z4Fan2PfS_S_iii--1,gaussian-rodinia-3.1/_f___data_matrix4_txt--_Z4Fan1PfS_ii--2,gaussian-rodinia-3.1/_f___data_matrix4_txt--_Z4Fan2PfS_S_iii--2,gaussian-rodinia-3.1/_s_16--_Z4Fan1PfS_ii--0,gaussian-rodinia-3.1/_s_16--_Z4Fan2PfS_S_iii--0,gaussian-rodinia-3.1/_s_16--_Z4Fan1PfS_ii--1,gaussian-rodinia-3.1/_s_16--_Z4Fan2PfS_S_iii--1,gaussian-rodinia-3.1/_s_16--_Z4Fan1PfS_ii--2,gaussian-rodinia-3.1/_s_16--_Z4Fan2PfS_S_iii--2,gaussian-rodinia-3.1/_s_16--_Z4Fan1PfS_ii--3,gaussian-rodinia-3.1/_s_16--_Z4Fan2PfS_S_iii--3,gaussian-rodinia-3.1/_s_16--_Z4Fan1PfS_ii--4,gaussian-rodinia-3.1/_s_16--_Z4Fan2PfS_S_iii--4,gaussian-rodinia-3.1/_s_16--_Z4Fan1PfS_ii--5,gaussian-rodinia-3.1/_s_16--_Z4Fan2PfS_S_iii--5,gaussian-rodinia-3.1/_s_16--_Z4Fan1PfS_ii--6,gaussian-rodinia-3.1/_s_16--_Z4Fan2PfS_S_iii--6,gaussian-rodinia-3.1/_s_16--_Z4Fan1PfS_ii--7,gaussian-rodinia-3.1/_s_16--_Z4Fan2PfS_S_iii--7,gaussian-rodinia-3.1/_s_16--_Z4Fan1PfS_ii--8,gaussian-rodinia-3.1/_s_16--_Z4Fan2PfS_S_iii--8,gaussian-rodinia-3.1/_s_16--_Z4Fan1PfS_ii--9,gaussian-rodinia-3.1/_s_16--_Z4Fan2PfS_S_iii--9,gaussian-rodinia-3.1/_s_16--_Z4Fan1PfS_ii--10,gaussian-rodinia-3.1/_s_16--_Z4Fan2PfS_S_iii--10,gaussian-rodinia-3.1/_s_16--_Z4Fan1PfS_ii--11,gaussian-rodinia-3.1/_s_16--_Z4Fan2PfS_S_iii--11,gaussian-rodinia-3.1/_s_16--_Z4Fan1PfS_ii--12,gaussian-rodinia-3.1/_s_16--_Z4Fan2PfS_S_iii--12,gaussian-rodinia-3.1/_s_16--_Z4Fan1PfS_ii--13,gaussian-rodinia-3.1/_s_16--_Z4Fan2PfS_S_iii--13,gaussian-rodinia-3.1/_s_16--_Z4Fan1PfS_ii--14,gaussian-rodinia-3.1/_s_16--_Z4Fan2PfS_S_iii--14,nn-rodinia-3.1/__data_filelist_4__r_5__lat_30__lng_90--_Z6euclidP7latLongPfiff--0,l1_bw_32f/__tpb_1024___tpsm_1024___blocks_1--_Z5l1_bwPmS_PfPKf--0,l1_bw_64f/__tpb_1024___tpsm_1024___blocks_1--_Z5l1_bwPmS_PdS0_--0,l1_bw_128/__tpb_1024___tpsm_1024___blocks_1--_Z5l1_bwPmS_PfS0_--0,l1_lat/__blocks_1___fast--_Z6l1_latPjS_PmS0_jj--0,mem_lat/__fast--_Z7mem_latPjS_PmS0_j--0,shared_bw/__tpb_1024___tpsm_1024___blocks_1--_Z9shared_bwPmS_Pjj--0,shared_lat/__blocks_1--_Z10shared_latPjS_Pmj--0,MaxIops_int32/__tpb_1024____blocks_1--_Z9max_flopsIiEvPjS0_PT_S2_S2_--0,l1_shared_bw/__tpb_1024____blocks_1--_Z9shared_bwPjS_S_S_j--0,l1_bw_32f_unroll/__tpb_1024___blocks_1--_Z5l1_bwPjS_PfS0_--0,l1_bw_32f_unroll_large/__tpb_1024____blocks_1--_Z5l1_bwPjS_PfS0_--0,tma_tensor/_w_1024__h_1024__o_UTMASTG__i_128--_Z11test_kernel14CUtensorMap_stPi8TestTypeii--0,tma_tensor/_w_1024__h_1024__o_UTMAREDG__i_128--_Z11test_kernel14CUtensorMap_stPi8TestTypeii--0,tma_tensor/_w_1024__h_1024__o_UTMASTG__i_16--_Z11test_kernel14CUtensorMap_stPi8TestTypeii--0,tma_tensor/_w_1024__h_1024__o_UTMAREDG__i_16--_Z11test_kernel14CUtensorMap_stPi8TestTypeii--0,tma_tensor/_w_1024__h_1024__o_REGULAR_LOAD__i_16--_Z11test_kernel14CUtensorMap_stPi8TestTypeii--0,tma_bulk/_n_1024__o_UBLKCP_S_G__i_128--_Z15test_UBLKCP_S_GPii--0,tma_bulk/_n_1024__o_UBLKCP_G_S__i_128--_Z15test_UBLKCP_G_SPii--0,tma_bulk/_n_1024__o_UBLKRED_G_S__i_128--_Z16test_UBLKRED_G_SPii--0,tma_bulk/_n_262144__o_UBLKCP_G_S__i_16--_Z15test_UBLKCP_G_SPii--0,tma_bulk/_n_262144__o_UBLKRED_G_S__i_16--_Z16test_UBLKRED_G_SPii--0,AV--VG
H200-SASS-accel-0c01e6d-gpgpu-7ce4362,1.0,7.0,0.0,4.0,1.0,2.0,0.0,202.0,0.0,204.0,0.0,149.0,0.0,151.0,0.0,104.0,0.0,106.0,0.0,67.0,0.0,68.0,0.0,46.0,0.0,40.0,0.0,23.0,0.0,19.0,0.0,8.0,0.0,6.0,0.0,1.0,10691.0,52.0,71.0,0.0,0.0,0.0,0.0,0.0,0.0,53.0,0.0,181723.0,0.0,0.0,0.0,0.0,655464.0,NA,NA,NA,NA,NA,16023.8

----------------------------------------------------------------------------------------------------,,,,,,,,,,,,,,,,,,,,,,,,,
gpgpu_n_tot_w_icount\s*=\s*(.*),,,,,,,,,,,,,,,,,,,,,,,,,
CFG,gaussian-rodinia-3.1/_f___data_matrix4_txt--_Z4Fan1PfS_ii--0,gaussian-rodinia-3.1/_f___data_matrix4_txt--_Z4Fan2PfS_S_iii--0,gaussian-rodinia-3.1/_f___data_matrix4_txt--_Z4Fan1PfS_ii--1,gaussian-rodinia-3.1/_f___data_matrix4_txt--_Z4Fan2PfS_S_iii--1,gaussian-rodinia-3.1/_f___data_matrix4_txt--_Z4Fan1PfS_ii--2,gaussian-rodinia-3.1/_f___data_matrix4_txt--_Z4Fan2PfS_S_iii--2,gaussian-rodinia-3.1/_s_16--_Z4Fan1PfS_ii--0,gaussian-rodinia-3.1/_s_16--_Z4Fan2PfS_S_iii--0,gaussian-rodinia-3.1/_s_16--_Z4Fan1PfS_ii--1,gaussian-rodinia-3.1/_s_16--_Z4Fan2PfS_S_iii--1,gaussian-rodinia-3.1/_s_16--_Z4Fan1PfS_ii--2,gaussian-rodinia-3.1/_s_16--_Z4Fan2PfS_S_iii--2,gaussian-rodinia-3.1/_s_16--_Z4Fan1PfS_ii--3,gaussian-rodinia-3.1/_s_16--_Z4Fan2PfS_S_iii--3,gaussian-rodinia-3.1/_s_16--_Z4Fan1PfS_ii--4,gaussian-rodinia-3.1/_s_16--_Z4Fan2PfS_S_iii--4,gaussian-rodinia-3.1/_s_16--_Z4Fan1PfS_ii--5,gaussian-rodinia-3.1/_s_16--_Z4Fan2PfS_S_iii--5,gaussian-rodinia-3.1/_s_16--_Z4Fan1PfS_ii--6,gaussian-rodinia-3.1/_s_16--_Z4Fan2PfS_S_iii--6,gaussian-rodinia-3.1/_s_16--_Z4Fan1PfS_ii--7,gaussian-rodinia-3.1/_s_16--_Z4Fan2PfS_S_iii--7,gaussian-rodinia-3.1/_s_16--_Z4Fan1PfS_ii--8,gaussian-rodinia-3.1/_s_16--_Z4Fan2PfS_S_iii--8,gaussian-rodinia-3.1/_s_16--_Z4Fan1PfS_ii--9,gaussian-rodinia-3.1/_s_16--_Z4Fan2PfS_S_iii--9,gaussian-rodinia-3.1/_s_16--_Z4Fan1PfS_ii--10,gaussian-rodinia-3.1/_s_16--_Z4Fan2PfS_S_iii--10,gaussian-rodinia-3.1/_s_16--_Z4Fan1PfS_ii--11,gaussian-rodinia-3.1/_s_16--_Z4Fan2PfS_S_iii--11,gaussian-rodinia-3.1/_s_16--_Z4Fan1PfS_ii--12,gaussian-rodinia-3.1/_s_16--_Z4Fan2PfS_S_iii--12,gaussian-rodinia-3.1/_s_16--_Z4Fan1PfS_ii--13,gaussian-rodinia-3.1/_s_16--_Z4Fan2PfS_S_iii--13,gaussian-rodinia-3.1/_s_16--_Z4Fan1PfS_ii--14,gaussian-rodinia-3.1/_s_16--_Z4Fan2PfS_S_iii--14,nn-rodinia-3.1/__data_filelist_4__r_5__lat_30__lng_90--_Z6euclidP7latLongPfiff--0,l1_bw_32f/__tpb_1024___tpsm_1024___blocks_1--_Z5l1_bwPmS_PfPKf--0,l1_bw_64f/__tpb_1024___tpsm_1024___blocks_1--_Z5l1_bwPmS_PdS0_--0,l1_bw_128/__tpb_1024___tpsm_1024___blocks_1--_Z5l1_bwPmS_PfS0_--0,l1_lat/__blocks_1___fast--_Z6l1_latPjS_PmS0_jj--0,mem_lat/__fast--_Z7mem_latPjS_PmS0_j--0,shared_bw/__tpb_1024___tpsm_1024___blocks_1--_Z9shared_bwPmS_Pjj--0,shared_lat/__blocks_1--_Z10shared_latPjS_Pmj--0,MaxIops_int32/__tpb_1024____blocks_1--_Z9max_flopsIiEvPjS0_PT_S2_S2_--0,l1_shared_bw/__tpb_1024____blocks_1--_Z9shared_bwPjS_S_S_j--0,l1_bw_32f_unroll/__tpb_1024___blocks_1--_Z5l1_bwPjS_PfS0_--0,l1_bw_32f_unroll_large/__tpb_1024____blocks_1--_Z5l1_bwPjS_PfS0_--0,tma_tensor/_w_1024__h_1024__o_UTMASTG__i_128--_Z11test_kernel14CUtensorMap_stPi8TestTypeii--0,tma_tensor/_w_1024__h_1024__o_UTMAREDG__i_128--_Z11test_kernel14CUtensorMap_stPi8TestTypeii--0,tma_tensor/_w_1024__h_1024__o_UTMASTG__i_16--_Z11test_kernel14CUtensorMap_stPi8TestTypeii--0,tma_tensor/_w_1024__h_1024__o_UTMAREDG__i_16--_Z11test_kernel14CUtensorMap_stPi8TestTypeii--0,tma_tensor/_w_1024__h_1024__o_REGULAR_LOAD__i_16--_Z11test_kernel14CUtensorMap_stPi8TestTypeii--0,tma_bulk/_n_1024__o_UBLKCP_S_G__i_128--_Z15test_UBLKCP_S_GPii--0,tma_bulk/_n_1024__o_UBLKCP_G_S__i_128--_Z15test_UBLKCP_G_SPii--0,tma_bulk/_n_1024__o_UBLKRED_G_S__i_128--_Z16test_UBLKRED_G_SPii--0,tma_bulk/_n_262144__o_UBLKCP_G_S__i_16--_Z15test_UBLKCP_G_SPii--0,tma_bulk/_n_262144__o_UBLKRED_G_S__i_16--_Z16test_UBLKRED_G_SPii--0,AV--VG
H200-SASS-accel-0c01e6d-gpgpu-7ce4362,109.0,195.0,73.0,195.0,73.0,176.0,73.0,309.0,73.0,309.0,73.0,290.0,73.0,290.0,73.0,271.0,73.0,271.0,73.0,252.0,73.0,252.0,73.0,233.0,73.0,233.0,73.0,214.0,73.0,214.0,73.0,195.0,73.0,195.0,73.0,176.0,48209.0,1716384.0,71200.0,1272384.0,30610.0,3450459.0,271264.0,36986.0,133696.0,2767904.0,835776.0,937440.0,7593998.0,8355854.0,3214350.0,3309582.0,31228777.0,123987.0,6112.0,6848.0,525312.0,548864.0,1146407.2

----------------------------------------------------------------------------------------------------,,,,,,,,,,,,,,,,,,,,,,,,,
total dram reads\s*=\s*(.*),,,,,,,,,,,,,,,,,,,,,,,,,
CFG,gaussian-rodinia-3.1/_f___data_matrix4_txt--_Z4Fan1PfS_ii--0,gaussian-rodinia-3.1/_f___data_matrix4_txt--_Z4Fan2PfS_S_iii--0,gaussian-rodinia-3.1/_f___data_matrix4_txt--_Z4Fan1PfS_ii--1,gaussian-rodinia-3.1/_f___data_matrix4_txt--_Z4Fan2PfS_S_iii--1,gaussian-rodinia-3.1/_f___data_matrix4_txt--_Z4Fan1PfS_ii--2,gaussian-rodinia-3.1/_f___data_matrix4_txt--_Z4Fan2PfS_S_iii--2,gaussian-rodinia-3.1/_s_16--_Z4Fan1PfS_ii--0,gaussian-rodinia-3.1/_s_16--_Z4Fan2PfS_S_iii--0,gaussian-rodinia-3.1/_s_16--_Z4Fan1PfS_ii--1,gaussian-rodinia-3.1/_s_16--_Z4Fan2PfS_S_iii--1,gaussian-rodinia-3.1/_s_16--_Z4Fan1PfS_ii--2,gaussian-rodinia-3.1/_s_16--_Z4Fan2PfS_S_iii--2,gaussian-rodinia-3.1/_s_16--_Z4Fan1PfS_ii--3,gaussian-rodinia-3.1/_s_16--_Z4Fan2PfS_S_iii--3,gaussian-rodinia-3.1/_s_16--_Z4Fan1PfS_ii--4,gaussian-rodinia-3.1/_s_16--_Z4Fan2PfS_S_iii--4,gaussian-rodinia-3.1/_s_16--_Z4Fan1PfS_ii--5,gaussian-rodinia-3.1/_s_16--_Z4Fan2PfS_S_iii--5,gaussian-rodinia-3.1/_s_16--_Z4Fan1PfS_ii--6,gaussian-rodinia-3.1/_s_16--_Z4Fan2PfS_S_iii--6,gaussian-rodinia-3.1/_s_16--_Z4Fan1PfS_ii--7,gaussian-rodinia-3.1/_s_16--_Z4Fan2PfS_S_iii--7,gaussian-rodinia-3.1/_s_16--_Z4Fan1PfS_ii--8,gaussian-rodinia-3.1/_s_16--_Z4Fan2PfS_S_iii--8,gaussian-rodinia-3.1/_s_16--_Z4Fan1PfS_ii--9,gaussian-rodinia-3.1/_s_16--_Z4Fan2PfS_S_iii--9,gaussian-rodinia-3.1/_s_16--_Z4Fan1PfS_ii--10,gaussian-rodinia-3.1/_s_16--_Z4Fan2PfS_S_iii--10,gaussian-rodinia-3.1/_s_16--_Z4Fan1PfS_ii--11,gaussian-rodinia-3.1/_s_16--_Z4Fan2PfS_S_iii--11,gaussian-rodinia-3.1/_s_16--_Z4Fan1PfS_ii--12,gaussian-rodinia-3.1/_s_16--_Z4Fan2PfS_S_iii--12,gaussian-rodinia-3.1/_s_16--_Z4Fan1PfS_ii--13,gaussian-rodinia-3.1/_s_16--_Z4Fan2PfS_S_iii--13,gaussian-rodinia-3.1/_s_16--_Z4Fan1PfS_ii--14,gaussian-rodinia-3.1/_s_16--_Z4Fan2PfS_S_iii--14,nn-rodinia-3.1/__data_filelist_4__r_5__lat_30__lng_90--_Z6euclidP7latLongPfiff--0,l1_bw_32f/__tpb_1024___tpsm_1024___blocks_1--_Z5l1_bwPmS_PfPKf--0,l1_bw_64f/__tpb_1024___tpsm_1024___blocks_1--_Z5l1_bwPmS_PdS0_--0,l1_bw_128/__tpb_1024___tpsm_1024___blocks_1--_Z5l1_bwPmS_PfS0_--0,l1_lat/__blocks_1___fast--_Z6l1_latPjS_PmS0_jj--0,mem_lat/__fast--_Z7mem_latPjS_PmS0_j--0,shared_bw/__tpb_1024___tpsm_1024___blocks_1--_Z9shared_bwPmS_Pjj--0,shared_lat/__blocks_1--_Z10shared_latPjS_Pmj--0,MaxIops_int32/__tpb_1024____blocks_1--_Z9max_flopsIiEvPjS0_PT_S2_S2_--0,l1_shared_bw/__tpb_1024____blocks_1--_Z9shared_bwPjS_S_S_j--0,l1_bw_32f_unroll/__tpb_1024___blocks_1--_Z5l1_bwPjS_PfS0_--0,l1_bw_32f_unroll_large/__tpb_1024____blocks_1--_Z5l1_bwPjS_PfS0_--0,tma_tensor/_w_1024__h_1024__o_UTMASTG__i_128--_Z11test_kernel14CUtensorMap_stPi8TestTypeii--0,tma_tensor/_w_1024__h_1024__o_UTMAREDG__i_128--_Z11test_kernel14CUtensorMap_stPi8TestTypeii--0,tma_tensor/_w_1024__h_1024__o_UTMASTG__i_16--_Z11test_kernel14CUtensorMap_stPi8TestTypeii--0,tma_tensor/_w_1024__h_1024__o_UTMAREDG__i_16--_Z11test_kernel14CUtensorMap_stPi8TestTypeii--0,tma_tensor/_w_1024__h_1024__o_REGULAR_LOAD__i_16--_Z11test_kernel14CUtensorMap_stPi8TestTypeii--0,tma_bulk/_n_1024__o_UBLKCP_S_G__i_128--_Z15test_UBLKCP_S_GPii--0,tma_bulk/_n_1024__o_UBLKCP_G_S__i_128--_Z15test_UBLKCP_G_SPii--0,tma_bulk/_n_1024__o_UBLKRED_G_S__i_128--_Z16test_UBLKRED_G_SPii--0,tma_bulk/_n_262144__o_UBLKCP_G_S__i_16--_Z15test_UBLKCP_G_SPii--0,tma_bulk/_n_262144__o_UBLKRED_G_S__i_16--_Z16test_UBLKRED_G_SPii--0,AV--VG
H200-SASS-accel-0c01e6d-gpgpu-7ce4362,2.0,3.0,0.0,0.0,0.0,0.0,16.0,33.0,0.0,0.0,0.0,0.0,0.0,0.0,0.0,0.0,0.0,0.0,0.0,0.0,0.0,0.0,0.0,7.0,0.0,0.0,0.0,0.0,0.0,0.0,0.0,0.0,0.0,0.0,0.0,0.0,5315.0,972.0,1032.0,2048.0,0.0,8192.0,0.0,0.0,192.0,129.0,960.0,14332.0,0.0,0.0,0.0,0.0,65536.0,64.0,0.0,0.0,0.0,0.0,1704.0

----------------------------------------------------------------------------------------------------,,,,,,,,,,,,,,,,,,,,,,,,,
total dram writes\s*=\s*(.*),,,,,,,,,,,,,,,,,,,,,,,,,
CFG,gaussian-rodinia-3.1/_f___data_matrix4_txt--_Z4Fan1PfS_ii--0,gaussian-rodinia-3.1/_f___data_matrix4_txt--_Z4Fan2PfS_S_iii--0,gaussian-rodinia-3.1/_f___data_matrix4_txt--_Z4Fan1PfS_ii--1,gaussian-rodinia-3.1/_f___data_matrix4_txt--_Z4Fan2PfS_S_iii--1,gaussian-rodinia-3.1/_f___data_matrix4_txt--_Z4Fan1PfS_ii--2,gaussian-rodinia-3.1/_f___data_matrix4_txt--_Z4Fan2PfS_S_iii--2,gaussian-rodinia-3.1/_s_16--_Z4Fan1PfS_ii--0,gaussian-rodinia-3.1/_s_16--_Z4Fan2PfS_S_iii--0,gaussian-rodinia-3.1/_s_16--_Z4Fan1PfS_ii--1,gaussian-rodinia-3.1/_s_16--_Z4Fan2PfS_S_iii--1,gaussian-rodinia-3.1/_s_16--_Z4Fan1PfS_ii--2,gaussian-rodinia-3.1/_s_16--_Z4Fan2PfS_S_iii--2,gaussian-rodinia-3.1/_s_16--_Z4Fan1PfS_ii--3,gaussian-rodinia-3.1/_s_16--_Z4Fan2PfS_S_iii--3,gaussian-rodinia-3.1/_s_16--_Z4Fan1PfS_ii--4,gaussian-rodinia-3.1/_s_16--_Z4Fan2PfS_S_iii--4,gaussian-rodinia-3.1/_s_16--_Z4Fan1PfS_ii--5,gaussian-rodinia-3.1/_s_16--_Z4Fan2PfS_S_iii--5,gaussian-rodinia-3.1/_s_16--_Z4Fan1PfS_ii--6,gaussian-rodinia-3.1/_s_16--_Z4Fan2PfS_S_iii--6,gaussian-rodinia-3.1/_s_16--_Z4Fan1PfS_ii--7,gaussian-rodinia-3.1/_s_16--_Z4Fan2PfS_S_iii--7,gaussian-rodinia-3.1/_s_16--_Z4Fan1PfS_ii--8,gaussian-rodinia-3.1/_s_16--_Z4Fan2PfS_S_iii--8,gaussian-rodinia-3.1/_s_16--_Z4Fan1PfS_ii--9,gaussian-rodinia-3.1/_s_16--_Z4Fan2PfS_S_iii--9,gaussian-rodinia-3.1/_s_16--_Z4Fan1PfS_ii--10,gaussian-rodinia-3.1/_s_16--_Z4Fan2PfS_S_iii--10,gaussian-rodinia-3.1/_s_16--_Z4Fan1PfS_ii--11,gaussian-rodinia-3.1/_s_16--_Z4Fan2PfS_S_iii--11,gaussian-rodinia-3.1/_s_16--_Z4Fan1PfS_ii--12,gaussian-rodinia-3.1/_s_16--_Z4Fan2PfS_S_iii--12,gaussian-rodinia-3.1/_s_16--_Z4Fan1PfS_ii--13,gaussian-rodinia-3.1/_s_16--_Z4Fan2PfS_S_iii--13,gaussian-rodinia-3.1/_s_16--_Z4Fan1PfS_ii--14,gaussian-rodinia-3.1/_s_16--_Z4Fan2PfS_S_iii--14,nn-rodinia-3.1/__data_filelist_4__r_5__lat_30__lng_90--_Z6euclidP7latLongPfiff--0,l1_bw_32f/__tpb_1024___tpsm_1024___blocks_1--_Z5l1_bwPmS_PfPKf--0,l1_bw_64f/__tpb_1024___tpsm_1024___blocks_1--_Z5l1_bwPmS_PdS0_--0,l1_bw_128/__tpb_1024___tpsm_1024___blocks_1--_Z5l1_bwPmS_PfS0_--0,l1_lat/__blocks_1___fast--_Z6l1_latPjS_PmS0_jj--0,mem_lat/__fast--_Z7mem_latPjS_PmS0_j--0,shared_bw/__tpb_1024___tpsm_1024___blocks_1--_Z9shared_bwPmS_Pjj--0,shared_lat/__blocks_1--_Z10shared_latPjS_Pmj--0,MaxIops_int32/__tpb_1024____blocks_1--_Z9max_flopsIiEvPjS0_PT_S2_S2_--0,l1_shared_bw/__tpb_1024____blocks_1--_Z9shared_bwPjS_S_S_j--0,l1_bw_32f_unroll/__tpb_1024___blocks_1--_Z5l1_bwPjS_PfS0_--0,l1_bw_32f_unroll_large/__tpb_1024____blocks_1--_Z5l1_bwPjS_PfS0_--0,tma_tensor/_w_1024__h_1024__o_UTMASTG__i_128--_Z11test_kernel14CUtensorMap_stPi8TestTypeii--0,tma_tensor/_w_1024__h_1024__o_UTMAREDG__i_128--_Z11test_kernel14CUtensorMap_stPi8TestTypeii--0,tma_tensor/_w_1024__h_1024__o_UTMASTG__i_16--_Z11test_kernel14CUtensorMap_stPi8TestTypeii--0,tma_tensor/_w_1024__h_1024__o_UTMAREDG__i_16--_Z11test_kernel14CUtensorMap_stPi8TestTypeii--0,tma_tensor/_w_1024__h_1024__o_REGULAR_LOAD__i_16--_Z11test_kernel14CUtensorMap_stPi8TestTypeii--0,tma_bulk/_n_1024__o_UBLKCP_S_G__i_128--_Z15test_UBLKCP_S_GPii--0,tma_bulk/_n_1024__o_UBLKCP_G_S__i_128--_Z15test_UBLKCP_G_SPii--0,tma_bulk/_n_1024__o_UBLKRED_G_S__i_128--_Z16test_UBLKRED_G_SPii--0,tma_bulk/_n_262144__o_UBLKCP_G_S__i_16--_Z15test_UBLKCP_G_SPii--0,tma_bulk/_n_262144__o_UBLKRED_G_S__i_16--_Z16test_UBLKRED_G_SPii--0,AV--VG
H200-SASS-accel-0c01e6d-gpgpu-7ce4362,0.0,0.0,0.0,0.0,0.0,0.0,0.0,0.0,0.0,0.0,0.0,0.0,0.0,0.0,0.0,0.0,0.0,0.0,0.0,0.0,0.0,0.0,0.0,0.0,0.0,0.0,0.0,0.0,0.0,0.0,0.0,0.0,0.0,0.0,0.0,0.0,0.0,0.0,0.0,0.0,0.0,1970304.0,0.0,0.0,0.0,0.0,0.0,0.0,0.0,0.0,0.0,0.0,0.0,0.0,0.0,0.0,0.0,0.0,33970.8

----------------------------------------------------------------------------------------------------,,,,,,,,,,,,,,,,,,,,,,,,,
kernel_launch_uid\s*=\s*(.*),,,,,,,,,,,,,,,,,,,,,,,,,
CFG,gaussian-rodinia-3.1/_f___data_matrix4_txt--_Z4Fan1PfS_ii--0,gaussian-rodinia-3.1/_f___data_matrix4_txt--_Z4Fan2PfS_S_iii--0,gaussian-rodinia-3.1/_f___data_matrix4_txt--_Z4Fan1PfS_ii--1,gaussian-rodinia-3.1/_f___data_matrix4_txt--_Z4Fan2PfS_S_iii--1,gaussian-rodinia-3.1/_f___data_matrix4_txt--_Z4Fan1PfS_ii--2,gaussian-rodinia-3.1/_f___data_matrix4_txt--_Z4Fan2PfS_S_iii--2,gaussian-rodinia-3.1/_s_16--_Z4Fan1PfS_ii--0,gaussian-rodinia-3.1/_s_16--_Z4Fan2PfS_S_iii--0,gaussian-rodinia-3.1/_s_16--_Z4Fan1PfS_ii--1,gaussian-rodinia-3.1/_s_16--_Z4Fan2PfS_S_iii--1,gaussian-rodinia-3.1/_s_16--_Z4Fan1PfS_ii--2,gaussian-rodinia-3.1/_s_16--_Z4Fan2PfS_S_iii--2,gaussian-rodinia-3.1/_s_16--_Z4Fan1PfS_ii--3,gaussian-rodinia-3.1/_s_16--_Z4Fan2PfS_S_iii--3,gaussian-rodinia-3.1/_s_16--_Z4Fan1PfS_ii--4,gaussian-rodinia-3.1/_s_16--_Z4Fan2PfS_S_iii--4,gaussian-rodinia-3.1/_s_16--_Z4Fan1PfS_ii--5,gaussian-rodinia-3.1/_s_16--_Z4Fan2PfS_S_iii--5,gaussian-rodinia-3.1/_s_16--_Z4Fan1PfS_ii--6,gaussian-rodinia-3.1/_s_16--_Z4Fan2PfS_S_iii--6,gaussian-rodinia-3.1/_s_16--_Z4Fan1PfS_ii--7,gaussian-rodinia-3.1/_s_16--_Z4Fan2PfS_S_iii--7,gaussian-rodinia-3.1/_s_16--_Z4Fan1PfS_ii--8,gaussian-rodinia-3.1/_s_16--_Z4Fan2PfS_S_iii--8,gaussian-rodinia-3.1/_s_16--_Z4Fan1PfS_ii--9,gaussian-rodinia-3.1/_s_16--_Z4Fan2PfS_S_iii--9,gaussian-rodinia-3.1/_s_16--_Z4Fan1PfS_ii--10,gaussian-rodinia-3.1/_s_16--_Z4Fan2PfS_S_iii--10,gaussian-rodinia-3.1/_s_16--_Z4Fan1PfS_ii--11,gaussian-rodinia-3.1/_s_16--_Z4Fan2PfS_S_iii--11,gaussian-rodinia-3.1/_s_16--_Z4Fan1PfS_ii--12,gaussian-rodinia-3.1/_s_16--_Z4Fan2PfS_S_iii--12,gaussian-rodinia-3.1/_s_16--_Z4Fan1PfS_ii--13,gaussian-rodinia-3.1/_s_16--_Z4Fan2PfS_S_iii--13,gaussian-rodinia-3.1/_s_16--_Z4Fan1PfS_ii--14,gaussian-rodinia-3.1/_s_16--_Z4Fan2PfS_S_iii--14,nn-rodinia-3.1/__data_filelist_4__r_5__lat_30__lng_90--_Z6euclidP7latLongPfiff--0,l1_bw_32f/__tpb_1024___tpsm_1024___blocks_1--_Z5l1_bwPmS_PfPKf--0,l1_bw_64f/__tpb_1024___tpsm_1024___blocks_1--_Z5l1_bwPmS_PdS0_--0,l1_bw_128/__tpb_1024___tpsm_1024___blocks_1--_Z5l1_bwPmS_PfS0_--0,l1_lat/__blocks_1___fast--_Z6l1_latPjS_PmS0_jj--0,mem_lat/__fast--_Z7mem_latPjS_PmS0_j--0,shared_bw/__tpb_1024___tpsm_1024___blocks_1--_Z9shared_bwPmS_Pjj--0,shared_lat/__blocks_1--_Z10shared_latPjS_Pmj--0,MaxIops_int32/__tpb_1024____blocks_1--_Z9max_flopsIiEvPjS0_PT_S2_S2_--0,l1_shared_bw/__tpb_1024____blocks_1--_Z9shared_bwPjS_S_S_j--0,l1_bw_32f_unroll/__tpb_1024___blocks_1--_Z5l1_bwPjS_PfS0_--0,l1_bw_32f_unroll_large/__tpb_1024____blocks_1--_Z5l1_bwPjS_PfS0_--0,tma_tensor/_w_1024__h_1024__o_UTMASTG__i_128--_Z11test_kernel14CUtensorMap_stPi8TestTypeii--0,tma_tensor/_w_1024__h_1024__o_UTMAREDG__i_128--_Z11test_kernel14CUtensorMap_stPi8TestTypeii--0,tma_tensor/_w_1024__h_1024__o_UTMASTG__i_16--_Z11test_kernel14CUtensorMap_stPi8TestTypeii--0,tma_tensor/_w_1024__h_1024__o_UTMAREDG__i_16--_Z11test_kernel14CUtensorMap_stPi8TestTypeii--0,tma_tensor/_w_1024__h_1024__o_REGULAR_LOAD__i_16--_Z11test_kernel14CUtensorMap_stPi8TestTypeii--0,tma_bulk/_n_1024__o_UBLKCP_S_G__i_128--_Z15test_UBLKCP_S_GPii--0,tma_bulk/_n_1024__o_UBLKCP_G_S__i_128--_Z15test_UBLKCP_G_SPii--0,tma_bulk/_n_1024__o_UBLKRED_G_S__i_128--_Z16test_UBLKRED_G_SPii--0,tma_bulk/_n_262144__o_UBLKCP_G_S__i_16--_Z15test_UBLKCP_G_SPii--0,tma_bulk/_n_262144__o_UBLKRED_G_S__i_16--_Z16test_UBLKRED_G_SPii--0,AV--VG
H200-SASS-accel-0c01e6d-gpgpu-7ce4362,1.0,1.0,1.0,1.0,1.0,1.0,1.0,1.0,1.0,1.0,1.0,1.0,1.0,1.0,1.0,1.0,1.0,1.0,1.0,1.0,1.0,1.0,1.0,1.0,1.0,1.0,1.0,1.0,1.0,1.0,1.0,1.0,1.0,1.0,1.0,1.0,1.0,1.0,1.0,1.0,1.0,1.0,1.0,1.0,1.0,1.0,1.0,1.0,1.0,1.0,1.0,1.0,1.0,1.0,1.0,1.0,1.0,1.0,1.0

----------------------------------------------------------------------------------------------------,,,,,,,,,,,,,,,,,,,,,,,,,
gpgpu_n_shmem_bkconflict\s*=\s*(.*),,,,,,,,,,,,,,,,,,,,,,,,,
CFG,gaussian-rodinia-3.1/_f___data_matrix4_txt--_Z4Fan1PfS_ii--0,gaussian-rodinia-3.1/_f___data_matrix4_txt--_Z4Fan2PfS_S_iii--0,gaussian-rodinia-3.1/_f___data_matrix4_txt--_Z4Fan1PfS_ii--1,gaussian-rodinia-3.1/_f___data_matrix4_txt--_Z4Fan2PfS_S_iii--1,gaussian-rodinia-3.1/_f___data_matrix4_txt--_Z4Fan1PfS_ii--2,gaussian-rodinia-3.1/_f___data_matrix4_txt--_Z4Fan2PfS_S_iii--2,gaussian-rodinia-3.1/_s_16--_Z4Fan1PfS_ii--0,gaussian-rodinia-3.1/_s_16--_Z4Fan2PfS_S_iii--0,gaussian-rodinia-3.1/_s_16--_Z4Fan1PfS_ii--1,gaussian-rodinia-3.1/_s_16--_Z4Fan2PfS_S_iii--1,gaussian-rodinia-3.1/_s_16--_Z4Fan1PfS_ii--2,gaussian-rodinia-3.1/_s_16--_Z4Fan2PfS_S_iii--2,gaussian-rodinia-3.1/_s_16--_Z4Fan1PfS_ii--3,gaussian-rodinia-3.1/_s_16--_Z4Fan2PfS_S_iii--3,gaussian-rodinia-3.1/_s_16--_Z4Fan1PfS_ii--4,gaussian-rodinia-3.1/_s_16--_Z4Fan2PfS_S_iii--4,gaussian-rodinia-3.1/_s_16--_Z4Fan1PfS_ii--5,gaussian-rodinia-3.1/_s_16--_Z4Fan2PfS_S_iii--5,gaussian-rodinia-3.1/_s_16--_Z4Fan1PfS_ii--6,gaussian-rodinia-3.1/_s_16--_Z4Fan2PfS_S_iii--6,gaussian-rodinia-3.1/_s_16--_Z4Fan1PfS_ii--7,gaussian-rodinia-3.1/_s_16--_Z4Fan2PfS_S_iii--7,gaussian-rodinia-3.1/_s_16--_Z4Fan1PfS_ii--8,gaussian-rodinia-3.1/_s_16--_Z4Fan2PfS_S_iii--8,gaussian-rodinia-3.1/_s_16--_Z4Fan1PfS_ii--9,gaussian-rodinia-3.1/_s_16--_Z4Fan2PfS_S_iii--9,gaussian-rodinia-3.1/_s_16--_Z4Fan1PfS_ii--10,gaussian-rodinia-3.1/_s_16--_Z4Fan2PfS_S_iii--10,gaussian-rodinia-3.1/_s_16--_Z4Fan1PfS_ii--11,gaussian-rodinia-3.1/_s_16--_Z4Fan2PfS_S_iii--11,gaussian-rodinia-3.1/_s_16--_Z4Fan1PfS_ii--12,gaussian-rodinia-3.1/_s_16--_Z4Fan2PfS_S_iii--12,gaussian-rodinia-3.1/_s_16--_Z4Fan1PfS_ii--13,gaussian-rodinia-3.1/_s_16--_Z4Fan2PfS_S_iii--13,gaussian-rodinia-3.1/_s_16--_Z4Fan1PfS_ii--14,gaussian-rodinia-3.1/_s_16--_Z4Fan2PfS_S_iii--14,nn-rodinia-3.1/__data_filelist_4__r_5__lat_30__lng_90--_Z6euclidP7latLongPfiff--0,l1_bw_32f/__tpb_1024___tpsm_1024___blocks_1--_Z5l1_bwPmS_PfPKf--0,l1_bw_64f/__tpb_1024___tpsm_1024___blocks_1--_Z5l1_bwPmS_PdS0_--0,l1_bw_128/__tpb_1024___tpsm_1024___blocks_1--_Z5l1_bwPmS_PfS0_--0,l1_lat/__blocks_1___fast--_Z6l1_latPjS_PmS0_jj--0,mem_lat/__fast--_Z7mem_latPjS_PmS0_j--0,shared_bw/__tpb_1024___tpsm_1024___blocks_1--_Z9shared_bwPmS_Pjj--0,shared_lat/__blocks_1--_Z10shared_latPjS_Pmj--0,MaxIops_int32/__tpb_1024____blocks_1--_Z9max_flopsIiEvPjS0_PT_S2_S2_--0,l1_shared_bw/__tpb_1024____blocks_1--_Z9shared_bwPjS_S_S_j--0,l1_bw_32f_unroll/__tpb_1024___blocks_1--_Z5l1_bwPjS_PfS0_--0,l1_bw_32f_unroll_large/__tpb_1024____blocks_1--_Z5l1_bwPjS_PfS0_--0,tma_tensor/_w_1024__h_1024__o_UTMASTG__i_128--_Z11test_kernel14CUtensorMap_stPi8TestTypeii--0,tma_tensor/_w_1024__h_1024__o_UTMAREDG__i_128--_Z11test_kernel14CUtensorMap_stPi8TestTypeii--0,tma_tensor/_w_1024__h_1024__o_UTMASTG__i_16--_Z11test_kernel14CUtensorMap_stPi8TestTypeii--0,tma_tensor/_w_1024__h_1024__o_UTMAREDG__i_16--_Z11test_kernel14CUtensorMap_stPi8TestTypeii--0,tma_tensor/_w_1024__h_1024__o_REGULAR_LOAD__i_16--_Z11test_kernel14CUtensorMap_stPi8TestTypeii--0,tma_bulk/_n_1024__o_UBLKCP_S_G__i_128--_Z15test_UBLKCP_S_GPii--0,tma_bulk/_n_1024__o_UBLKCP_G_S__i_128--_Z15test_UBLKCP_G_SPii--0,tma_bulk/_n_1024__o_UBLKRED_G_S__i_128--_Z16test_UBLKRED_G_SPii--0,tma_bulk/_n_262144__o_UBLKCP_G_S__i_16--_Z15test_UBLKCP_G_SPii--0,tma_bulk/_n_262144__o_UBLKRED_G_S__i_16--_Z16test_UBLKRED_G_SPii--0,AV--VG
H200-SASS-accel-0c01e6d-gpgpu-7ce4362,0.0,0.0,0.0,0.0,0.0,0.0,0.0,0.0,0.0,0.0,0.0,0.0,0.0,0.0,0.0,0.0,0.0,0.0,0.0,0.0,0.0,0.0,0.0,0.0,0.0,0.0,0.0,0.0,0.0,0.0,0.0,0.0,0.0,0.0,0.0,0.0,0.0,0.0,0.0,0.0,0.0,0.0,0.0,0.0,0.0,0.0,0.0,0.0,0.0,0.0,0.0,0.0,0.0,0.0,0.0,0.0,0.0,0.0,0.0

----------------------------------------------------------------------------------------------------,,,,,,,,,,,,,,,,,,,,,,,,,
gpgpu_n_l1cache_bkconflict\s*=\s*(.*),,,,,,,,,,,,,,,,,,,,,,,,,
CFG,gaussian-rodinia-3.1/_f___data_matrix4_txt--_Z4Fan1PfS_ii--0,gaussian-rodinia-3.1/_f___data_matrix4_txt--_Z4Fan2PfS_S_iii--0,gaussian-rodinia-3.1/_f___data_matrix4_txt--_Z4Fan1PfS_ii--1,gaussian-rodinia-3.1/_f___data_matrix4_txt--_Z4Fan2PfS_S_iii--1,gaussian-rodinia-3.1/_f___data_matrix4_txt--_Z4Fan1PfS_ii--2,gaussian-rodinia-3.1/_f___data_matrix4_txt--_Z4Fan2PfS_S_iii--2,gaussian-rodinia-3.1/_s_16--_Z4Fan1PfS_ii--0,gaussian-rodinia-3.1/_s_16--_Z4Fan2PfS_S_iii--0,gaussian-rodinia-3.1/_s_16--_Z4Fan1PfS_ii--1,gaussian-rodinia-3.1/_s_16--_Z4Fan2PfS_S_iii--1,gaussian-rodinia-3.1/_s_16--_Z4Fan1PfS_ii--2,gaussian-rodinia-3.1/_s_16--_Z4Fan2PfS_S_iii--2,gaussian-rodinia-3.1/_s_16--_Z4Fan1PfS_ii--3,gaussian-rodinia-3.1/_s_16--_Z4Fan2PfS_S_iii--3,gaussian-rodinia-3.1/_s_16--_Z4Fan1PfS_ii--4,gaussian-rodinia-3.1/_s_16--_Z4Fan2PfS_S_iii--4,gaussian-rodinia-3.1/_s_16--_Z4Fan1PfS_ii--5,gaussian-rodinia-3.1/_s_16--_Z4Fan2PfS_S_iii--5,gaussian-rodinia-3.1/_s_16--_Z4Fan1PfS_ii--6,gaussian-rodinia-3.1/_s_16--_Z4Fan2PfS_S_iii--6,gaussian-rodinia-3.1/_s_16--_Z4Fan1PfS_ii--7,gaussian-rodinia-3.1/_s_16--_Z4Fan2PfS_S_iii--7,gaussian-rodinia-3.1/_s_16--_Z4Fan1PfS_ii--8,gaussian-rodinia-3.1/_s_16--_Z4Fan2PfS_S_iii--8,gaussian-rodinia-3.1/_s_16--_Z4Fan1PfS_ii--9,gaussian-rodinia-3.1/_s_16--_Z4Fan2PfS_S_iii--9,gaussian-rodinia-3.1/_s_16--_Z4Fan1PfS_ii--10,gaussian-rodinia-3.1/_s_16--_Z4Fan2PfS_S_iii--10,gaussian-rodinia-3.1/_s_16--_Z4Fan1PfS_ii--11,gaussian-rodinia-3.1/_s_16--_Z4Fan2PfS_S_iii--11,gaussian-rodinia-3.1/_s_16--_Z4Fan1PfS_ii--12,gaussian-rodinia-3.1/_s_16--_Z4Fan2PfS_S_iii--12,gaussian-rodinia-3.1/_s_16--_Z4Fan1PfS_ii--13,gaussian-rodinia-3.1/_s_16--_Z4Fan2PfS_S_iii--13,gaussian-rodinia-3.1/_s_16--_Z4Fan1PfS_ii--14,gaussian-rodinia-3.1/_s_16--_Z4Fan2PfS_S_iii--14,nn-rodinia-3.1/__data_filelist_4__r_5__lat_30__lng_90--_Z6euclidP7latLongPfiff--0,l1_bw_32f/__tpb_1024___tpsm_1024___blocks_1--_Z5l1_bwPmS_PfPKf--0,l1_bw_64f/__tpb_1024___tpsm_1024___blocks_1--_Z5l1_bwPmS_PdS0_--0,l1_bw_128/__tpb_1024___tpsm_1024___blocks_1--_Z5l1_bwPmS_PfS0_--0,l1_lat/__blocks_1___fast--_Z6l1_latPjS_PmS0_jj--0,mem_lat/__fast--_Z7mem_latPjS_PmS0_j--0,shared_bw/__tpb_1024___tpsm_1024___blocks_1--_Z9shared_bwPmS_Pjj--0,shared_lat/__blocks_1--_Z10shared_latPjS_Pmj--0,MaxIops_int32/__tpb_1024____blocks_1--_Z9max_flopsIiEvPjS0_PT_S2_S2_--0,l1_shared_bw/__tpb_1024____blocks_1--_Z9shared_bwPjS_S_S_j--0,l1_bw_32f_unroll/__tpb_1024___blocks_1--_Z5l1_bwPjS_PfS0_--0,l1_bw_32f_unroll_large/__tpb_1024____blocks_1--_Z5l1_bwPjS_PfS0_--0,tma_tensor/_w_1024__h_1024__o_UTMASTG__i_128--_Z11test_kernel14CUtensorMap_stPi8TestTypeii--0,tma_tensor/_w_1024__h_1024__o_UTMAREDG__i_128--_Z11test_kernel14CUtensorMap_stPi8TestTypeii--0,tma_tensor/_w_1024__h_1024__o_UTMASTG__i_16--_Z11test_kernel14CUtensorMap_stPi8TestTypeii--0,tma_tensor/_w_1024__h_1024__o_UTMAREDG__i_16--_Z11test_kernel14CUtensorMap_stPi8TestTypeii--0,tma_tensor/_w_1024__h_1024__o_REGULAR_LOAD__i_16--_Z11test_kernel14CUtensorMap_stPi8TestTypeii--0,tma_bulk/_n_1024__o_UBLKCP_S_G__i_128--_Z15test_UBLKCP_S_GPii--0,tma_bulk/_n_1024__o_UBLKCP_G_S__i_128--_Z15test_UBLKCP_G_SPii--0,tma_bulk/_n_1024__o_UBLKRED_G_S__i_128--_Z16test_UBLKRED_G_SPii--0,tma_bulk/_n_262144__o_UBLKCP_G_S__i_16--_Z15test_UBLKCP_G_SPii--0,tma_bulk/_n_262144__o_UBLKRED_G_S__i_16--_Z16test_UBLKRED_G_SPii--0,AV--VG
H200-SASS-accel-0c01e6d-gpgpu-7ce4362,0.0,0.0,0.0,0.0,0.0,0.0,14.0,175.0,12.0,138.0,12.0,132.0,10.0,100.0,10.0,95.0,8.0,68.0,8.0,64.0,6.0,42.0,6.0,39.0,4.0,26.0,4.0,20.0,2.0,10.0,2.0,7.0,0.0,0.0,0.0,0.0,2520.0,369.0,630.0,1011.0,0.0,0.0,369.0,0.0,367.0,246.0,246.0,246.0,1.0,1.0,1.0,1.0,1.0,0.0,0.0,0.0,0.0,0.0,121.1

----------------------------------------------------------------------------------------------------,,,,,,,,,,,,,,,,,,,,,,,,,
gpu_ipc\s*=\s*(.*),,,,,,,,,,,,,,,,,,,,,,,,,
CFG,gaussian-rodinia-3.1/_f___data_matrix4_txt--_Z4Fan1PfS_ii--0,gaussian-rodinia-3.1/_f___data_matrix4_txt--_Z4Fan2PfS_S_iii--0,gaussian-rodinia-3.1/_f___data_matrix4_txt--_Z4Fan1PfS_ii--1,gaussian-rodinia-3.1/_f___data_matrix4_txt--_Z4Fan2PfS_S_iii--1,gaussian-rodinia-3.1/_f___data_matrix4_txt--_Z4Fan1PfS_ii--2,gaussian-rodinia-3.1/_f___data_matrix4_txt--_Z4Fan2PfS_S_iii--2,gaussian-rodinia-3.1/_s_16--_Z4Fan1PfS_ii--0,gaussian-rodinia-3.1/_s_16--_Z4Fan2PfS_S_iii--0,gaussian-rodinia-3.1/_s_16--_Z4Fan1PfS_ii--1,gaussian-rodinia-3.1/_s_16--_Z4Fan2PfS_S_iii--1,gaussian-rodinia-3.1/_s_16--_Z4Fan1PfS_ii--2,gaussian-rodinia-3.1/_s_16--_Z4Fan2PfS_S_iii--2,gaussian-rodinia-3.1/_s_16--_Z4Fan1PfS_ii--3,gaussian-rodinia-3.1/_s_16--_Z4Fan2PfS_S_iii--3,gaussian-rodinia-3.1/_s_16--_Z4Fan1PfS_ii--4,gaussian-rodinia-3.1/_s_16--_Z4Fan2PfS_S_iii--4,gaussian-rodinia-3.1/_s_16--_Z4Fan1PfS_ii--5,gaussian-rodinia-3.1/_s_16--_Z4Fan2PfS_S_iii--5,gaussian-rodinia-3.1/_s_16--_Z4Fan1PfS_ii--6,gaussian-rodinia-3.1/_s_16--_Z4Fan2PfS_S_iii--6,gaussian-rodinia-3.1/_s_16--_Z4Fan1PfS_ii--7,gaussian-rodinia-3.1/_s_16--_Z4Fan2PfS_S_iii--7,gaussian-rodinia-3.1/_s_16--_Z4Fan1PfS_ii--8,gaussian-rodinia-3.1/_s_16--_Z4Fan2PfS_S_iii--8,gaussian-rodinia-3.1/_s_16--_Z4Fan1PfS_ii--9,gaussian-rodinia-3.1/_s_16--_Z4Fan2PfS_S_iii--9,gaussian-rodinia-3.1/_s_16--_Z4Fan1PfS_ii--10,gaussian-rodinia-3.1/_s_16--_Z4Fan2PfS_S_iii--10,gaussian-rodinia-3.1/_s_16--_Z4Fan1PfS_ii--11,gaussian-rodinia-3.1/_s_16--_Z4Fan2PfS_S_iii--11,gaussian-rodinia-3.1/_s_16--_Z4Fan1PfS_ii--12,gaussian-rodinia-3.1/_s_16--_Z4Fan2PfS_S_iii--12,gaussian-rodinia-3.1/_s_16--_Z4Fan1PfS_ii--13,gaussian-rodinia-3.1/_s_16--_Z4Fan2PfS_S_iii--13,gaussian-rodinia-3.1/_s_16--_Z4Fan1PfS_ii--14,gaussian-rodinia-3.1/_s_16--_Z4Fan2PfS_S_iii--14,nn-rodinia-3.1/__data_filelist_4__r_5__lat_30__lng_90--_Z6euclidP7latLongPfiff--0,l1_bw_32f/__tpb_1024___tpsm_1024___blocks_1--_Z5l1_bwPmS_PfPKf--0,l1_bw_64f/__tpb_1024___tpsm_1024___blocks_1--_Z5l1_bwPmS_PdS0_--0,l1_bw_128/__tpb_1024___tpsm_1024___blocks_1--_Z5l1_bwPmS_PfS0_--0,l1_lat/__blocks_1___fast--_Z6l1_latPjS_PmS0_jj--0,mem_lat/__fast--_Z7mem_latPjS_PmS0_j--0,shared_bw/__tpb_1024___tpsm_1024___blocks_1--_Z9shared_bwPmS_Pjj--0,shared_lat/__blocks_1--_Z10shared_latPjS_Pmj--0,MaxIops_int32/__tpb_1024____blocks_1--_Z9max_flopsIiEvPjS0_PT_S2_S2_--0,l1_shared_bw/__tpb_1024____blocks_1--_Z9shared_bwPjS_S_S_j--0,l1_bw_32f_unroll/__tpb_1024___blocks_1--_Z5l1_bwPjS_PfS0_--0,l1_bw_32f_unroll_large/__tpb_1024____blocks_1--_Z5l1_bwPjS_PfS0_--0,tma_tensor/_w_1024__h_1024__o_UTMASTG__i_128--_Z11test_kernel14CUtensorMap_stPi8TestTypeii--0,tma_tensor/_w_1024__h_1024__o_UTMAREDG__i_128--_Z11test_kernel14CUtensorMap_stPi8TestTypeii--0,tma_tensor/_w_1024__h_1024__o_UTMASTG__i_16--_Z11test_kernel14CUtensorMap_stPi8TestTypeii--0,tma_tensor/_w_1024__h_1024__o_UTMAREDG__i_16--_Z11test_kernel14CUtensorMap_stPi8TestTypeii--0,tma_tensor/_w_1024__h_1024__o_REGULAR_LOAD__i_16--_Z11test_kernel14CUtensorMap_stPi8TestTypeii--0,tma_bulk/_n_1024__o_UBLKCP_S_G__i_128--_Z15test_UBLKCP_S_GPii--0,tma_bulk/_n_1024__o_UBLKCP_G_S__i_128--_Z15test_UBLKCP_G_SPii--0,tma_bulk/_n_1024__o_UBLKRED_G_S__i_128--_Z16test_UBLKRED_G_SPii--0,tma_bulk/_n_262144__o_UBLKCP_G_S__i_16--_Z15test_UBLKCP_G_SPii--0,tma_bulk/_n_262144__o_UBLKRED_G_S__i_16--_Z16test_UBLKRED_G_SPii--0,AV--VG
H200-SASS-accel-0c01e6d-gpgpu-7ce4362,0.3377,0.6984,0.3443,0.7115,0.3361,0.6706,0.4278,1.7172,0.4412,1.7062,0.4331,1.6260,0.4250,1.4991,0.4170,1.4013,0.4089,1.2894,0.4008,1.2007,0.3927,1.1048,0.3847,0.9866,0.3766,0.9473,0.3685,0.8781,0.3604,0.8143,0.3523,0.7594,0.3442,0.7112,0.3361,0.6706,339.7743,102.3151,53.2539,76.5190,0.4603,8.8311,50.8502,0.2326,60.4507,43.3416,90.5822,101.3598,1236.2927,1246.9233,3238.8767,3095.1179,517.5588,36.7687,14.2930,13.0090,1576.7184,1594.6967,233.2

----------------------------------------------------------------------------------------------------,,,,,,,,,,,,,,,,,,,,,,,,,
gpu_occupancy\s*=\s*(.*)%,,,,,,,,,,,,,,,,,,,,,,,,,
CFG,gaussian-rodinia-3.1/_f___data_matrix4_txt--_Z4Fan1PfS_ii--0,gaussian-rodinia-3.1/_f___data_matrix4_txt--_Z4Fan2PfS_S_iii--0,gaussian-rodinia-3.1/_f___data_matrix4_txt--_Z4Fan1PfS_ii--1,gaussian-rodinia-3.1/_f___data_matrix4_txt--_Z4Fan2PfS_S_iii--1,gaussian-rodinia-3.1/_f___data_matrix4_txt--_Z4Fan1PfS_ii--2,gaussian-rodinia-3.1/_f___data_matrix4_txt--_Z4Fan2PfS_S_iii--2,gaussian-rodinia-3.1/_s_16--_Z4Fan1PfS_ii--0,gaussian-rodinia-3.1/_s_16--_Z4Fan2PfS_S_iii--0,gaussian-rodinia-3.1/_s_16--_Z4Fan1PfS_ii--1,gaussian-rodinia-3.1/_s_16--_Z4Fan2PfS_S_iii--1,gaussian-rodinia-3.1/_s_16--_Z4Fan1PfS_ii--2,gaussian-rodinia-3.1/_s_16--_Z4Fan2PfS_S_iii--2,gaussian-rodinia-3.1/_s_16--_Z4Fan1PfS_ii--3,gaussian-rodinia-3.1/_s_16--_Z4Fan2PfS_S_iii--3,gaussian-rodinia-3.1/_s_16--_Z4Fan1PfS_ii--4,gaussian-rodinia-3.1/_s_16--_Z4Fan2PfS_S_iii--4,gaussian-rodinia-3.1/_s_16--_Z4Fan1PfS_ii--5,gaussian-rodinia-3.1/_s_16--_Z4Fan2PfS_S_iii--5,gaussian-rodinia-3.1/_s_16--_Z4Fan1PfS_ii--6,gaussian-rodinia-3.1/_s_16--_Z4Fan2PfS_S_iii--6,gaussian-rodinia-3.1/_s_16--_Z4Fan1PfS_ii--7,gaussian-rodinia-3.1/_s_16--_Z4Fan2PfS_S_iii--7,gaussian-rodinia-3.1/_s_16--_Z4Fan1PfS_ii--8,gaussian-rodinia-3.1/_s_16--_Z4Fan2PfS_S_iii--8,gaussian-rodinia-3.1/_s_16--_Z4Fan1PfS_ii--9,gaussian-rodinia-3.1/_s_16--_Z4Fan2PfS_S_iii--9,gaussian-rodinia-3.1/_s_16--_Z4Fan1PfS_ii--10,gaussian-rodinia-3.1/_s_16--_Z4Fan2PfS_S_iii--10,gaussian-rodinia-3.1/_s_16--_Z4Fan1PfS_ii--11,gaussian-rodinia-3.1/_s_16--_Z4Fan2PfS_S_iii--11,gaussian-rodinia-3.1/_s_16--_Z4Fan1PfS_ii--12,gaussian-rodinia-3.1/_s_16--_Z4Fan2PfS_S_iii--12,gaussian-rodinia-3.1/_s_16--_Z4Fan1PfS_ii--13,gaussian-rodinia-3.1/_s_16--_Z4Fan2PfS_S_iii--13,gaussian-rodinia-3.1/_s_16--_Z4Fan1PfS_ii--14,gaussian-rodinia-3.1/_s_16--_Z4Fan2PfS_S_iii--14,nn-rodinia-3.1/__data_filelist_4__r_5__lat_30__lng_90--_Z6euclidP7latLongPfiff--0,l1_bw_32f/__tpb_1024___tpsm_1024___blocks_1--_Z5l1_bwPmS_PfPKf--0,l1_bw_64f/__tpb_1024___tpsm_1024___blocks_1--_Z5l1_bwPmS_PdS0_--0,l1_bw_128/__tpb_1024___tpsm_1024___blocks_1--_Z5l1_bwPmS_PfS0_--0,l1_lat/__blocks_1___fast--_Z6l1_latPjS_PmS0_jj--0,mem_lat/__fast--_Z7mem_latPjS_PmS0_j--0,shared_bw/__tpb_1024___tpsm_1024___blocks_1--_Z9shared_bwPmS_Pjj--0,shared_lat/__blocks_1--_Z10shared_latPjS_Pmj--0,MaxIops_int32/__tpb_1024____blocks_1--_Z9max_flopsIiEvPjS0_PT_S2_S2_--0,l1_shared_bw/__tpb_1024____blocks_1--_Z9shared_bwPjS_S_S_j--0,l1_bw_32f_unroll/__tpb_1024___blocks_1--_Z5l1_bwPjS_PfS0_--0,l1_bw_32f_unroll_large/__tpb_1024____blocks_1--_Z5l1_bwPjS_PfS0_--0,tma_tensor/_w_1024__h_1024__o_UTMASTG__i_128--_Z11test_kernel14CUtensorMap_stPi8TestTypeii--0,tma_tensor/_w_1024__h_1024__o_UTMAREDG__i_128--_Z11test_kernel14CUtensorMap_stPi8TestTypeii--0,tma_tensor/_w_1024__h_1024__o_UTMASTG__i_16--_Z11test_kernel14CUtensorMap_stPi8TestTypeii--0,tma_tensor/_w_1024__h_1024__o_UTMAREDG__i_16--_Z11test_kernel14CUtensorMap_stPi8TestTypeii--0,tma_tensor/_w_1024__h_1024__o_REGULAR_LOAD__i_16--_Z11test_kernel14CUtensorMap_stPi8TestTypeii--0,tma_bulk/_n_1024__o_UBLKCP_S_G__i_128--_Z15test_UBLKCP_S_GPii--0,tma_bulk/_n_1024__o_UBLKCP_G_S__i_128--_Z15test_UBLKCP_G_SPii--0,tma_bulk/_n_1024__o_UBLKRED_G_S__i_128--_Z16test_UBLKRED_G_SPii--0,tma_bulk/_n_262144__o_UBLKCP_G_S__i_16--_Z15test_UBLKCP_G_SPii--0,tma_bulk/_n_262144__o_UBLKRED_G_S__i_16--_Z16test_UBLKRED_G_SPii--0,AV--VG
H200-SASS-accel-0c01e6d-gpgpu-7ce4362,1.6961,2.8633,1.7340,3.0054,1.7340,2.0959,1.7016,8.6634,1.7316,9.1232,1.7317,7.8368,1.7319,7.8173,1.7321,6.8605,1.7323,6.8258,1.7325,5.8765,1.7327,5.8641,1.7329,5.0543,1.7330,4.8950,1.7332,3.9384,1.7334,3.9319,1.7336,3.0081,1.7338,3.0067,1.7340,2.0959,14.9681,49.9934,49.8505,49.9904,1.5625,1.5625,49.9970,1.5625,49.9110,49.9993,49.9949,49.9864,20.1410,22.2624,40.3192,43.3741,98.0324,49.9433,21.7461,19.6707,32.4647,32.5865,15.9

----------------------------------------------------------------------------------------------------,,,,,,,,,,,,,,,,,,,,,,,,,
L2_BW\s*=\s*(.*)\s*GB\/Sec,,,,,,,,,,,,,,,,,,,,,,,,,
CFG,gaussian-rodinia-3.1/_f___data_matrix4_txt--_Z4Fan1PfS_ii--0,gaussian-rodinia-3.1/_f___data_matrix4_txt--_Z4Fan2PfS_S_iii--0,gaussian-rodinia-3.1/_f___data_matrix4_txt--_Z4Fan1PfS_ii--1,gaussian-rodinia-3.1/_f___data_matrix4_txt--_Z4Fan2PfS_S_iii--1,gaussian-rodinia-3.1/_f___data_matrix4_txt--_Z4Fan1PfS_ii--2,gaussian-rodinia-3.1/_f___data_matrix4_txt--_Z4Fan2PfS_S_iii--2,gaussian-rodinia-3.1/_s_16--_Z4Fan1PfS_ii--0,gaussian-rodinia-3.1/_s_16--_Z4Fan2PfS_S_iii--0,gaussian-rodinia-3.1/_s_16--_Z4Fan1PfS_ii--1,gaussian-rodinia-3.1/_s_16--_Z4Fan2PfS_S_iii--1,gaussian-rodinia-3.1/_s_16--_Z4Fan1PfS_ii--2,gaussian-rodinia-3.1/_s_16--_Z4Fan2PfS_S_iii--2,gaussian-rodinia-3.1/_s_16--_Z4Fan1PfS_ii--3,gaussian-rodinia-3.1/_s_16--_Z4Fan2PfS_S_iii--3,gaussian-rodinia-3.1/_s_16--_Z4Fan1PfS_ii--4,gaussian-rodinia-3.1/_s_16--_Z4Fan2PfS_S_iii--4,gaussian-rodinia-3.1/_s_16--_Z4Fan1PfS_ii--5,gaussian-rodinia-3.1/_s_16--_Z4Fan2PfS_S_iii--5,gaussian-rodinia-3.1/_s_16--_Z4Fan1PfS_ii--6,gaussian-rodinia-3.1/_s_16--_Z4Fan2PfS_S_iii--6,gaussian-rodinia-3.1/_s_16--_Z4Fan1PfS_ii--7,gaussian-rodinia-3.1/_s_16--_Z4Fan2PfS_S_iii--7,gaussian-rodinia-3.1/_s_16--_Z4Fan1PfS_ii--8,gaussian-rodinia-3.1/_s_16--_Z4Fan2PfS_S_iii--8,gaussian-rodinia-3.1/_s_16--_Z4Fan1PfS_ii--9,gaussian-rodinia-3.1/_s_16--_Z4Fan2PfS_S_iii--9,gaussian-rodinia-3.1/_s_16--_Z4Fan1PfS_ii--10,gaussian-rodinia-3.1/_s_16--_Z4Fan2PfS_S_iii--10,gaussian-rodinia-3.1/_s_16--_Z4Fan1PfS_ii--11,gaussian-rodinia-3.1/_s_16--_Z4Fan2PfS_S_iii--11,gaussian-rodinia-3.1/_s_16--_Z4Fan1PfS_ii--12,gaussian-rodinia-3.1/_s_16--_Z4Fan2PfS_S_iii--12,gaussian-rodinia-3.1/_s_16--_Z4Fan1PfS_ii--13,gaussian-rodinia-3.1/_s_16--_Z4Fan2PfS_S_iii--13,gaussian-rodinia-3.1/_s_16--_Z4Fan1PfS_ii--14,gaussian-rodinia-3.1/_s_16--_Z4Fan2PfS_S_iii--14,nn-rodinia-3.1/__data_filelist_4__r_5__lat_30__lng_90--_Z6euclidP7latLongPfiff--0,l1_bw_32f/__tpb_1024___tpsm_1024___blocks_1--_Z5l1_bwPmS_PfPKf--0,l1_bw_64f/__tpb_1024___tpsm_1024___blocks_1--_Z5l1_bwPmS_PdS0_--0,l1_bw_128/__tpb_1024___tpsm_1024___blocks_1--_Z5l1_bwPmS_PfS0_--0,l1_lat/__blocks_1___fast--_Z6l1_latPjS_PmS0_jj--0,mem_lat/__fast--_Z7mem_latPjS_PmS0_j--0,shared_bw/__tpb_1024___tpsm_1024___blocks_1--_Z9shared_bwPmS_Pjj--0,shared_lat/__blocks_1--_Z10shared_latPjS_Pmj--0,MaxIops_int32/__tpb_1024____blocks_1--_Z9max_flopsIiEvPjS0_PT_S2_S2_--0,l1_shared_bw/__tpb_1024____blocks_1--_Z9shared_bwPjS_S_S_j--0,l1_bw_32f_unroll/__tpb_1024___blocks_1--_Z5l1_bwPjS_PfS0_--0,l1_bw_32f_unroll_large/__tpb_1024____blocks_1--_Z5l1_bwPjS_PfS0_--0,tma_tensor/_w_1024__h_1024__o_UTMASTG__i_128--_Z11test_kernel14CUtensorMap_stPi8TestTypeii--0,tma_tensor/_w_1024__h_1024__o_UTMAREDG__i_128--_Z11test_kernel14CUtensorMap_stPi8TestTypeii--0,tma_tensor/_w_1024__h_1024__o_UTMASTG__i_16--_Z11test_kernel14CUtensorMap_stPi8TestTypeii--0,tma_tensor/_w_1024__h_1024__o_UTMAREDG__i_16--_Z11test_kernel14CUtensorMap_stPi8TestTypeii--0,tma_tensor/_w_1024__h_1024__o_REGULAR_LOAD__i_16--_Z11test_kernel14CUtensorMap_stPi8TestTypeii--0,tma_bulk/_n_1024__o_UBLKCP_S_G__i_128--_Z15test_UBLKCP_S_GPii--0,tma_bulk/_n_1024__o_UBLKCP_G_S__i_128--_Z15test_UBLKCP_G_SPii--0,tma_bulk/_n_1024__o_UBLKRED_G_S__i_128--_Z16test_UBLKRED_G_SPii--0,tma_bulk/_n_262144__o_UBLKCP_G_S__i_16--_Z15test_UBLKCP_G_SPii--0,tma_bulk/_n_262144__o_UBLKRED_G_S__i_16--_Z16test_UBLKRED_G_SPii--0,AV--VG
H200-SASS-accel-0c01e6d-gpgpu-7ce4362,0.0609,0.1319,0.0487,0.1005,0.0325,0.0718,0.4774,2.1248,0.4691,2.3200,0.4369,1.8692,0.4046,1.8942,0.3723,1.4612,0.3400,1.4738,0.3077,1.0973,0.2754,1.0832,0.2431,0.6142,0.2107,0.5547,0.1783,0.3998,0.1460,0.3289,0.1135,0.2151,0.0811,0.1579,0.0487,0.0861,230.2525,0.3187,4.1878,0.3201,7.8122,20.0180,0.2376,0.0012,0.5731,0.0199,0.5220,3.6167,6307.1724,6342.2064,4767.5246,4551.9399,18.9241,13.0743,86.5219,78.4708,3628.8931,3665.3302,512.9

----------------------------------------------------------------------------------------------------,,,,,,,,,,,,,,,,,,,,,,,,,
gpgpu_simulation_rate\s+=\s+(.*)\s+\(inst\/sec\),,,,,,,,,,,,,,,,,,,,,,,,,
CFG,gaussian-rodinia-3.1/_f___data_matrix4_txt--_Z4Fan1PfS_ii--0,gaussian-rodinia-3.1/_f___data_matrix4_txt--_Z4Fan2PfS_S_iii--0,gaussian-rodinia-3.1/_f___data_matrix4_txt--_Z4Fan1PfS_ii--1,gaussian-rodinia-3.1/_f___data_matrix4_txt--_Z4Fan2PfS_S_iii--1,gaussian-rodinia-3.1/_f___data_matrix4_txt--_Z4Fan1PfS_ii--2,gaussian-rodinia-3.1/_f___data_matrix4_txt--_Z4Fan2PfS_S_iii--2,gaussian-rodinia-3.1/_s_16--_Z4Fan1PfS_ii--0,gaussian-rodinia-3.1/_s_16--_Z4Fan2PfS_S_iii--0,gaussian-rodinia-3.1/_s_16--_Z4Fan1PfS_ii--1,gaussian-rodinia-3.1/_s_16--_Z4Fan2PfS_S_iii--1,gaussian-rodinia-3.1/_s_16--_Z4Fan1PfS_ii--2,gaussian-rodinia-3.1/_s_16--_Z4Fan2PfS_S_iii--2,gaussian-rodinia-3.1/_s_16--_Z4Fan1PfS_ii--3,gaussian-rodinia-3.1/_s_16--_Z4Fan2PfS_S_iii--3,gaussian-rodinia-3.1/_s_16--_Z4Fan1PfS_ii--4,gaussian-rodinia-3.1/_s_16--_Z4Fan2PfS_S_iii--4,gaussian-rodinia-3.1/_s_16--_Z4Fan1PfS_ii--5,gaussian-rodinia-3.1/_s_16--_Z4Fan2PfS_S_iii--5,gaussian-rodinia-3.1/_s_16--_Z4Fan1PfS_ii--6,gaussian-rodinia-3.1/_s_16--_Z4Fan2PfS_S_iii--6,gaussian-rodinia-3.1/_s_16--_Z4Fan1PfS_ii--7,gaussian-rodinia-3.1/_s_16--_Z4Fan2PfS_S_iii--7,gaussian-rodinia-3.1/_s_16--_Z4Fan1PfS_ii--8,gaussian-rodinia-3.1/_s_16--_Z4Fan2PfS_S_iii--8,gaussian-rodinia-3.1/_s_16--_Z4Fan1PfS_ii--9,gaussian-rodinia-3.1/_s_16--_Z4Fan2PfS_S_iii--9,gaussian-rodinia-3.1/_s_16--_Z4Fan1PfS_ii--10,gaussian-rodinia-3.1/_s_16--_Z4Fan2PfS_S_iii--10,gaussian-rodinia-3.1/_s_16--_Z4Fan1PfS_ii--11,gaussian-rodinia-3.1/_s_16--_Z4Fan2PfS_S_iii--11,gaussian-rodinia-3.1/_s_16--_Z4Fan1PfS_ii--12,gaussian-rodinia-3.1/_s_16--_Z4Fan2PfS_S_iii--12,gaussian-rodinia-3.1/_s_16--_Z4Fan1PfS_ii--13,gaussian-rodinia-3.1/_s_16--_Z4Fan2PfS_S_iii--13,gaussian-rodinia-3.1/_s_16--_Z4Fan1PfS_ii--14,gaussian-rodinia-3.1/_s_16--_Z4Fan2PfS_S_iii--14,nn-rodinia-3.1/__data_filelist_4__r_5__lat_30__lng_90--_Z6euclidP7latLongPfiff--0,l1_bw_32f/__tpb_1024___tpsm_1024___blocks_1--_Z5l1_bwPmS_PfPKf--0,l1_bw_64f/__tpb_1024___tpsm_1024___blocks_1--_Z5l1_bwPmS_PdS0_--0,l1_bw_128/__tpb_1024___tpsm_1024___blocks_1--_Z5l1_bwPmS_PfS0_--0,l1_lat/__blocks_1___fast--_Z6l1_latPjS_PmS0_jj--0,mem_lat/__fast--_Z7mem_latPjS_PmS0_j--0,shared_bw/__tpb_1024___tpsm_1024___blocks_1--_Z9shared_bwPmS_Pjj--0,shared_lat/__blocks_1--_Z10shared_latPjS_Pmj--0,MaxIops_int32/__tpb_1024____blocks_1--_Z9max_flopsIiEvPjS0_PT_S2_S2_--0,l1_shared_bw/__tpb_1024____blocks_1--_Z9shared_bwPjS_S_S_j--0,l1_bw_32f_unroll/__tpb_1024___blocks_1--_Z5l1_bwPjS_PfS0_--0,l1_bw_32f_unroll_large/__tpb_1024____blocks_1--_Z5l1_bwPjS_PfS0_--0,tma_tensor/_w_1024__h_1024__o_UTMASTG__i_128--_Z11test_kernel14CUtensorMap_stPi8TestTypeii--0,tma_tensor/_w_1024__h_1024__o_UTMAREDG__i_128--_Z11test_kernel14CUtensorMap_stPi8TestTypeii--0,tma_tensor/_w_1024__h_1024__o_UTMASTG__i_16--_Z11test_kernel14CUtensorMap_stPi8TestTypeii--0,tma_tensor/_w_1024__h_1024__o_UTMAREDG__i_16--_Z11test_kernel14CUtensorMap_stPi8TestTypeii--0,tma_tensor/_w_1024__h_1024__o_REGULAR_LOAD__i_16--_Z11test_kernel14CUtensorMap_stPi8TestTypeii--0,tma_bulk/_n_1024__o_UBLKCP_S_G__i_128--_Z15test_UBLKCP_S_GPii--0,tma_bulk/_n_1024__o_UBLKCP_G_S__i_128--_Z15test_UBLKCP_G_SPii--0,tma_bulk/_n_1024__o_UBLKRED_G_S__i_128--_Z16test_UBLKRED_G_SPii--0,tma_bulk/_n_262144__o_UBLKCP_G_S__i_16--_Z15test_UBLKCP_G_SPii--0,tma_bulk/_n_262144__o_UBLKRED_G_S__i_16--_Z16test_UBLKRED_G_SPii--0,AV--VG
H200-SASS-accel-0c01e6d-gpgpu-7ce4362,468,680,610,711,659,711,586,1752,1224,1565,1378,1554,1486,1657,1590,1708,1705,1787,1724,1782,1725,1765,1715,1742,1736,1752,1708,1718,1678,1716,1677,1677,1643,1640,1635,1630,107101,151716,47402,165500,784,25197,80346,513,109673,107747,143772,163907,83378,83933,222341,301165,33599,44233,19054,17209,116397,119444,37877.7

----------------------------------------------------------------------------------------------------,,,,,,,,,,,,,,,,,,,,,,,,,
gpgpu_simulation_rate\s+=\s+(.*)\s+\(cycle\/sec\),,,,,,,,,,,,,,,,,,,,,,,,,
CFG,gaussian-rodinia-3.1/_f___data_matrix4_txt--_Z4Fan1PfS_ii--0,gaussian-rodinia-3.1/_f___data_matrix4_txt--_Z4Fan2PfS_S_iii--0,gaussian-rodinia-3.1/_f___data_matrix4_txt--_Z4Fan1PfS_ii--1,gaussian-rodinia-3.1/_f___data_matrix4_txt--_Z4Fan2PfS_S_iii--1,gaussian-rodinia-3.1/_f___data_matrix4_txt--_Z4Fan1PfS_ii--2,gaussian-rodinia-3.1/_f___data_matrix4_txt--_Z4Fan2PfS_S_iii--2,gaussian-rodinia-3.1/_s_16--_Z4Fan1PfS_ii--0,gaussian-rodinia-3.1/_s_16--_Z4Fan2PfS_S_iii--0,gaussian-rodinia-3.1/_s_16--_Z4Fan1PfS_ii--1,gaussian-rodinia-3.1/_s_16--_Z4Fan2PfS_S_iii--1,gaussian-rodinia-3.1/_s_16--_Z4Fan1PfS_ii--2,gaussian-rodinia-3.1/_s_16--_Z4Fan2PfS_S_iii--2,gaussian-rodinia-3.1/_s_16--_Z4Fan1PfS_ii--3,gaussian-rodinia-3.1/_s_16--_Z4Fan2PfS_S_iii--3,gaussian-rodinia-3.1/_s_16--_Z4Fan1PfS_ii--4,gaussian-rodinia-3.1/_s_16--_Z4Fan2PfS_S_iii--4,gaussian-rodinia-3.1/_s_16--_Z4Fan1PfS_ii--5,gaussian-rodinia-3.1/_s_16--_Z4Fan2PfS_S_iii--5,gaussian-rodinia-3.1/_s_16--_Z4Fan1PfS_ii--6,gaussian-rodinia-3.1/_s_16--_Z4Fan2PfS_S_iii--6,gaussian-rodinia-3.1/_s_16--_Z4Fan1PfS_ii--7,gaussian-rodinia-3.1/_s_16--_Z4Fan2PfS_S_iii--7,gaussian-rodinia-3.1/_s_16--_Z4Fan1PfS_ii--8,gaussian-rodinia-3.1/_s_16--_Z4Fan2PfS_S_iii--8,gaussian-rodinia-3.1/_s_16--_Z4Fan1PfS_ii--9,gaussian-rodinia-3.1/_s_16--_Z4Fan2PfS_S_iii--9,gaussian-rodinia-3.1/_s_16--_Z4Fan1PfS_ii--10,gaussian-rodinia-3.1/_s_16--_Z4Fan2PfS_S_iii--10,gaussian-rodinia-3.1/_s_16--_Z4Fan1PfS_ii--11,gaussian-rodinia-3.1/_s_16--_Z4Fan2PfS_S_iii--11,gaussian-rodinia-3.1/_s_16--_Z4Fan1PfS_ii--12,gaussian-rodinia-3.1/_s_16--_Z4Fan2PfS_S_iii--12,gaussian-rodinia-3.1/_s_16--_Z4Fan1PfS_ii--13,gaussian-rodinia-3.1/_s_16--_Z4Fan2PfS_S_iii--13,gaussian-rodinia-3.1/_s_16--_Z4Fan1PfS_ii--14,gaussian-rodinia-3.1/_s_16--_Z4Fan2PfS_S_iii--14,nn-rodinia-3.1/__data_filelist_4__r_5__lat_30__lng_90--_Z6euclidP7latLongPfiff--0,l1_bw_32f/__tpb_1024___tpsm_1024___blocks_1--_Z5l1_bwPmS_PfPKf--0,l1_bw_64f/__tpb_1024___tpsm_1024___blocks_1--_Z5l1_bwPmS_PdS0_--0,l1_bw_128/__tpb_1024___tpsm_1024___blocks_1--_Z5l1_bwPmS_PfS0_--0,l1_lat/__blocks_1___fast--_Z6l1_latPjS_PmS0_jj--0,mem_lat/__fast--_Z7mem_latPjS_PmS0_j--0,shared_bw/__tpb_1024___tpsm_1024___blocks_1--_Z9shared_bwPmS_Pjj--0,shared_lat/__blocks_1--_Z10shared_latPjS_Pmj--0,MaxIops_int32/__tpb_1024____blocks_1--_Z9max_flopsIiEvPjS0_PT_S2_S2_--0,l1_shared_bw/__tpb_1024____blocks_1--_Z9shared_bwPjS_S_S_j--0,l1_bw_32f_unroll/__tpb_1024___blocks_1--_Z5l1_bwPjS_PfS0_--0,l1_bw_32f_unroll_large/__tpb_1024____blocks_1--_Z5l1_bwPjS_PfS0_--0,tma_tensor/_w_1024__h_1024__o_UTMASTG__i_128--_Z11test_kernel14CUtensorMap_stPi8TestTypeii--0,tma_tensor/_w_1024__h_1024__o_UTMAREDG__i_128--_Z11test_kernel14CUtensorMap_stPi8TestTypeii--0,tma_tensor/_w_1024__h_1024__o_UTMASTG__i_16--_Z11test_kernel14CUtensorMap_stPi8TestTypeii--0,tma_tensor/_w_1024__h_1024__o_UTMAREDG__i_16--_Z11test_kernel14CUtensorMap_stPi8TestTypeii--0,tma_tensor/_w_1024__h_1024__o_REGULAR_LOAD__i_16--_Z11test_kernel14CUtensorMap_stPi8TestTypeii--0,tma_bulk/_n_1024__o_UBLKCP_S_G__i_128--_Z15test_UBLKCP_S_GPii--0,tma_bulk/_n_1024__o_UBLKCP_G_S__i_128--_Z15test_UBLKCP_G_SPii--0,tma_bulk/_n_1024__o_UBLKRED_G_S__i_128--_Z16test_UBLKRED_G_SPii--0,tma_bulk/_n_262144__o_UBLKCP_G_S__i_16--_Z15test_UBLKCP_G_SPii--0,tma_bulk/_n_262144__o_UBLKRED_G_S__i_16--_Z16test_UBLKRED_G_SPii--0,AV--VG
H200-SASS-accel-0c01e6d-gpgpu-7ce4362,1386,1280,1286,1329,1324,1347,1371,1535,1313,1375,1362,1389,1443,1519,1554,1607,1689,1729,1743,1773,1783,1808,1815,1839,1887,1902,1904,1917,1919,1967,1966,1975,1974,1982,2014,2020,315,1482,890,2162,1704,2853,1580,2207,1814,2486,1587,1617,67,67,68,97,64,1203,1333,1322,73,74,1467.1

----------------------------------------------------------------------------------------------------,,,,,,,,,,,,,,,,,,,,,,,,,
gpgpu_silicon_slowdown\s*=\s*(.*)x,,,,,,,,,,,,,,,,,,,,,,,,,
CFG,gaussian-rodinia-3.1/_f___data_matrix4_txt--_Z4Fan1PfS_ii--0,gaussian-rodinia-3.1/_f___data_matrix4_txt--_Z4Fan2PfS_S_iii--0,gaussian-rodinia-3.1/_f___data_matrix4_txt--_Z4Fan1PfS_ii--1,gaussian-rodinia-3.1/_f___data_matrix4_txt--_Z4Fan2PfS_S_iii--1,gaussian-rodinia-3.1/_f___data_matrix4_txt--_Z4Fan1PfS_ii--2,gaussian-rodinia-3.1/_f___data_matrix4_txt--_Z4Fan2PfS_S_iii--2,gaussian-rodinia-3.1/_s_16--_Z4Fan1PfS_ii--0,gaussian-rodinia-3.1/_s_16--_Z4Fan2PfS_S_iii--0,gaussian-rodinia-3.1/_s_16--_Z4Fan1PfS_ii--1,gaussian-rodinia-3.1/_s_16--_Z4Fan2PfS_S_iii--1,gaussian-rodinia-3.1/_s_16--_Z4Fan1PfS_ii--2,gaussian-rodinia-3.1/_s_16--_Z4Fan2PfS_S_iii--2,gaussian-rodinia-3.1/_s_16--_Z4Fan1PfS_ii--3,gaussian-rodinia-3.1/_s_16--_Z4Fan2PfS_S_iii--3,gaussian-rodinia-3.1/_s_16--_Z4Fan1PfS_ii--4,gaussian-rodinia-3.1/_s_16--_Z4Fan2PfS_S_iii--4,gaussian-rodinia-3.1/_s_16--_Z4Fan1PfS_ii--5,gaussian-rodinia-3.1/_s_16--_Z4Fan2PfS_S_iii--5,gaussian-rodinia-3.1/_s_16--_Z4Fan1PfS_ii--6,gaussian-rodinia-3.1/_s_16--_Z4Fan2PfS_S_iii--6,gaussian-rodinia-3.1/_s_16--_Z4Fan1PfS_ii--7,gaussian-rodinia-3.1/_s_16--_Z4Fan2PfS_S_iii--7,gaussian-rodinia-3.1/_s_16--_Z4Fan1PfS_ii--8,gaussian-rodinia-3.1/_s_16--_Z4Fan2PfS_S_iii--8,gaussian-rodinia-3.1/_s_16--_Z4Fan1PfS_ii--9,gaussian-rodinia-3.1/_s_16--_Z4Fan2PfS_S_iii--9,gaussian-rodinia-3.1/_s_16--_Z4Fan1PfS_ii--10,gaussian-rodinia-3.1/_s_16--_Z4Fan2PfS_S_iii--10,gaussian-rodinia-3.1/_s_16--_Z4Fan1PfS_ii--11,gaussian-rodinia-3.1/_s_16--_Z4Fan2PfS_S_iii--11,gaussian-rodinia-3.1/_s_16--_Z4Fan1PfS_ii--12,gaussian-rodinia-3.1/_s_16--_Z4Fan2PfS_S_iii--12,gaussian-rodinia-3.1/_s_16--_Z4Fan1PfS_ii--13,gaussian-rodinia-3.1/_s_16--_Z4Fan2PfS_S_iii--13,gaussian-rodinia-3.1/_s_16--_Z4Fan1PfS_ii--14,gaussian-rodinia-3.1/_s_16--_Z4Fan2PfS_S_iii--14,nn-rodinia-3.1/__data_filelist_4__r_5__lat_30__lng_90--_Z6euclidP7latLongPfiff--0,l1_bw_32f/__tpb_1024___tpsm_1024___blocks_1--_Z5l1_bwPmS_PfPKf--0,l1_bw_64f/__tpb_1024___tpsm_1024___blocks_1--_Z5l1_bwPmS_PdS0_--0,l1_bw_128/__tpb_1024___tpsm_1024___blocks_1--_Z5l1_bwPmS_PfS0_--0,l1_lat/__blocks_1___fast--_Z6l1_latPjS_PmS0_jj--0,mem_lat/__fast--_Z7mem_latPjS_PmS0_j--0,shared_bw/__tpb_1024___tpsm_1024___blocks_1--_Z9shared_bwPmS_Pjj--0,shared_lat/__blocks_1--_Z10shared_latPjS_Pmj--0,MaxIops_int32/__tpb_1024____blocks_1--_Z9max_flopsIiEvPjS0_PT_S2_S2_--0,l1_shared_bw/__tpb_1024____blocks_1--_Z9shared_bwPjS_S_S_j--0,l1_bw_32f_unroll/__tpb_1024___blocks_1--_Z5l1_bwPjS_PfS0_--0,l1_bw_32f_unroll_large/__tpb_1024____blocks_1--_Z5l1_bwPjS_PfS0_--0,tma_tensor/_w_1024__h_1024__o_UTMASTG__i_128--_Z11test_kernel14CUtensorMap_stPi8TestTypeii--0,tma_tensor/_w_1024__h_1024__o_UTMAREDG__i_128--_Z11test_kernel14CUtensorMap_stPi8TestTypeii--0,tma_tensor/_w_1024__h_1024__o_UTMASTG__i_16--_Z11test_kernel14CUtensorMap_stPi8TestTypeii--0,tma_tensor/_w_1024__h_1024__o_UTMAREDG__i_16--_Z11test_kernel14CUtensorMap_stPi8TestTypeii--0,tma_tensor/_w_1024__h_1024__o_REGULAR_LOAD__i_16--_Z11test_kernel14CUtensorMap_stPi8TestTypeii--0,tma_bulk/_n_1024__o_UBLKCP_S_G__i_128--_Z15test_UBLKCP_S_GPii--0,tma_bulk/_n_1024__o_UBLKCP_G_S__i_128--_Z15test_UBLKCP_G_SPii--0,tma_bulk/_n_1024__o_UBLKRED_G_S__i_128--_Z16test_UBLKRED_G_SPii--0,tma_bulk/_n_262144__o_UBLKCP_G_S__i_16--_Z15test_UBLKCP_G_SPii--0,tma_bulk/_n_262144__o_UBLKRED_G_S__i_16--_Z16test_UBLKRED_G_SPii--0,AV--VG
H200-SASS-accel-0c01e6d-gpgpu-7ce4362,1428571,1546875,1539657,1489841,1495468,1469933,1444201,1289902,1507996,1440000,1453744,1425485,1372141,1303489,1274131,1232109,1172291,1145170,1135972,1116751,1110487,1095132,1090909,1076672,1049284,1041009,1039915,1032863,1031787,1006609,1007121,1002531,1003039,998990,983118,980198,6285714,1336032,2224719,915818,1161971,694006,1253164,897145,1091510,796460,1247637,1224489,29552238,29552238,29117647,20412371,30937500,1645885,1485371,1497730,27123287,26756756,4500742.7

----------------------------------------------------------------------------------------------------,,,,,,,,,,,,,,,,,,,,,,,,,
gpu_tot_ipc\s*=\s*(.*),,,,,,,,,,,,,,,,,,,,,,,,,
CFG,gaussian-rodinia-3.1/_f___data_matrix4_txt--_Z4Fan1PfS_ii--0,gaussian-rodinia-3.1/_f___data_matrix4_txt--_Z4Fan2PfS_S_iii--0,gaussian-rodinia-3.1/_f___data_matrix4_txt--_Z4Fan1PfS_ii--1,gaussian-rodinia-3.1/_f___data_matrix4_txt--_Z4Fan2PfS_S_iii--1,gaussian-rodinia-3.1/_f___data_matrix4_txt--_Z4Fan1PfS_ii--2,gaussian-rodinia-3.1/_f___data_matrix4_txt--_Z4Fan2PfS_S_iii--2,gaussian-rodinia-3.1/_s_16--_Z4Fan1PfS_ii--0,gaussian-rodinia-3.1/_s_16--_Z4Fan2PfS_S_iii--0,gaussian-rodinia-3.1/_s_16--_Z4Fan1PfS_ii--1,gaussian-rodinia-3.1/_s_16--_Z4Fan2PfS_S_iii--1,gaussian-rodinia-3.1/_s_16--_Z4Fan1PfS_ii--2,gaussian-rodinia-3.1/_s_16--_Z4Fan2PfS_S_iii--2,gaussian-rodinia-3.1/_s_16--_Z4Fan1PfS_ii--3,gaussian-rodinia-3.1/_s_16--_Z4Fan2PfS_S_iii--3,gaussian-rodinia-3.1/_s_16--_Z4Fan1PfS_ii--4,gaussian-rodinia-3.1/_s_16--_Z4Fan2PfS_S_iii--4,gaussian-rodinia-3.1/_s_16--_Z4Fan1PfS_ii--5,gaussian-rodinia-3.1/_s_16--_Z4Fan2PfS_S_iii--5,gaussian-rodinia-3.1/_s_16--_Z4Fan1PfS_ii--6,gaussian-rodinia-3.1/_s_16--_Z4Fan2PfS_S_iii--6,gaussian-rodinia-3.1/_s_16--_Z4Fan1PfS_ii--7,gaussian-rodinia-3.1/_s_16--_Z4Fan2PfS_S_iii--7,gaussian-rodinia-3.1/_s_16--_Z4Fan1PfS_ii--8,gaussian-rodinia-3.1/_s_16--_Z4Fan2PfS_S_iii--8,gaussian-rodinia-3.1/_s_16--_Z4Fan1PfS_ii--9,gaussian-rodinia-3.1/_s_16--_Z4Fan2PfS_S_iii--9,gaussian-rodinia-3.1/_s_16--_Z4Fan1PfS_ii--10,gaussian-rodinia-3.1/_s_16--_Z4Fan2PfS_S_iii--10,gaussian-rodinia-3.1/_s_16--_Z4Fan1PfS_ii--11,gaussian-rodinia-3.1/_s_16--_Z4Fan2PfS_S_iii--11,gaussian-rodinia-3.1/_s_16--_Z4Fan1PfS_ii--12,gaussian-rodinia-3.1/_s_16--_Z4Fan2PfS_S_iii--12,gaussian-rodinia-3.1/_s_16--_Z4Fan1PfS_ii--13,gaussian-rodinia-3.1/_s_16--_Z4Fan2PfS_S_iii--13,gaussian-rodinia-3.1/_s_16--_Z4Fan1PfS_ii--14,gaussian-rodinia-3.1/_s_16--_Z4Fan2PfS_S_iii--14,nn-rodinia-3.1/__data_filelist_4__r_5__lat_30__lng_90--_Z6euclidP7latLongPfiff--0,l1_bw_32f/__tpb_1024___tpsm_1024___blocks_1--_Z5l1_bwPmS_PfPKf--0,l1_bw_64f/__tpb_1024___tpsm_1024___blocks_1--_Z5l1_bwPmS_PdS0_--0,l1_bw_128/__tpb_1024___tpsm_1024___blocks_1--_Z5l1_bwPmS_PfS0_--0,l1_lat/__blocks_1___fast--_Z6l1_latPjS_PmS0_jj--0,mem_lat/__fast--_Z7mem_latPjS_PmS0_j--0,shared_bw/__tpb_1024___tpsm_1024___blocks_1--_Z9shared_bwPmS_Pjj--0,shared_lat/__blocks_1--_Z10shared_latPjS_Pmj--0,MaxIops_int32/__tpb_1024____blocks_1--_Z9max_flopsIiEvPjS0_PT_S2_S2_--0,l1_shared_bw/__tpb_1024____blocks_1--_Z9shared_bwPjS_S_S_j--0,l1_bw_32f_unroll/__tpb_1024___blocks_1--_Z5l1_bwPjS_PfS0_--0,l1_bw_32f_unroll_large/__tpb_1024____blocks_1--_Z5l1_bwPjS_PfS0_--0,tma_tensor/_w_1024__h_1024__o_UTMASTG__i_128--_Z11test_kernel14CUtensorMap_stPi8TestTypeii--0,tma_tensor/_w_1024__h_1024__o_UTMAREDG__i_128--_Z11test_kernel14CUtensorMap_stPi8TestTypeii--0,tma_tensor/_w_1024__h_1024__o_UTMASTG__i_16--_Z11test_kernel14CUtensorMap_stPi8TestTypeii--0,tma_tensor/_w_1024__h_1024__o_UTMAREDG__i_16--_Z11test_kernel14CUtensorMap_stPi8TestTypeii--0,tma_tensor/_w_1024__h_1024__o_REGULAR_LOAD__i_16--_Z11test_kernel14CUtensorMap_stPi8TestTypeii--0,tma_bulk/_n_1024__o_UBLKCP_S_G__i_128--_Z15test_UBLKCP_S_GPii--0,tma_bulk/_n_1024__o_UBLKCP_G_S__i_128--_Z15test_UBLKCP_G_SPii--0,tma_bulk/_n_1024__o_UBLKRED_G_S__i_128--_Z16test_UBLKRED_G_SPii--0,tma_bulk/_n_262144__o_UBLKCP_G_S__i_16--_Z15test_UBLKCP_G_SPii--0,tma_bulk/_n_262144__o_UBLKRED_G_S__i_16--_Z16test_UBLKRED_G_SPii--0,AV--VG
H200-SASS-accel-0c01e6d-gpgpu-7ce4362,0.3377,0.5311,0.4744,0.5349,0.4983,0.5280,0.4278,1.1414,0.9325,1.1381,1.0115,1.1188,1.0292,1.0913,1.0233,1.0630,1.0089,1.0335,0.9892,1.0050,0.9677,0.9767,0.9448,0.9473,0.9198,0.9212,0.8971,0.8962,0.8748,0.8722,0.8531,0.8493,0.8321,0.8276,0.8120,0.8071,339.7743,102.3151,53.2539,76.5190,0.4603,8.8311,50.8502,0.2326,60.4507,43.3416,90.5822,101.3598,1236.2927,1246.9233,3238.8767,3095.1179,517.5588,36.7687,14.2930,13.0090,1576.7184,1594.6967,233.3

