----------------------------------------------------------------------------------------------------,,,,,
Accel-Sim-build,,,,,
CFG,l2_bw_32f/__tpb_1024___tpsm_1024___fast--_Z5l2_bwPmS_PfS0_jj--0,l2_bw_64f/__tpb_1024___tpsm_1024___fast--_Z5l2_bwPjS_PdS0_jj--0,mem_bw/__tpb_1024___tpsm_1024--_Z6mem_bwPfS_S_S_S_S_PjS0_j--0,shared_bw/__tpb_1024___tpsm_1024___blocks_1--_Z9shared_bwPmS_Pjj--0,AV--VG
QV100-SASS-accel-f677b74-gpgpu-deb5eb5,NA,NA,NA,NA,NA
QV100-SASS-accel-c366657-gpgpu-deb5eb5,NA,NA,NA,NA,NA
QV100-SASS-accel-a72607f-gpgpu-deb5eb5,NA,NA,NA,NA,NA
QV100-SASS-accel-4dbd5b1-gpgpu-deb5eb5,NA,NA,NA,NA,NA
QV100-SASS-accel-60ad810-gpgpu-deb5eb5,NA,NA,NA,NA,NA
QV100-SASS-accel-0ce7699-gpgpu-deb5eb5,NA,NA,NA,NA,NA
QV100-SASS-accel-6812c12-gpgpu-deb5eb5,NA,NA,NA,NA,NA
QV100-SASS-accel-31082a4-gpgpu-1ee03f0,NA,NA,NA,NA,NA
QV100-SASS-accel-28e2777-gpgpu-1ee03f0,NA,NA,NA,NA,NA
QV100-SASS-accel-10dc9a0-gpgpu-1ee03f0,NA,NA,NA,NA,NA
QV100-SASS-accel-9719269-gpgpu-c51350d,NA,NA,NA,NA,NA
QV100-SASS-accel-6b6f836-gpgpu-585dcf5,NA,NA,NA,NA,NA
QV100-SASS-accel-252e8c4-gpgpu-585dcf5,NA,NA,NA,NA,NA
QV100-SASS-accel-a4e0907-gpgpu-6c9e13d,NA,NA,NA,NA,NA
QV100-SASS-accel-fea3381-gpgpu-6ad461a,NA,NA,NA,NA,NA
QV100-SASS-accel-16c3068-gpgpu-6ad461a,NA,NA,NA,NA,NA
QV100-SASS-accel-8f124d9-gpgpu-99b5997,NA,NA,NA,NA,NA
QV100-SASS-accel-7a31963-gpgpu-84c4f46,NA,NA,NA,NA,NA
QV100-SASS-accel-a8c1d6d-gpgpu-84c4f46,NA,NA,NA,NA,NA
QV100-SASS-accel-000be7f-gpgpu-e466afb,NA,NA,NA,NA,NA
QV100-SASS-accel-1cb6168-gpgpu-d38b300,NA,NA,NA,NA,NA
QV100-SASS-accel-a9305c5-gpgpu-d38b300,NA,NA,NA,NA,NA
QV100-SASS-accel-5b93243-gpgpu-d38b300,NA,NA,NA,NA,NA
QV100-SASS-accel-5745567-gpgpu-d38b300,NA,NA,NA,NA,NA
QV100-SASS-accel-8d1cf8e-gpgpu-d38b300,NA,NA,NA,NA,NA
QV100-SASS-accel-17f819f-gpgpu-d38b300,NA,NA,NA,NA,NA
QV100-SASS-accel-2f29d2d-gpgpu-1d39b6f,NA,NA,NA,NA,NA
QV100-SASS-accel-786503a-gpgpu-13c6711,NA,NA,NA,NA,NA
QV100-SASS-accel-53584fc-gpgpu-13c6711,NA,NA,NA,NA,NA
QV100-SASS-accel-e02c99d-gpgpu-13c6711,NA,NA,NA,NA,NA
QV100-SASS-accel-bccdebb-gpgpu-13c6711,NA,NA,NA,NA,NA
QV100-SASS-accel-0f84efb-gpgpu-74cdacd,NA,NA,NA,NA,NA
QV100-SASS-accel-7feb41c-gpgpu-74cdacd,NA,NA,NA,NA,NA
QV100-SASS-accel-8f77aae-gpgpu-948c0e1,NA,NA,NA,NA,NA
QV100-SASS-accel-8f2c50f-gpgpu-6dd3bfc,NA,NA,NA,NA,NA
QV100-SASS-accel-2f19b3d-gpgpu-e033c1f,NA,NA,NA,NA,NA
QV100-SASS-accel-17e94d7-gpgpu-e033c1f,NA,NA,NA,NA,NA
QV100-SASS-accel-dc0bece-gpgpu-e033c1f,NA,NA,NA,NA,NA
QV100-SASS-accel-21f6fea-gpgpu-e033c1f,NA,NA,NA,NA,NA
QV100-SASS-accel-a88075e-gpgpu-e033c1f,NA,NA,NA,NA,NA
QV100-SASS-accel-470e82b-gpgpu-73db3f7,NA,NA,NA,NA,NA
QV100-SASS-accel-a6c1a7a-gpgpu-66ae881,NA,NA,NA,NA,NA
QV100-SASS-accel-572f6fd-gpgpu-301be9e,NA,NA,NA,NA,NA
QV100-SASS-accel-92027de-gpgpu-58beccb,NA,NA,NA,NA,NA
QV100-SASS-accel-0c80a10-gpgpu-58beccb,NA,NA,NA,NA,NA
QV100-SASS-accel-53da2df-gpgpu-a0c12f5,NA,NA,NA,NA,NA
QV100-SASS-accel-86f4430-gpgpu-a0c12f5,NA,NA,NA,NA,NA
QV100-SASS-accel-c1a12bc-gpgpu-9aeacdf,NA,NA,NA,NA,NA
QV100-SASS-accel-a1ca547-gpgpu-9aeacdf,NA,NA,NA,NA,NA
QV100-SASS-accel-a1ca547-gpgpu-67fc78c,NA,NA,NA,NA,NA
QV100-SASS-accel-_modifi-gpgpu-67fc78c,NA,NA,NA,NA,NA
QV100-SASS-accel-c5fa0e8-gpgpu-bc268aa,NA,NA,NA,NA,NA
QV100-SASS-accel-43a51f3-gpgpu-7d3ad23,NA,NA,NA,NA,NA
QV100-SASS-accel-4ac0e40-gpgpu-7d3ad23,NA,NA,NA,NA,NA
QV100-SASS-accel-efa370c-gpgpu-6b22d66,NA,NA,NA,NA,NA
QV100-SASS-accel-66ed9f2-gpgpu-6b22d66,NA,NA,NA,NA,NA
QV100-SASS-accel-b1c61bc-gpgpu-6b22d66,NA,NA,NA,NA,NA
QV100-SASS-accel-b3d9838-gpgpu-22159f1,NA,NA,NA,NA,NA
QV100-SASS-accel-3ff1be8-gpgpu-67d8a3b,NA,NA,NA,NA,NA
QV100-SASS-accel-3ff1be8-gpgpu-9d88a1c,NA,NA,NA,NA,NA
QV100-SASS-accel-879dc35-gpgpu-3364474,NA,NA,NA,NA,NA
QV100-SASS-accel-e7b698e-gpgpu-3364474,NA,NA,NA,NA,NA
QV100-SASS-accel-1688c9d-gpgpu-3364474,NA,NA,NA,NA,NA
QV100-SASS-accel-a634fe0-gpgpu-3364474,NA,NA,NA,NA,NA
QV100-SASS-accel-7a8e345-gpgpu-3364474,NA,NA,NA,NA,NA
QV100-SASS-accel-d3ba55f-gpgpu-a3c52cf,NA,NA,NA,NA,NA
QV100-SASS-accel-ec00037-gpgpu-a3c52cf,NA,NA,NA,NA,NA
QV100-SASS-accel-a619790-gpgpu-a3c52cf,NA,NA,NA,NA,NA
QV100-SASS-accel-31777f7-gpgpu-a3c52cf,NA,NA,NA,NA,NA
QV100-SASS-accel-6c06571-gpgpu-b18ee39,NA,NA,NA,NA,NA
QV100-SASS-accel-96d7923-gpgpu-b18ee39,NA,NA,NA,NA,NA
QV100-SASS-accel-ff9a5d6-gpgpu-b18ee39,NA,NA,NA,NA,NA
QV100-SASS-accel-3c96d32-gpgpu-b18ee39,NA,NA,NA,NA,NA
QV100-SASS-accel-d7f397a-gpgpu-b18ee39,NA,NA,NA,NA,NA
QV100-SASS-accel-963526a-gpgpu-b18ee39,NA,NA,NA,NA,NA
QV100-SASS-accel-55194db-gpgpu-6c3cf4f,NA,NA,NA,NA,NA
QV100-SASS-accel-b585512-gpgpu-6c3cf4f,NA,NA,NA,NA,NA
QV100-SASS-accel-bf35ab0-gpgpu-6c3cf4f,NA,NA,NA,NA,NA
QV100-SASS-accel-f0e4574-gpgpu-6c3cf4f,NA,NA,NA,NA,NA
QV100-SASS-accel-9be0e3c-gpgpu-6c3cf4f,NA,NA,NA,NA,NA
QV100-SASS-accel-1b34b87-gpgpu-6c3cf4f,NA,NA,NA,NA,NA
QV100-SASS-accel-f28591a-gpgpu-6c3cf4f,NA,NA,NA,NA,NA
QV100-SASS-accel-3016c65-gpgpu-6c3cf4f,NA,NA,NA,NA,NA
QV100-SASS-accel-0a56c96-gpgpu-15f3c31,NA,NA,NA,NA,NA
QV100-SASS-accel-6d7eb10-gpgpu-bc7bde2,NA,NA,NA,NA,NA
QV100-SASS-accel-a6ee5cb-gpgpu-bc7bde2,NA,NA,NA,NA,NA

----------------------------------------------------------------------------------------------------,,,,,
GPGPU-Sim-build,,,,,
CFG,l2_bw_32f/__tpb_1024___tpsm_1024___fast--_Z5l2_bwPmS_PfS0_jj--0,l2_bw_64f/__tpb_1024___tpsm_1024___fast--_Z5l2_bwPjS_PdS0_jj--0,mem_bw/__tpb_1024___tpsm_1024--_Z6mem_bwPfS_S_S_S_S_PjS0_j--0,shared_bw/__tpb_1024___tpsm_1024___blocks_1--_Z9shared_bwPmS_Pjj--0,AV--VG
QV100-SASS-accel-f677b74-gpgpu-deb5eb5,NA,NA,NA,NA,NA
QV100-SASS-accel-c366657-gpgpu-deb5eb5,NA,NA,NA,NA,NA
QV100-SASS-accel-a72607f-gpgpu-deb5eb5,NA,NA,NA,NA,NA
QV100-SASS-accel-4dbd5b1-gpgpu-deb5eb5,NA,NA,NA,NA,NA
QV100-SASS-accel-60ad810-gpgpu-deb5eb5,NA,NA,NA,NA,NA
QV100-SASS-accel-0ce7699-gpgpu-deb5eb5,NA,NA,NA,NA,NA
QV100-SASS-accel-6812c12-gpgpu-deb5eb5,NA,NA,NA,NA,NA
QV100-SASS-accel-31082a4-gpgpu-1ee03f0,NA,NA,NA,NA,NA
QV100-SASS-accel-28e2777-gpgpu-1ee03f0,NA,NA,NA,NA,NA
QV100-SASS-accel-10dc9a0-gpgpu-1ee03f0,NA,NA,NA,NA,NA
QV100-SASS-accel-9719269-gpgpu-c51350d,NA,NA,NA,NA,NA
QV100-SASS-accel-6b6f836-gpgpu-585dcf5,NA,NA,NA,NA,NA
QV100-SASS-accel-252e8c4-gpgpu-585dcf5,NA,NA,NA,NA,NA
QV100-SASS-accel-a4e0907-gpgpu-6c9e13d,NA,NA,NA,NA,NA
QV100-SASS-accel-fea3381-gpgpu-6ad461a,NA,NA,NA,NA,NA
QV100-SASS-accel-16c3068-gpgpu-6ad461a,NA,NA,NA,NA,NA
QV100-SASS-accel-8f124d9-gpgpu-99b5997,NA,NA,NA,NA,NA
QV100-SASS-accel-7a31963-gpgpu-84c4f46,NA,NA,NA,NA,NA
QV100-SASS-accel-a8c1d6d-gpgpu-84c4f46,NA,NA,NA,NA,NA
QV100-SASS-accel-000be7f-gpgpu-e466afb,NA,NA,NA,NA,NA
QV100-SASS-accel-1cb6168-gpgpu-d38b300,NA,NA,NA,NA,NA
QV100-SASS-accel-a9305c5-gpgpu-d38b300,NA,NA,NA,NA,NA
QV100-SASS-accel-5b93243-gpgpu-d38b300,NA,NA,NA,NA,NA
QV100-SASS-accel-5745567-gpgpu-d38b300,NA,NA,NA,NA,NA
QV100-SASS-accel-8d1cf8e-gpgpu-d38b300,NA,NA,NA,NA,NA
QV100-SASS-accel-17f819f-gpgpu-d38b300,NA,NA,NA,NA,NA
QV100-SASS-accel-2f29d2d-gpgpu-1d39b6f,NA,NA,NA,NA,NA
QV100-SASS-accel-786503a-gpgpu-13c6711,NA,NA,NA,NA,NA
QV100-SASS-accel-53584fc-gpgpu-13c6711,NA,NA,NA,NA,NA
QV100-SASS-accel-e02c99d-gpgpu-13c6711,NA,NA,NA,NA,NA
QV100-SASS-accel-bccdebb-gpgpu-13c6711,NA,NA,NA,NA,NA
QV100-SASS-accel-0f84efb-gpgpu-74cdacd,NA,NA,NA,NA,NA
QV100-SASS-accel-7feb41c-gpgpu-74cdacd,NA,NA,NA,NA,NA
QV100-SASS-accel-8f77aae-gpgpu-948c0e1,NA,NA,NA,NA,NA
QV100-SASS-accel-8f2c50f-gpgpu-6dd3bfc,NA,NA,NA,NA,NA
QV100-SASS-accel-2f19b3d-gpgpu-e033c1f,NA,NA,NA,NA,NA
QV100-SASS-accel-17e94d7-gpgpu-e033c1f,NA,NA,NA,NA,NA
QV100-SASS-accel-dc0bece-gpgpu-e033c1f,NA,NA,NA,NA,NA
QV100-SASS-accel-21f6fea-gpgpu-e033c1f,NA,NA,NA,NA,NA
QV100-SASS-accel-a88075e-gpgpu-e033c1f,NA,NA,NA,NA,NA
QV100-SASS-accel-470e82b-gpgpu-73db3f7,NA,NA,NA,NA,NA
QV100-SASS-accel-a6c1a7a-gpgpu-66ae881,NA,NA,NA,NA,NA
QV100-SASS-accel-572f6fd-gpgpu-301be9e,NA,NA,NA,NA,NA
QV100-SASS-accel-92027de-gpgpu-58beccb,NA,NA,NA,NA,NA
QV100-SASS-accel-0c80a10-gpgpu-58beccb,NA,NA,NA,NA,NA
QV100-SASS-accel-53da2df-gpgpu-a0c12f5,NA,NA,NA,NA,NA
QV100-SASS-accel-86f4430-gpgpu-a0c12f5,NA,NA,NA,NA,NA
QV100-SASS-accel-c1a12bc-gpgpu-9aeacdf,NA,NA,NA,NA,NA
QV100-SASS-accel-a1ca547-gpgpu-9aeacdf,NA,NA,NA,NA,NA
QV100-SASS-accel-a1ca547-gpgpu-67fc78c,NA,NA,NA,NA,NA
QV100-SASS-accel-_modifi-gpgpu-67fc78c,NA,NA,NA,NA,NA
QV100-SASS-accel-c5fa0e8-gpgpu-bc268aa,NA,NA,NA,NA,NA
QV100-SASS-accel-43a51f3-gpgpu-7d3ad23,NA,NA,NA,NA,NA
QV100-SASS-accel-4ac0e40-gpgpu-7d3ad23,NA,NA,NA,NA,NA
QV100-SASS-accel-efa370c-gpgpu-6b22d66,NA,NA,NA,NA,NA
QV100-SASS-accel-66ed9f2-gpgpu-6b22d66,NA,NA,NA,NA,NA
QV100-SASS-accel-b1c61bc-gpgpu-6b22d66,NA,NA,NA,NA,NA
QV100-SASS-accel-b3d9838-gpgpu-22159f1,NA,NA,NA,NA,NA
QV100-SASS-accel-3ff1be8-gpgpu-67d8a3b,NA,NA,NA,NA,NA
QV100-SASS-accel-3ff1be8-gpgpu-9d88a1c,NA,NA,NA,NA,NA
QV100-SASS-accel-879dc35-gpgpu-3364474,NA,NA,NA,NA,NA
QV100-SASS-accel-e7b698e-gpgpu-3364474,NA,NA,NA,NA,NA
QV100-SASS-accel-1688c9d-gpgpu-3364474,NA,NA,NA,NA,NA
QV100-SASS-accel-a634fe0-gpgpu-3364474,NA,NA,NA,NA,NA
QV100-SASS-accel-7a8e345-gpgpu-3364474,NA,NA,NA,NA,NA
QV100-SASS-accel-d3ba55f-gpgpu-a3c52cf,NA,NA,NA,NA,NA
QV100-SASS-accel-ec00037-gpgpu-a3c52cf,NA,NA,NA,NA,NA
QV100-SASS-accel-a619790-gpgpu-a3c52cf,NA,NA,NA,NA,NA
QV100-SASS-accel-31777f7-gpgpu-a3c52cf,NA,NA,NA,NA,NA
QV100-SASS-accel-6c06571-gpgpu-b18ee39,NA,NA,NA,NA,NA
QV100-SASS-accel-96d7923-gpgpu-b18ee39,NA,NA,NA,NA,NA
QV100-SASS-accel-ff9a5d6-gpgpu-b18ee39,NA,NA,NA,NA,NA
QV100-SASS-accel-3c96d32-gpgpu-b18ee39,NA,NA,NA,NA,NA
QV100-SASS-accel-d7f397a-gpgpu-b18ee39,NA,NA,NA,NA,NA
QV100-SASS-accel-963526a-gpgpu-b18ee39,NA,NA,NA,NA,NA
QV100-SASS-accel-55194db-gpgpu-6c3cf4f,NA,NA,NA,NA,NA
QV100-SASS-accel-b585512-gpgpu-6c3cf4f,NA,NA,NA,NA,NA
QV100-SASS-accel-bf35ab0-gpgpu-6c3cf4f,NA,NA,NA,NA,NA
QV100-SASS-accel-f0e4574-gpgpu-6c3cf4f,NA,NA,NA,NA,NA
QV100-SASS-accel-9be0e3c-gpgpu-6c3cf4f,NA,NA,NA,NA,NA
QV100-SASS-accel-1b34b87-gpgpu-6c3cf4f,NA,NA,NA,NA,NA
QV100-SASS-accel-f28591a-gpgpu-6c3cf4f,NA,NA,NA,NA,NA
QV100-SASS-accel-3016c65-gpgpu-6c3cf4f,NA,NA,NA,NA,NA
QV100-SASS-accel-0a56c96-gpgpu-15f3c31,NA,NA,NA,NA,NA
QV100-SASS-accel-6d7eb10-gpgpu-bc7bde2,NA,NA,NA,NA,NA
QV100-SASS-accel-a6ee5cb-gpgpu-bc7bde2,NA,NA,NA,NA,NA

----------------------------------------------------------------------------------------------------,,,,,
gpu_tot_sim_insn\s*=\s*(.*),,,,,
CFG,l2_bw_32f/__tpb_1024___tpsm_1024___fast--_Z5l2_bwPmS_PfS0_jj--0,l2_bw_64f/__tpb_1024___tpsm_1024___fast--_Z5l2_bwPjS_PdS0_jj--0,mem_bw/__tpb_1024___tpsm_1024--_Z6mem_bwPfS_S_S_S_S_PjS0_j--0,shared_bw/__tpb_1024___tpsm_1024___blocks_1--_Z9shared_bwPmS_Pjj--0,AV--VG
QV100-SASS-accel-f677b74-gpgpu-deb5eb5,NA,NA,NA,NA,112260174.2
QV100-SASS-accel-c366657-gpgpu-deb5eb5,NA,NA,NA,NA,112260174.2
QV100-SASS-accel-a72607f-gpgpu-deb5eb5,NA,NA,NA,NA,112260174.2
QV100-SASS-accel-4dbd5b1-gpgpu-deb5eb5,NA,NA,NA,NA,112260174.2
QV100-SASS-accel-60ad810-gpgpu-deb5eb5,NA,NA,NA,NA,112260174.2
QV100-SASS-accel-0ce7699-gpgpu-deb5eb5,NA,NA,NA,NA,42020864.0
QV100-SASS-accel-6812c12-gpgpu-deb5eb5,NA,NA,NA,NA,112260174.2
QV100-SASS-accel-31082a4-gpgpu-1ee03f0,NA,NA,NA,NA,47305973.4
QV100-SASS-accel-28e2777-gpgpu-1ee03f0,NA,NA,NA,NA,47305973.4
QV100-SASS-accel-10dc9a0-gpgpu-1ee03f0,NA,NA,NA,NA,47305973.4
QV100-SASS-accel-9719269-gpgpu-c51350d,NA,NA,NA,NA,47305973.4
QV100-SASS-accel-6b6f836-gpgpu-585dcf5,NA,NA,NA,NA,47305973.4
QV100-SASS-accel-252e8c4-gpgpu-585dcf5,NA,NA,NA,NA,47305973.4
QV100-SASS-accel-a4e0907-gpgpu-6c9e13d,NA,NA,NA,NA,38918337.5
QV100-SASS-accel-fea3381-gpgpu-6ad461a,NA,NA,NA,NA,47305973.4
QV100-SASS-accel-16c3068-gpgpu-6ad461a,NA,NA,NA,NA,47305973.4
QV100-SASS-accel-8f124d9-gpgpu-99b5997,NA,NA,NA,NA,47305973.4
QV100-SASS-accel-7a31963-gpgpu-84c4f46,NA,NA,NA,NA,47305973.4
QV100-SASS-accel-a8c1d6d-gpgpu-84c4f46,NA,NA,NA,NA,47305973.4
QV100-SASS-accel-000be7f-gpgpu-e466afb,NA,NA,NA,NA,47305973.4
QV100-SASS-accel-1cb6168-gpgpu-d38b300,NA,NA,NA,NA,47305973.4
QV100-SASS-accel-a9305c5-gpgpu-d38b300,NA,NA,NA,NA,47305973.4
QV100-SASS-accel-5b93243-gpgpu-d38b300,NA,NA,NA,NA,47305973.4
QV100-SASS-accel-5745567-gpgpu-d38b300,NA,NA,NA,NA,47305973.4
QV100-SASS-accel-8d1cf8e-gpgpu-d38b300,NA,NA,NA,NA,47305973.4
QV100-SASS-accel-17f819f-gpgpu-d38b300,NA,NA,NA,NA,47305973.4
QV100-SASS-accel-2f29d2d-gpgpu-1d39b6f,NA,NA,NA,NA,47305973.4
QV100-SASS-accel-786503a-gpgpu-13c6711,NA,NA,NA,NA,47305973.4
QV100-SASS-accel-53584fc-gpgpu-13c6711,NA,NA,NA,NA,47305973.4
QV100-SASS-accel-e02c99d-gpgpu-13c6711,NA,NA,NA,NA,47305973.4
QV100-SASS-accel-bccdebb-gpgpu-13c6711,NA,NA,NA,NA,47305973.4
QV100-SASS-accel-0f84efb-gpgpu-74cdacd,NA,NA,NA,NA,8989315.2
QV100-SASS-accel-7feb41c-gpgpu-74cdacd,NA,NA,NA,NA,47305973.4
QV100-SASS-accel-8f77aae-gpgpu-948c0e1,NA,NA,NA,NA,47305973.4
QV100-SASS-accel-8f2c50f-gpgpu-6dd3bfc,NA,NA,NA,NA,47305973.4
QV100-SASS-accel-2f19b3d-gpgpu-e033c1f,NA,NA,NA,NA,47305973.4
QV100-SASS-accel-17e94d7-gpgpu-e033c1f,NA,NA,NA,NA,47305973.4
QV100-SASS-accel-dc0bece-gpgpu-e033c1f,NA,NA,NA,NA,47305973.4
QV100-SASS-accel-21f6fea-gpgpu-e033c1f,NA,NA,NA,NA,47305973.4
QV100-SASS-accel-a88075e-gpgpu-e033c1f,NA,NA,NA,NA,47305973.4
QV100-SASS-accel-470e82b-gpgpu-73db3f7,NA,NA,NA,NA,47305973.4
QV100-SASS-accel-a6c1a7a-gpgpu-66ae881,NA,NA,NA,NA,47305973.4
QV100-SASS-accel-572f6fd-gpgpu-301be9e,NA,NA,NA,NA,47305973.4
QV100-SASS-accel-92027de-gpgpu-58beccb,NA,NA,NA,NA,47305973.4
QV100-SASS-accel-0c80a10-gpgpu-58beccb,NA,NA,NA,NA,47305973.4
QV100-SASS-accel-53da2df-gpgpu-a0c12f5,NA,NA,NA,NA,47305973.4
QV100-SASS-accel-86f4430-gpgpu-a0c12f5,NA,NA,NA,NA,47305973.4
QV100-SASS-accel-c1a12bc-gpgpu-9aeacdf,NA,NA,NA,NA,47305973.4
QV100-SASS-accel-a1ca547-gpgpu-9aeacdf,NA,NA,NA,NA,47305973.4
QV100-SASS-accel-a1ca547-gpgpu-67fc78c,NA,NA,NA,NA,47305973.4
QV100-SASS-accel-_modifi-gpgpu-67fc78c,NA,NA,NA,NA,47305973.4
QV100-SASS-accel-c5fa0e8-gpgpu-bc268aa,NA,NA,NA,NA,42391997.7
QV100-SASS-accel-43a51f3-gpgpu-7d3ad23,NA,NA,NA,NA,42391997.7
QV100-SASS-accel-4ac0e40-gpgpu-7d3ad23,NA,NA,NA,NA,42391997.7
QV100-SASS-accel-efa370c-gpgpu-6b22d66,NA,NA,NA,NA,42391997.7
QV100-SASS-accel-66ed9f2-gpgpu-6b22d66,NA,NA,NA,NA,42391997.7
QV100-SASS-accel-b1c61bc-gpgpu-6b22d66,NA,NA,NA,NA,42391997.7
QV100-SASS-accel-b3d9838-gpgpu-22159f1,NA,NA,NA,NA,42391997.7
QV100-SASS-accel-3ff1be8-gpgpu-67d8a3b,NA,NA,NA,NA,42391997.7
QV100-SASS-accel-3ff1be8-gpgpu-9d88a1c,NA,NA,NA,NA,42391997.7
QV100-SASS-accel-879dc35-gpgpu-3364474,NA,NA,NA,NA,88552112.4
QV100-SASS-accel-e7b698e-gpgpu-3364474,NA,NA,NA,NA,88552112.4
QV100-SASS-accel-1688c9d-gpgpu-3364474,NA,NA,NA,NA,88552112.4
QV100-SASS-accel-a634fe0-gpgpu-3364474,NA,NA,NA,NA,88552112.4
QV100-SASS-accel-7a8e345-gpgpu-3364474,NA,NA,NA,NA,88552112.4
QV100-SASS-accel-d3ba55f-gpgpu-a3c52cf,NA,NA,NA,NA,88552112.4
QV100-SASS-accel-ec00037-gpgpu-a3c52cf,NA,NA,NA,NA,88552112.4
QV100-SASS-accel-a619790-gpgpu-a3c52cf,NA,NA,NA,NA,88552112.4
QV100-SASS-accel-31777f7-gpgpu-a3c52cf,NA,NA,NA,NA,88552112.4
QV100-SASS-accel-6c06571-gpgpu-b18ee39,NA,NA,NA,NA,88552112.4
QV100-SASS-accel-96d7923-gpgpu-b18ee39,NA,NA,NA,NA,88552112.4
QV100-SASS-accel-ff9a5d6-gpgpu-b18ee39,NA,NA,NA,NA,88552112.4
QV100-SASS-accel-3c96d32-gpgpu-b18ee39,NA,NA,NA,NA,88552112.4
QV100-SASS-accel-d7f397a-gpgpu-b18ee39,NA,NA,NA,NA,88552112.4
QV100-SASS-accel-963526a-gpgpu-b18ee39,617054208.0,617054208.0,27754496.0,8668160.0,90342530.8
QV100-SASS-accel-55194db-gpgpu-6c3cf4f,617054208.0,617054208.0,27754496.0,8668160.0,90342530.8
QV100-SASS-accel-b585512-gpgpu-6c3cf4f,617054208.0,617054208.0,27754496.0,8668160.0,90342530.8
QV100-SASS-accel-bf35ab0-gpgpu-6c3cf4f,617054208.0,617054208.0,27754496.0,8668160.0,90342530.8
QV100-SASS-accel-f0e4574-gpgpu-6c3cf4f,617054208.0,617054208.0,27754496.0,8668160.0,90342530.8
QV100-SASS-accel-9be0e3c-gpgpu-6c3cf4f,617054208.0,617054208.0,27754496.0,8668160.0,90342530.8
QV100-SASS-accel-1b34b87-gpgpu-6c3cf4f,617054208.0,617054208.0,27754496.0,8668160.0,90342530.8
QV100-SASS-accel-f28591a-gpgpu-6c3cf4f,617054208.0,617054208.0,27754496.0,8668160.0,90342530.8
QV100-SASS-accel-3016c65-gpgpu-6c3cf4f,617054208.0,617054208.0,27754496.0,8668160.0,90342530.8
QV100-SASS-accel-0a56c96-gpgpu-15f3c31,617054208.0,617054208.0,27754496.0,8668160.0,90342530.8
QV100-SASS-accel-6d7eb10-gpgpu-bc7bde2,617054208.0,617054208.0,27754496.0,8668160.0,90342530.8
QV100-SASS-accel-a6ee5cb-gpgpu-bc7bde2,617054208.0,617054208.0,27754496.0,8668160.0,317632768.0

----------------------------------------------------------------------------------------------------,,,,,
gpgpu_simulation_time\s*=.*\(([0-9]+) sec\).*,,,,,
CFG,l2_bw_32f/__tpb_1024___tpsm_1024___fast--_Z5l2_bwPmS_PfS0_jj--0,l2_bw_64f/__tpb_1024___tpsm_1024___fast--_Z5l2_bwPjS_PdS0_jj--0,mem_bw/__tpb_1024___tpsm_1024--_Z6mem_bwPfS_S_S_S_S_PjS0_j--0,shared_bw/__tpb_1024___tpsm_1024___blocks_1--_Z9shared_bwPmS_Pjj--0,AV--VG
QV100-SASS-accel-f677b74-gpgpu-deb5eb5,NA,NA,NA,NA,2255.6
QV100-SASS-accel-c366657-gpgpu-deb5eb5,NA,NA,NA,NA,3241.4
QV100-SASS-accel-a72607f-gpgpu-deb5eb5,NA,NA,NA,NA,2912.4
QV100-SASS-accel-4dbd5b1-gpgpu-deb5eb5,NA,NA,NA,NA,2530.4
QV100-SASS-accel-60ad810-gpgpu-deb5eb5,NA,NA,NA,NA,2833.5
QV100-SASS-accel-0ce7699-gpgpu-deb5eb5,NA,NA,NA,NA,695.0
QV100-SASS-accel-6812c12-gpgpu-deb5eb5,NA,NA,NA,NA,2681.1
QV100-SASS-accel-31082a4-gpgpu-1ee03f0,NA,NA,NA,NA,1805.6
QV100-SASS-accel-28e2777-gpgpu-1ee03f0,NA,NA,NA,NA,1577.6
QV100-SASS-accel-10dc9a0-gpgpu-1ee03f0,NA,NA,NA,NA,1645.7
QV100-SASS-accel-9719269-gpgpu-c51350d,NA,NA,NA,NA,1671.7
QV100-SASS-accel-6b6f836-gpgpu-585dcf5,NA,NA,NA,NA,1939.3
QV100-SASS-accel-252e8c4-gpgpu-585dcf5,NA,NA,NA,NA,1722.7
QV100-SASS-accel-a4e0907-gpgpu-6c9e13d,NA,NA,NA,NA,1471.7
QV100-SASS-accel-fea3381-gpgpu-6ad461a,NA,NA,NA,NA,1864.8
QV100-SASS-accel-16c3068-gpgpu-6ad461a,NA,NA,NA,NA,1606.6
QV100-SASS-accel-8f124d9-gpgpu-99b5997,NA,NA,NA,NA,1613.9
QV100-SASS-accel-7a31963-gpgpu-84c4f46,NA,NA,NA,NA,1452.4
QV100-SASS-accel-a8c1d6d-gpgpu-84c4f46,NA,NA,NA,NA,2235.2
QV100-SASS-accel-000be7f-gpgpu-e466afb,NA,NA,NA,NA,1734.2
QV100-SASS-accel-1cb6168-gpgpu-d38b300,NA,NA,NA,NA,2036.7
QV100-SASS-accel-a9305c5-gpgpu-d38b300,NA,NA,NA,NA,2047.2
QV100-SASS-accel-5b93243-gpgpu-d38b300,NA,NA,NA,NA,2307.8
QV100-SASS-accel-5745567-gpgpu-d38b300,NA,NA,NA,NA,2355.6
QV100-SASS-accel-8d1cf8e-gpgpu-d38b300,NA,NA,NA,NA,1941.6
QV100-SASS-accel-17f819f-gpgpu-d38b300,NA,NA,NA,NA,2126.9
QV100-SASS-accel-2f29d2d-gpgpu-1d39b6f,NA,NA,NA,NA,1897.7
QV100-SASS-accel-786503a-gpgpu-13c6711,NA,NA,NA,NA,1770.1
QV100-SASS-accel-53584fc-gpgpu-13c6711,NA,NA,NA,NA,1655.5
QV100-SASS-accel-e02c99d-gpgpu-13c6711,NA,NA,NA,NA,1642.6
QV100-SASS-accel-bccdebb-gpgpu-13c6711,NA,NA,NA,NA,1738.4
QV100-SASS-accel-0f84efb-gpgpu-74cdacd,NA,NA,NA,NA,944.0
QV100-SASS-accel-7feb41c-gpgpu-74cdacd,NA,NA,NA,NA,1657.9
QV100-SASS-accel-8f77aae-gpgpu-948c0e1,NA,NA,NA,NA,2398.1
QV100-SASS-accel-8f2c50f-gpgpu-6dd3bfc,NA,NA,NA,NA,1985.1
QV100-SASS-accel-2f19b3d-gpgpu-e033c1f,NA,NA,NA,NA,1980.4
QV100-SASS-accel-17e94d7-gpgpu-e033c1f,NA,NA,NA,NA,1903.7
QV100-SASS-accel-dc0bece-gpgpu-e033c1f,NA,NA,NA,NA,2165.2
QV100-SASS-accel-21f6fea-gpgpu-e033c1f,NA,NA,NA,NA,1946.1
QV100-SASS-accel-a88075e-gpgpu-e033c1f,NA,NA,NA,NA,1888.1
QV100-SASS-accel-470e82b-gpgpu-73db3f7,NA,NA,NA,NA,1918.8
QV100-SASS-accel-a6c1a7a-gpgpu-66ae881,NA,NA,NA,NA,2095.7
QV100-SASS-accel-572f6fd-gpgpu-301be9e,NA,NA,NA,NA,1585.6
QV100-SASS-accel-92027de-gpgpu-58beccb,NA,NA,NA,NA,1689.6
QV100-SASS-accel-0c80a10-gpgpu-58beccb,NA,NA,NA,NA,2053.0
QV100-SASS-accel-53da2df-gpgpu-a0c12f5,NA,NA,NA,NA,1873.4
QV100-SASS-accel-86f4430-gpgpu-a0c12f5,NA,NA,NA,NA,1622.4
QV100-SASS-accel-c1a12bc-gpgpu-9aeacdf,NA,NA,NA,NA,2272.2
QV100-SASS-accel-a1ca547-gpgpu-9aeacdf,NA,NA,NA,NA,1783.0
QV100-SASS-accel-a1ca547-gpgpu-67fc78c,NA,NA,NA,NA,1646.9
QV100-SASS-accel-_modifi-gpgpu-67fc78c,NA,NA,NA,NA,2256.7
QV100-SASS-accel-c5fa0e8-gpgpu-bc268aa,NA,NA,NA,NA,510.7
QV100-SASS-accel-43a51f3-gpgpu-7d3ad23,NA,NA,NA,NA,659.7
QV100-SASS-accel-4ac0e40-gpgpu-7d3ad23,NA,NA,NA,NA,510.9
QV100-SASS-accel-efa370c-gpgpu-6b22d66,NA,NA,NA,NA,419.1
QV100-SASS-accel-66ed9f2-gpgpu-6b22d66,NA,NA,NA,NA,545.2
QV100-SASS-accel-b1c61bc-gpgpu-6b22d66,NA,NA,NA,NA,747.4
QV100-SASS-accel-b3d9838-gpgpu-22159f1,NA,NA,NA,NA,539.1
QV100-SASS-accel-3ff1be8-gpgpu-67d8a3b,NA,NA,NA,NA,578.6
QV100-SASS-accel-3ff1be8-gpgpu-9d88a1c,NA,NA,NA,NA,496.2
QV100-SASS-accel-879dc35-gpgpu-3364474,NA,NA,NA,NA,793.9
QV100-SASS-accel-e7b698e-gpgpu-3364474,NA,NA,NA,NA,951.3
QV100-SASS-accel-1688c9d-gpgpu-3364474,NA,NA,NA,NA,782.5
QV100-SASS-accel-a634fe0-gpgpu-3364474,NA,NA,NA,NA,728.1
QV100-SASS-accel-7a8e345-gpgpu-3364474,NA,NA,NA,NA,810.7
QV100-SASS-accel-d3ba55f-gpgpu-a3c52cf,NA,NA,NA,NA,476.0
QV100-SASS-accel-ec00037-gpgpu-a3c52cf,NA,NA,NA,NA,493.7
QV100-SASS-accel-a619790-gpgpu-a3c52cf,NA,NA,NA,NA,474.8
QV100-SASS-accel-31777f7-gpgpu-a3c52cf,NA,NA,NA,NA,530.1
QV100-SASS-accel-6c06571-gpgpu-b18ee39,NA,NA,NA,NA,585.2
QV100-SASS-accel-96d7923-gpgpu-b18ee39,NA,NA,NA,NA,477.5
QV100-SASS-accel-ff9a5d6-gpgpu-b18ee39,NA,NA,NA,NA,651.1
QV100-SASS-accel-3c96d32-gpgpu-b18ee39,NA,NA,NA,NA,3011.3
QV100-SASS-accel-d7f397a-gpgpu-b18ee39,NA,NA,NA,NA,704.8
QV100-SASS-accel-963526a-gpgpu-b18ee39,1579.0,2365.0,790.0,26.0,402.4
QV100-SASS-accel-55194db-gpgpu-6c3cf4f,1962.0,2985.0,1093.0,40.0,518.2
QV100-SASS-accel-b585512-gpgpu-6c3cf4f,2787.0,4199.0,1450.0,40.0,674.5
QV100-SASS-accel-bf35ab0-gpgpu-6c3cf4f,1584.0,2751.0,907.0,42.0,479.5
QV100-SASS-accel-f0e4574-gpgpu-6c3cf4f,1688.0,2735.0,1050.0,43.0,506.3
QV100-SASS-accel-9be0e3c-gpgpu-6c3cf4f,2288.0,4479.0,1068.0,46.0,649.8
QV100-SASS-accel-1b34b87-gpgpu-6c3cf4f,3280.0,5392.0,1193.0,42.0,738.6
QV100-SASS-accel-f28591a-gpgpu-6c3cf4f,2053.0,2884.0,1059.0,42.0,508.1
QV100-SASS-accel-3016c65-gpgpu-6c3cf4f,3766.0,6635.0,1555.0,36.0,858.4
QV100-SASS-accel-0a56c96-gpgpu-15f3c31,4867.0,9281.0,1363.0,40.0,1071.3
QV100-SASS-accel-6d7eb10-gpgpu-bc7bde2,3449.0,5485.0,1313.0,42.0,759.0
QV100-SASS-accel-a6ee5cb-gpgpu-bc7bde2,4582.0,7139.0,1810.0,29.0,3390.0

----------------------------------------------------------------------------------------------------,,,,,
gpu_tot_sim_cycle\s*=\s*(.*),,,,,
CFG,l2_bw_32f/__tpb_1024___tpsm_1024___fast--_Z5l2_bwPmS_PfS0_jj--0,l2_bw_64f/__tpb_1024___tpsm_1024___fast--_Z5l2_bwPjS_PdS0_jj--0,mem_bw/__tpb_1024___tpsm_1024--_Z6mem_bwPfS_S_S_S_S_PjS0_j--0,shared_bw/__tpb_1024___tpsm_1024___blocks_1--_Z9shared_bwPmS_Pjj--0,AV--VG
QV100-SASS-accel-f677b74-gpgpu-deb5eb5,NA,NA,NA,NA,1422295.8
QV100-SASS-accel-c366657-gpgpu-deb5eb5,NA,NA,NA,NA,1420632.6
QV100-SASS-accel-a72607f-gpgpu-deb5eb5,NA,NA,NA,NA,1422368.3
QV100-SASS-accel-4dbd5b1-gpgpu-deb5eb5,NA,NA,NA,NA,1422368.3
QV100-SASS-accel-60ad810-gpgpu-deb5eb5,NA,NA,NA,NA,1422368.3
QV100-SASS-accel-0ce7699-gpgpu-deb5eb5,NA,NA,NA,NA,551043.0
QV100-SASS-accel-6812c12-gpgpu-deb5eb5,NA,NA,NA,NA,1422295.8
QV100-SASS-accel-31082a4-gpgpu-1ee03f0,NA,NA,NA,NA,1254276.7
QV100-SASS-accel-28e2777-gpgpu-1ee03f0,NA,NA,NA,NA,1254251.8
QV100-SASS-accel-10dc9a0-gpgpu-1ee03f0,NA,NA,NA,NA,1254251.8
QV100-SASS-accel-9719269-gpgpu-c51350d,NA,NA,NA,NA,1254251.8
QV100-SASS-accel-6b6f836-gpgpu-585dcf5,NA,NA,NA,NA,1268834.6
QV100-SASS-accel-252e8c4-gpgpu-585dcf5,NA,NA,NA,NA,1268834.6
QV100-SASS-accel-a4e0907-gpgpu-6c9e13d,NA,NA,NA,NA,1038670.9
QV100-SASS-accel-fea3381-gpgpu-6ad461a,NA,NA,NA,NA,1280288.8
QV100-SASS-accel-16c3068-gpgpu-6ad461a,NA,NA,NA,NA,1280288.8
QV100-SASS-accel-8f124d9-gpgpu-99b5997,NA,NA,NA,NA,1185326.3
QV100-SASS-accel-7a31963-gpgpu-84c4f46,NA,NA,NA,NA,1185326.3
QV100-SASS-accel-a8c1d6d-gpgpu-84c4f46,NA,NA,NA,NA,1185326.3
QV100-SASS-accel-000be7f-gpgpu-e466afb,NA,NA,NA,NA,1194301.2
QV100-SASS-accel-1cb6168-gpgpu-d38b300,NA,NA,NA,NA,1196188.5
QV100-SASS-accel-a9305c5-gpgpu-d38b300,NA,NA,NA,NA,1196188.5
QV100-SASS-accel-5b93243-gpgpu-d38b300,NA,NA,NA,NA,1196188.5
QV100-SASS-accel-5745567-gpgpu-d38b300,NA,NA,NA,NA,1196188.5
QV100-SASS-accel-8d1cf8e-gpgpu-d38b300,NA,NA,NA,NA,1196188.5
QV100-SASS-accel-17f819f-gpgpu-d38b300,NA,NA,NA,NA,1196188.5
QV100-SASS-accel-2f29d2d-gpgpu-1d39b6f,NA,NA,NA,NA,1193034.0
QV100-SASS-accel-786503a-gpgpu-13c6711,NA,NA,NA,NA,1192722.1
QV100-SASS-accel-53584fc-gpgpu-13c6711,NA,NA,NA,NA,1192722.1
QV100-SASS-accel-e02c99d-gpgpu-13c6711,NA,NA,NA,NA,1192722.1
QV100-SASS-accel-bccdebb-gpgpu-13c6711,NA,NA,NA,NA,1192908.5
QV100-SASS-accel-0f84efb-gpgpu-74cdacd,NA,NA,NA,NA,783240.8
QV100-SASS-accel-7feb41c-gpgpu-74cdacd,NA,NA,NA,NA,1192908.5
QV100-SASS-accel-8f77aae-gpgpu-948c0e1,NA,NA,NA,NA,1192908.5
QV100-SASS-accel-8f2c50f-gpgpu-6dd3bfc,NA,NA,NA,NA,1192908.5
QV100-SASS-accel-2f19b3d-gpgpu-e033c1f,NA,NA,NA,NA,1192908.5
QV100-SASS-accel-17e94d7-gpgpu-e033c1f,NA,NA,NA,NA,1192908.5
QV100-SASS-accel-dc0bece-gpgpu-e033c1f,NA,NA,NA,NA,1192908.5
QV100-SASS-accel-21f6fea-gpgpu-e033c1f,NA,NA,NA,NA,1192415.6
QV100-SASS-accel-a88075e-gpgpu-e033c1f,NA,NA,NA,NA,1191598.9
QV100-SASS-accel-470e82b-gpgpu-73db3f7,NA,NA,NA,NA,1191598.9
QV100-SASS-accel-a6c1a7a-gpgpu-66ae881,NA,NA,NA,NA,1182392.1
QV100-SASS-accel-572f6fd-gpgpu-301be9e,NA,NA,NA,NA,1182392.1
QV100-SASS-accel-92027de-gpgpu-58beccb,NA,NA,NA,NA,1182392.1
QV100-SASS-accel-0c80a10-gpgpu-58beccb,NA,NA,NA,NA,1182392.1
QV100-SASS-accel-53da2df-gpgpu-a0c12f5,NA,NA,NA,NA,1182392.1
QV100-SASS-accel-86f4430-gpgpu-a0c12f5,NA,NA,NA,NA,1182392.1
QV100-SASS-accel-c1a12bc-gpgpu-9aeacdf,NA,NA,NA,NA,1182392.1
QV100-SASS-accel-a1ca547-gpgpu-9aeacdf,NA,NA,NA,NA,1182392.1
QV100-SASS-accel-a1ca547-gpgpu-67fc78c,NA,NA,NA,NA,1182392.1
QV100-SASS-accel-_modifi-gpgpu-67fc78c,NA,NA,NA,NA,1182392.1
QV100-SASS-accel-c5fa0e8-gpgpu-bc268aa,NA,NA,NA,NA,1049946.6
QV100-SASS-accel-43a51f3-gpgpu-7d3ad23,NA,NA,NA,NA,1049946.6
QV100-SASS-accel-4ac0e40-gpgpu-7d3ad23,NA,NA,NA,NA,1049946.6
QV100-SASS-accel-efa370c-gpgpu-6b22d66,NA,NA,NA,NA,1049946.6
QV100-SASS-accel-66ed9f2-gpgpu-6b22d66,NA,NA,NA,NA,1049946.6
QV100-SASS-accel-b1c61bc-gpgpu-6b22d66,NA,NA,NA,NA,1049946.6
QV100-SASS-accel-b3d9838-gpgpu-22159f1,NA,NA,NA,NA,1049946.6
QV100-SASS-accel-3ff1be8-gpgpu-67d8a3b,NA,NA,NA,NA,1049946.6
QV100-SASS-accel-3ff1be8-gpgpu-9d88a1c,NA,NA,NA,NA,1049946.6
QV100-SASS-accel-879dc35-gpgpu-3364474,NA,NA,NA,NA,731069.0
QV100-SASS-accel-e7b698e-gpgpu-3364474,NA,NA,NA,NA,731069.0
QV100-SASS-accel-1688c9d-gpgpu-3364474,NA,NA,NA,NA,731069.0
QV100-SASS-accel-a634fe0-gpgpu-3364474,NA,NA,NA,NA,731069.0
QV100-SASS-accel-7a8e345-gpgpu-3364474,NA,NA,NA,NA,731069.0
QV100-SASS-accel-d3ba55f-gpgpu-a3c52cf,NA,NA,NA,NA,730988.4
QV100-SASS-accel-ec00037-gpgpu-a3c52cf,NA,NA,NA,NA,730988.4
QV100-SASS-accel-a619790-gpgpu-a3c52cf,NA,NA,NA,NA,730988.4
QV100-SASS-accel-31777f7-gpgpu-a3c52cf,NA,NA,NA,NA,730988.4
QV100-SASS-accel-6c06571-gpgpu-b18ee39,NA,NA,NA,NA,730988.4
QV100-SASS-accel-96d7923-gpgpu-b18ee39,NA,NA,NA,NA,730988.4
QV100-SASS-accel-ff9a5d6-gpgpu-b18ee39,NA,NA,NA,NA,730988.4
QV100-SASS-accel-3c96d32-gpgpu-b18ee39,NA,NA,NA,NA,730988.4
QV100-SASS-accel-d7f397a-gpgpu-b18ee39,NA,NA,NA,NA,730988.4
QV100-SASS-accel-963526a-gpgpu-b18ee39,300436.0,590949.0,146299.0,150771.0,849654.9
QV100-SASS-accel-55194db-gpgpu-6c3cf4f,300436.0,590949.0,146299.0,150771.0,849654.9
QV100-SASS-accel-b585512-gpgpu-6c3cf4f,300436.0,590949.0,146299.0,150771.0,849654.9
QV100-SASS-accel-bf35ab0-gpgpu-6c3cf4f,300436.0,590949.0,146299.0,150771.0,849654.9
QV100-SASS-accel-f0e4574-gpgpu-6c3cf4f,300436.0,590949.0,146299.0,150771.0,849654.9
QV100-SASS-accel-9be0e3c-gpgpu-6c3cf4f,300436.0,590949.0,146299.0,150771.0,849654.9
QV100-SASS-accel-1b34b87-gpgpu-6c3cf4f,300436.0,590949.0,146299.0,150771.0,849654.9
QV100-SASS-accel-f28591a-gpgpu-6c3cf4f,300436.0,590949.0,146299.0,150771.0,849654.9
QV100-SASS-accel-3016c65-gpgpu-6c3cf4f,300436.0,590949.0,146299.0,150771.0,849654.9
QV100-SASS-accel-0a56c96-gpgpu-15f3c31,299387.0,594798.0,146299.0,150771.0,847292.3
QV100-SASS-accel-6d7eb10-gpgpu-bc7bde2,299387.0,594798.0,146299.0,150771.0,847292.3
QV100-SASS-accel-a6ee5cb-gpgpu-bc7bde2,299387.0,594798.0,146299.0,150771.0,297813.8

----------------------------------------------------------------------------------------------------,,,,,
\s+L2_cache_stats_breakdown\[GLOBAL_ACC_R\]\[HIT\]\s*=\s*(.*),,,,,
CFG,l2_bw_32f/__tpb_1024___tpsm_1024___fast--_Z5l2_bwPmS_PfS0_jj--0,l2_bw_64f/__tpb_1024___tpsm_1024___fast--_Z5l2_bwPjS_PdS0_jj--0,mem_bw/__tpb_1024___tpsm_1024--_Z6mem_bwPfS_S_S_S_S_PjS0_j--0,shared_bw/__tpb_1024___tpsm_1024___blocks_1--_Z9shared_bwPmS_Pjj--0,AV--VG
QV100-SASS-accel-f677b74-gpgpu-deb5eb5,NA,NA,NA,NA,7870512.1
QV100-SASS-accel-c366657-gpgpu-deb5eb5,NA,NA,NA,NA,7869567.3
QV100-SASS-accel-a72607f-gpgpu-deb5eb5,NA,NA,NA,NA,7870512.1
QV100-SASS-accel-4dbd5b1-gpgpu-deb5eb5,NA,NA,NA,NA,7870512.1
QV100-SASS-accel-60ad810-gpgpu-deb5eb5,NA,NA,NA,NA,7870512.1
QV100-SASS-accel-0ce7699-gpgpu-deb5eb5,NA,NA,NA,NA,0.0
QV100-SASS-accel-6812c12-gpgpu-deb5eb5,NA,NA,NA,NA,7870512.1
QV100-SASS-accel-31082a4-gpgpu-1ee03f0,NA,NA,NA,NA,1970759.1
QV100-SASS-accel-28e2777-gpgpu-1ee03f0,NA,NA,NA,NA,1970759.1
QV100-SASS-accel-10dc9a0-gpgpu-1ee03f0,NA,NA,NA,NA,1970759.1
QV100-SASS-accel-9719269-gpgpu-c51350d,NA,NA,NA,NA,1970759.1
QV100-SASS-accel-6b6f836-gpgpu-585dcf5,NA,NA,NA,NA,1970378.8
QV100-SASS-accel-252e8c4-gpgpu-585dcf5,NA,NA,NA,NA,1970378.8
QV100-SASS-accel-a4e0907-gpgpu-6c9e13d,NA,NA,NA,NA,2102575.3
QV100-SASS-accel-fea3381-gpgpu-6ad461a,NA,NA,NA,NA,1971164.3
QV100-SASS-accel-16c3068-gpgpu-6ad461a,NA,NA,NA,NA,1971164.3
QV100-SASS-accel-8f124d9-gpgpu-99b5997,NA,NA,NA,NA,1969431.1
QV100-SASS-accel-7a31963-gpgpu-84c4f46,NA,NA,NA,NA,1969431.1
QV100-SASS-accel-a8c1d6d-gpgpu-84c4f46,NA,NA,NA,NA,1969431.1
QV100-SASS-accel-000be7f-gpgpu-e466afb,NA,NA,NA,NA,1969433.8
QV100-SASS-accel-1cb6168-gpgpu-d38b300,NA,NA,NA,NA,1969427.8
QV100-SASS-accel-a9305c5-gpgpu-d38b300,NA,NA,NA,NA,1969427.8
QV100-SASS-accel-5b93243-gpgpu-d38b300,NA,NA,NA,NA,1969427.8
QV100-SASS-accel-5745567-gpgpu-d38b300,NA,NA,NA,NA,1969427.8
QV100-SASS-accel-8d1cf8e-gpgpu-d38b300,NA,NA,NA,NA,1969427.8
QV100-SASS-accel-17f819f-gpgpu-d38b300,NA,NA,NA,NA,1969427.8
QV100-SASS-accel-2f29d2d-gpgpu-1d39b6f,NA,NA,NA,NA,1969430.3
QV100-SASS-accel-786503a-gpgpu-13c6711,NA,NA,NA,NA,1969459.3
QV100-SASS-accel-53584fc-gpgpu-13c6711,NA,NA,NA,NA,1969459.3
QV100-SASS-accel-e02c99d-gpgpu-13c6711,NA,NA,NA,NA,1969459.3
QV100-SASS-accel-bccdebb-gpgpu-13c6711,NA,NA,NA,NA,1969465.2
QV100-SASS-accel-0f84efb-gpgpu-74cdacd,NA,NA,NA,NA,0.0
QV100-SASS-accel-7feb41c-gpgpu-74cdacd,NA,NA,NA,NA,1969465.2
QV100-SASS-accel-8f77aae-gpgpu-948c0e1,NA,NA,NA,NA,1969465.2
QV100-SASS-accel-8f2c50f-gpgpu-6dd3bfc,NA,NA,NA,NA,1969465.2
QV100-SASS-accel-2f19b3d-gpgpu-e033c1f,NA,NA,NA,NA,1969465.2
QV100-SASS-accel-17e94d7-gpgpu-e033c1f,NA,NA,NA,NA,1969465.2
QV100-SASS-accel-dc0bece-gpgpu-e033c1f,NA,NA,NA,NA,1969465.2
QV100-SASS-accel-21f6fea-gpgpu-e033c1f,NA,NA,NA,NA,1969464.6
QV100-SASS-accel-a88075e-gpgpu-e033c1f,NA,NA,NA,NA,1969467.6
QV100-SASS-accel-470e82b-gpgpu-73db3f7,NA,NA,NA,NA,1969467.6
QV100-SASS-accel-a6c1a7a-gpgpu-66ae881,NA,NA,NA,NA,1969467.4
QV100-SASS-accel-572f6fd-gpgpu-301be9e,NA,NA,NA,NA,1969467.4
QV100-SASS-accel-92027de-gpgpu-58beccb,NA,NA,NA,NA,1969467.4
QV100-SASS-accel-0c80a10-gpgpu-58beccb,NA,NA,NA,NA,1969467.4
QV100-SASS-accel-53da2df-gpgpu-a0c12f5,NA,NA,NA,NA,1969467.4
QV100-SASS-accel-86f4430-gpgpu-a0c12f5,NA,NA,NA,NA,1969467.4
QV100-SASS-accel-c1a12bc-gpgpu-9aeacdf,NA,NA,NA,NA,1969467.4
QV100-SASS-accel-a1ca547-gpgpu-9aeacdf,NA,NA,NA,NA,1969467.4
QV100-SASS-accel-a1ca547-gpgpu-67fc78c,NA,NA,NA,NA,1969467.4
QV100-SASS-accel-_modifi-gpgpu-67fc78c,NA,NA,NA,NA,1969467.4
QV100-SASS-accel-c5fa0e8-gpgpu-bc268aa,NA,NA,NA,NA,1750636.3
QV100-SASS-accel-43a51f3-gpgpu-7d3ad23,NA,NA,NA,NA,1750636.3
QV100-SASS-accel-4ac0e40-gpgpu-7d3ad23,NA,NA,NA,NA,1750636.3
QV100-SASS-accel-efa370c-gpgpu-6b22d66,NA,NA,NA,NA,1750636.3
QV100-SASS-accel-66ed9f2-gpgpu-6b22d66,NA,NA,NA,NA,1750636.3
QV100-SASS-accel-b1c61bc-gpgpu-6b22d66,NA,NA,NA,NA,1750636.3
QV100-SASS-accel-b3d9838-gpgpu-22159f1,NA,NA,NA,NA,1750636.3
QV100-SASS-accel-3ff1be8-gpgpu-67d8a3b,NA,NA,NA,NA,1750636.3
QV100-SASS-accel-3ff1be8-gpgpu-9d88a1c,NA,NA,NA,NA,1750636.3
QV100-SASS-accel-879dc35-gpgpu-3364474,NA,NA,NA,NA,1853326.9
QV100-SASS-accel-e7b698e-gpgpu-3364474,NA,NA,NA,NA,1853326.9
QV100-SASS-accel-1688c9d-gpgpu-3364474,NA,NA,NA,NA,1853326.9
QV100-SASS-accel-a634fe0-gpgpu-3364474,NA,NA,NA,NA,1853326.9
QV100-SASS-accel-7a8e345-gpgpu-3364474,NA,NA,NA,NA,1853326.9
QV100-SASS-accel-d3ba55f-gpgpu-a3c52cf,NA,NA,NA,NA,1853326.9
QV100-SASS-accel-ec00037-gpgpu-a3c52cf,NA,NA,NA,NA,1853326.9
QV100-SASS-accel-a619790-gpgpu-a3c52cf,NA,NA,NA,NA,1853326.9
QV100-SASS-accel-31777f7-gpgpu-a3c52cf,NA,NA,NA,NA,1853326.9
QV100-SASS-accel-6c06571-gpgpu-b18ee39,NA,NA,NA,NA,1853326.9
QV100-SASS-accel-96d7923-gpgpu-b18ee39,NA,NA,NA,NA,1853326.9
QV100-SASS-accel-ff9a5d6-gpgpu-b18ee39,NA,NA,NA,NA,1853326.9
QV100-SASS-accel-3c96d32-gpgpu-b18ee39,NA,NA,NA,NA,1853326.9
QV100-SASS-accel-d7f397a-gpgpu-b18ee39,NA,NA,NA,NA,1853326.9
QV100-SASS-accel-963526a-gpgpu-b18ee39,10485760.0,20971520.0,0.0,0.0,1852355.8
QV100-SASS-accel-55194db-gpgpu-6c3cf4f,10485760.0,20971520.0,0.0,0.0,1852355.8
QV100-SASS-accel-b585512-gpgpu-6c3cf4f,10485760.0,20971520.0,0.0,0.0,1852355.8
QV100-SASS-accel-bf35ab0-gpgpu-6c3cf4f,10485760.0,20971520.0,0.0,0.0,1852355.8
QV100-SASS-accel-f0e4574-gpgpu-6c3cf4f,10485760.0,20971520.0,0.0,0.0,1852355.8
QV100-SASS-accel-9be0e3c-gpgpu-6c3cf4f,10485760.0,20971520.0,0.0,0.0,1852355.8
QV100-SASS-accel-1b34b87-gpgpu-6c3cf4f,10485760.0,20971520.0,0.0,0.0,1852355.8
QV100-SASS-accel-f28591a-gpgpu-6c3cf4f,10485760.0,20971520.0,0.0,0.0,1852355.8
QV100-SASS-accel-3016c65-gpgpu-6c3cf4f,10485760.0,20971520.0,0.0,0.0,1852355.8
QV100-SASS-accel-0a56c96-gpgpu-15f3c31,10508288.0,21016576.0,0.0,0.0,1860811.4
QV100-SASS-accel-6d7eb10-gpgpu-bc7bde2,10508288.0,21016576.0,0.0,0.0,1860811.4
QV100-SASS-accel-a6ee5cb-gpgpu-bc7bde2,10508288.0,21016576.0,0.0,0.0,7881216.0

----------------------------------------------------------------------------------------------------,,,,,
\s+L2_cache_stats_breakdown\[GLOBAL_ACC_R\]\[TOTAL_ACCESS\]\s*=\s*(.*),,,,,
CFG,l2_bw_32f/__tpb_1024___tpsm_1024___fast--_Z5l2_bwPmS_PfS0_jj--0,l2_bw_64f/__tpb_1024___tpsm_1024___fast--_Z5l2_bwPjS_PdS0_jj--0,mem_bw/__tpb_1024___tpsm_1024--_Z6mem_bwPfS_S_S_S_S_PjS0_j--0,shared_bw/__tpb_1024___tpsm_1024___blocks_1--_Z9shared_bwPmS_Pjj--0,AV--VG
QV100-SASS-accel-f677b74-gpgpu-deb5eb5,NA,NA,NA,NA,9377933.3
QV100-SASS-accel-c366657-gpgpu-deb5eb5,NA,NA,NA,NA,9376853.6
QV100-SASS-accel-a72607f-gpgpu-deb5eb5,NA,NA,NA,NA,9377933.3
QV100-SASS-accel-4dbd5b1-gpgpu-deb5eb5,NA,NA,NA,NA,9377933.3
QV100-SASS-accel-60ad810-gpgpu-deb5eb5,NA,NA,NA,NA,9377933.3
QV100-SASS-accel-0ce7699-gpgpu-deb5eb5,NA,NA,NA,NA,2048.0
QV100-SASS-accel-6812c12-gpgpu-deb5eb5,NA,NA,NA,NA,9377933.3
QV100-SASS-accel-31082a4-gpgpu-1ee03f0,NA,NA,NA,NA,2634004.7
QV100-SASS-accel-28e2777-gpgpu-1ee03f0,NA,NA,NA,NA,2634004.7
QV100-SASS-accel-10dc9a0-gpgpu-1ee03f0,NA,NA,NA,NA,2634004.7
QV100-SASS-accel-9719269-gpgpu-c51350d,NA,NA,NA,NA,2634004.7
QV100-SASS-accel-6b6f836-gpgpu-585dcf5,NA,NA,NA,NA,2633577.0
QV100-SASS-accel-252e8c4-gpgpu-585dcf5,NA,NA,NA,NA,2633577.0
QV100-SASS-accel-a4e0907-gpgpu-6c9e13d,NA,NA,NA,NA,2634469.3
QV100-SASS-accel-fea3381-gpgpu-6ad461a,NA,NA,NA,NA,2634469.3
QV100-SASS-accel-16c3068-gpgpu-6ad461a,NA,NA,NA,NA,2634469.3
QV100-SASS-accel-8f124d9-gpgpu-99b5997,NA,NA,NA,NA,3070849.5
QV100-SASS-accel-7a31963-gpgpu-84c4f46,NA,NA,NA,NA,3070849.5
QV100-SASS-accel-a8c1d6d-gpgpu-84c4f46,NA,NA,NA,NA,3070849.5
QV100-SASS-accel-000be7f-gpgpu-e466afb,NA,NA,NA,NA,3070849.5
QV100-SASS-accel-1cb6168-gpgpu-d38b300,NA,NA,NA,NA,3070849.5
QV100-SASS-accel-a9305c5-gpgpu-d38b300,NA,NA,NA,NA,3070849.5
QV100-SASS-accel-5b93243-gpgpu-d38b300,NA,NA,NA,NA,3070849.5
QV100-SASS-accel-5745567-gpgpu-d38b300,NA,NA,NA,NA,3070849.5
QV100-SASS-accel-8d1cf8e-gpgpu-d38b300,NA,NA,NA,NA,3070849.5
QV100-SASS-accel-17f819f-gpgpu-d38b300,NA,NA,NA,NA,3070849.5
QV100-SASS-accel-2f29d2d-gpgpu-1d39b6f,NA,NA,NA,NA,3070849.5
QV100-SASS-accel-786503a-gpgpu-13c6711,NA,NA,NA,NA,3070849.5
QV100-SASS-accel-53584fc-gpgpu-13c6711,NA,NA,NA,NA,3070849.5
QV100-SASS-accel-e02c99d-gpgpu-13c6711,NA,NA,NA,NA,3070849.5
QV100-SASS-accel-bccdebb-gpgpu-13c6711,NA,NA,NA,NA,3070849.5
QV100-SASS-accel-0f84efb-gpgpu-74cdacd,NA,NA,NA,NA,2054.7
QV100-SASS-accel-7feb41c-gpgpu-74cdacd,NA,NA,NA,NA,3070849.5
QV100-SASS-accel-8f77aae-gpgpu-948c0e1,NA,NA,NA,NA,3070849.5
QV100-SASS-accel-8f2c50f-gpgpu-6dd3bfc,NA,NA,NA,NA,3070849.5
QV100-SASS-accel-2f19b3d-gpgpu-e033c1f,NA,NA,NA,NA,3070849.5
QV100-SASS-accel-17e94d7-gpgpu-e033c1f,NA,NA,NA,NA,3070849.5
QV100-SASS-accel-dc0bece-gpgpu-e033c1f,NA,NA,NA,NA,3070849.5
QV100-SASS-accel-21f6fea-gpgpu-e033c1f,NA,NA,NA,NA,3070849.5
QV100-SASS-accel-a88075e-gpgpu-e033c1f,NA,NA,NA,NA,3070849.5
QV100-SASS-accel-470e82b-gpgpu-73db3f7,NA,NA,NA,NA,3070849.5
QV100-SASS-accel-a6c1a7a-gpgpu-66ae881,NA,NA,NA,NA,3070849.5
QV100-SASS-accel-572f6fd-gpgpu-301be9e,NA,NA,NA,NA,3070849.5
QV100-SASS-accel-92027de-gpgpu-58beccb,NA,NA,NA,NA,3070849.5
QV100-SASS-accel-0c80a10-gpgpu-58beccb,NA,NA,NA,NA,3070849.5
QV100-SASS-accel-53da2df-gpgpu-a0c12f5,NA,NA,NA,NA,3070849.5
QV100-SASS-accel-86f4430-gpgpu-a0c12f5,NA,NA,NA,NA,3070849.5
QV100-SASS-accel-c1a12bc-gpgpu-9aeacdf,NA,NA,NA,NA,3070849.5
QV100-SASS-accel-a1ca547-gpgpu-9aeacdf,NA,NA,NA,NA,3070849.5
QV100-SASS-accel-a1ca547-gpgpu-67fc78c,NA,NA,NA,NA,3070849.5
QV100-SASS-accel-_modifi-gpgpu-67fc78c,NA,NA,NA,NA,3070849.5
QV100-SASS-accel-c5fa0e8-gpgpu-bc268aa,NA,NA,NA,NA,2636837.9
QV100-SASS-accel-43a51f3-gpgpu-7d3ad23,NA,NA,NA,NA,2636837.9
QV100-SASS-accel-4ac0e40-gpgpu-7d3ad23,NA,NA,NA,NA,2636837.9
QV100-SASS-accel-efa370c-gpgpu-6b22d66,NA,NA,NA,NA,2636837.9
QV100-SASS-accel-66ed9f2-gpgpu-6b22d66,NA,NA,NA,NA,2636837.9
QV100-SASS-accel-b1c61bc-gpgpu-6b22d66,NA,NA,NA,NA,2636837.9
QV100-SASS-accel-b3d9838-gpgpu-22159f1,NA,NA,NA,NA,2636837.9
QV100-SASS-accel-3ff1be8-gpgpu-67d8a3b,NA,NA,NA,NA,2636837.9
QV100-SASS-accel-3ff1be8-gpgpu-9d88a1c,NA,NA,NA,NA,2636837.9
QV100-SASS-accel-879dc35-gpgpu-3364474,NA,NA,NA,NA,2636837.9
QV100-SASS-accel-e7b698e-gpgpu-3364474,NA,NA,NA,NA,2636837.9
QV100-SASS-accel-1688c9d-gpgpu-3364474,NA,NA,NA,NA,2636837.9
QV100-SASS-accel-a634fe0-gpgpu-3364474,NA,NA,NA,NA,2636837.9
QV100-SASS-accel-7a8e345-gpgpu-3364474,NA,NA,NA,NA,2636837.9
QV100-SASS-accel-d3ba55f-gpgpu-a3c52cf,NA,NA,NA,NA,2636837.9
QV100-SASS-accel-ec00037-gpgpu-a3c52cf,NA,NA,NA,NA,2636837.9
QV100-SASS-accel-a619790-gpgpu-a3c52cf,NA,NA,NA,NA,2636837.9
QV100-SASS-accel-31777f7-gpgpu-a3c52cf,NA,NA,NA,NA,2636837.9
QV100-SASS-accel-6c06571-gpgpu-b18ee39,NA,NA,NA,NA,2636837.9
QV100-SASS-accel-96d7923-gpgpu-b18ee39,NA,NA,NA,NA,2636837.9
QV100-SASS-accel-ff9a5d6-gpgpu-b18ee39,NA,NA,NA,NA,2636837.9
QV100-SASS-accel-3c96d32-gpgpu-b18ee39,NA,NA,NA,NA,2636837.9
QV100-SASS-accel-d7f397a-gpgpu-b18ee39,NA,NA,NA,NA,2636837.9
QV100-SASS-accel-963526a-gpgpu-b18ee39,10508288.0,21016576.0,1966080.0,NA,2401619.6
QV100-SASS-accel-55194db-gpgpu-6c3cf4f,10508288.0,21016576.0,1966080.0,NA,2401619.6
QV100-SASS-accel-b585512-gpgpu-6c3cf4f,10508288.0,21016576.0,1966080.0,NA,2401619.6
QV100-SASS-accel-bf35ab0-gpgpu-6c3cf4f,10508288.0,21016576.0,1966080.0,NA,2401619.6
QV100-SASS-accel-f0e4574-gpgpu-6c3cf4f,10508288.0,21016576.0,1966080.0,NA,2401619.6
QV100-SASS-accel-9be0e3c-gpgpu-6c3cf4f,10508288.0,21016576.0,1966080.0,NA,2401619.6
QV100-SASS-accel-1b34b87-gpgpu-6c3cf4f,10508288.0,21016576.0,1966080.0,NA,2401619.6
QV100-SASS-accel-f28591a-gpgpu-6c3cf4f,10508288.0,21016576.0,1966080.0,NA,2401619.6
QV100-SASS-accel-3016c65-gpgpu-6c3cf4f,10508288.0,21016576.0,1966080.0,NA,2401619.6
QV100-SASS-accel-0a56c96-gpgpu-15f3c31,10508288.0,21016576.0,1966080.0,NA,2401619.6
QV100-SASS-accel-6d7eb10-gpgpu-bc7bde2,10508288.0,21016576.0,1966080.0,NA,2401619.6
QV100-SASS-accel-a6ee5cb-gpgpu-bc7bde2,10508288.0,21016576.0,1966080.0,NA,11163648.0

----------------------------------------------------------------------------------------------------,,,,,
\s+L2_cache_stats_breakdown\[GLOBAL_ACC_W\]\[HIT\]\s*=\s*(.*),,,,,
CFG,l2_bw_32f/__tpb_1024___tpsm_1024___fast--_Z5l2_bwPmS_PfS0_jj--0,l2_bw_64f/__tpb_1024___tpsm_1024___fast--_Z5l2_bwPjS_PdS0_jj--0,mem_bw/__tpb_1024___tpsm_1024--_Z6mem_bwPfS_S_S_S_S_PjS0_j--0,shared_bw/__tpb_1024___tpsm_1024___blocks_1--_Z9shared_bwPmS_Pjj--0,AV--VG
QV100-SASS-accel-f677b74-gpgpu-deb5eb5,NA,NA,NA,NA,1.2
QV100-SASS-accel-c366657-gpgpu-deb5eb5,NA,NA,NA,NA,1.2
QV100-SASS-accel-a72607f-gpgpu-deb5eb5,NA,NA,NA,NA,1.2
QV100-SASS-accel-4dbd5b1-gpgpu-deb5eb5,NA,NA,NA,NA,1.2
QV100-SASS-accel-60ad810-gpgpu-deb5eb5,NA,NA,NA,NA,1.2
QV100-SASS-accel-0ce7699-gpgpu-deb5eb5,NA,NA,NA,NA,0.0
QV100-SASS-accel-6812c12-gpgpu-deb5eb5,NA,NA,NA,NA,1.2
QV100-SASS-accel-31082a4-gpgpu-1ee03f0,NA,NA,NA,NA,1.2
QV100-SASS-accel-28e2777-gpgpu-1ee03f0,NA,NA,NA,NA,1.2
QV100-SASS-accel-10dc9a0-gpgpu-1ee03f0,NA,NA,NA,NA,1.2
QV100-SASS-accel-9719269-gpgpu-c51350d,NA,NA,NA,NA,1.2
QV100-SASS-accel-6b6f836-gpgpu-585dcf5,NA,NA,NA,NA,1.2
QV100-SASS-accel-252e8c4-gpgpu-585dcf5,NA,NA,NA,NA,1.2
QV100-SASS-accel-a4e0907-gpgpu-6c9e13d,NA,NA,NA,NA,1025.3
QV100-SASS-accel-fea3381-gpgpu-6ad461a,NA,NA,NA,NA,961.2
QV100-SASS-accel-16c3068-gpgpu-6ad461a,NA,NA,NA,NA,961.2
QV100-SASS-accel-8f124d9-gpgpu-99b5997,NA,NA,NA,NA,961.2
QV100-SASS-accel-7a31963-gpgpu-84c4f46,NA,NA,NA,NA,961.2
QV100-SASS-accel-a8c1d6d-gpgpu-84c4f46,NA,NA,NA,NA,961.2
QV100-SASS-accel-000be7f-gpgpu-e466afb,NA,NA,NA,NA,961.2
QV100-SASS-accel-1cb6168-gpgpu-d38b300,NA,NA,NA,NA,961.2
QV100-SASS-accel-a9305c5-gpgpu-d38b300,NA,NA,NA,NA,961.2
QV100-SASS-accel-5b93243-gpgpu-d38b300,NA,NA,NA,NA,961.2
QV100-SASS-accel-5745567-gpgpu-d38b300,NA,NA,NA,NA,961.2
QV100-SASS-accel-8d1cf8e-gpgpu-d38b300,NA,NA,NA,NA,961.2
QV100-SASS-accel-17f819f-gpgpu-d38b300,NA,NA,NA,NA,961.2
QV100-SASS-accel-2f29d2d-gpgpu-1d39b6f,NA,NA,NA,NA,961.2
QV100-SASS-accel-786503a-gpgpu-13c6711,NA,NA,NA,NA,961.2
QV100-SASS-accel-53584fc-gpgpu-13c6711,NA,NA,NA,NA,961.2
QV100-SASS-accel-e02c99d-gpgpu-13c6711,NA,NA,NA,NA,961.2
QV100-SASS-accel-bccdebb-gpgpu-13c6711,NA,NA,NA,NA,961.2
QV100-SASS-accel-0f84efb-gpgpu-74cdacd,NA,NA,NA,NA,2461.6
QV100-SASS-accel-7feb41c-gpgpu-74cdacd,NA,NA,NA,NA,961.2
QV100-SASS-accel-8f77aae-gpgpu-948c0e1,NA,NA,NA,NA,961.2
QV100-SASS-accel-8f2c50f-gpgpu-6dd3bfc,NA,NA,NA,NA,961.2
QV100-SASS-accel-2f19b3d-gpgpu-e033c1f,NA,NA,NA,NA,961.2
QV100-SASS-accel-17e94d7-gpgpu-e033c1f,NA,NA,NA,NA,961.2
QV100-SASS-accel-dc0bece-gpgpu-e033c1f,NA,NA,NA,NA,961.2
QV100-SASS-accel-21f6fea-gpgpu-e033c1f,NA,NA,NA,NA,961.2
QV100-SASS-accel-a88075e-gpgpu-e033c1f,NA,NA,NA,NA,961.2
QV100-SASS-accel-470e82b-gpgpu-73db3f7,NA,NA,NA,NA,961.2
QV100-SASS-accel-a6c1a7a-gpgpu-66ae881,NA,NA,NA,NA,961.2
QV100-SASS-accel-572f6fd-gpgpu-301be9e,NA,NA,NA,NA,961.2
QV100-SASS-accel-92027de-gpgpu-58beccb,NA,NA,NA,NA,961.2
QV100-SASS-accel-0c80a10-gpgpu-58beccb,NA,NA,NA,NA,961.2
QV100-SASS-accel-53da2df-gpgpu-a0c12f5,NA,NA,NA,NA,961.2
QV100-SASS-accel-86f4430-gpgpu-a0c12f5,NA,NA,NA,NA,961.2
QV100-SASS-accel-c1a12bc-gpgpu-9aeacdf,NA,NA,NA,NA,961.2
QV100-SASS-accel-a1ca547-gpgpu-9aeacdf,NA,NA,NA,NA,961.2
QV100-SASS-accel-a1ca547-gpgpu-67fc78c,NA,NA,NA,NA,961.2
QV100-SASS-accel-_modifi-gpgpu-67fc78c,NA,NA,NA,NA,961.2
QV100-SASS-accel-c5fa0e8-gpgpu-bc268aa,NA,NA,NA,NA,854.4
QV100-SASS-accel-43a51f3-gpgpu-7d3ad23,NA,NA,NA,NA,854.4
QV100-SASS-accel-4ac0e40-gpgpu-7d3ad23,NA,NA,NA,NA,854.4
QV100-SASS-accel-efa370c-gpgpu-6b22d66,NA,NA,NA,NA,854.4
QV100-SASS-accel-66ed9f2-gpgpu-6b22d66,NA,NA,NA,NA,854.4
QV100-SASS-accel-b1c61bc-gpgpu-6b22d66,NA,NA,NA,NA,854.4
QV100-SASS-accel-b3d9838-gpgpu-22159f1,NA,NA,NA,NA,854.4
QV100-SASS-accel-3ff1be8-gpgpu-67d8a3b,NA,NA,NA,NA,854.4
QV100-SASS-accel-3ff1be8-gpgpu-9d88a1c,NA,NA,NA,NA,854.4
QV100-SASS-accel-879dc35-gpgpu-3364474,NA,NA,NA,NA,543.3
QV100-SASS-accel-e7b698e-gpgpu-3364474,NA,NA,NA,NA,543.3
QV100-SASS-accel-1688c9d-gpgpu-3364474,NA,NA,NA,NA,543.3
QV100-SASS-accel-a634fe0-gpgpu-3364474,NA,NA,NA,NA,543.3
QV100-SASS-accel-7a8e345-gpgpu-3364474,NA,NA,NA,NA,543.3
QV100-SASS-accel-d3ba55f-gpgpu-a3c52cf,NA,NA,NA,NA,543.3
QV100-SASS-accel-ec00037-gpgpu-a3c52cf,NA,NA,NA,NA,543.3
QV100-SASS-accel-a619790-gpgpu-a3c52cf,NA,NA,NA,NA,543.3
QV100-SASS-accel-31777f7-gpgpu-a3c52cf,NA,NA,NA,NA,543.3
QV100-SASS-accel-6c06571-gpgpu-b18ee39,NA,NA,NA,NA,543.3
QV100-SASS-accel-96d7923-gpgpu-b18ee39,NA,NA,NA,NA,543.3
QV100-SASS-accel-ff9a5d6-gpgpu-b18ee39,NA,NA,NA,NA,543.3
QV100-SASS-accel-3c96d32-gpgpu-b18ee39,NA,NA,NA,NA,543.3
QV100-SASS-accel-d7f397a-gpgpu-b18ee39,NA,NA,NA,NA,543.3
QV100-SASS-accel-963526a-gpgpu-b18ee39,0.0,0.0,0.0,0.0,550.8
QV100-SASS-accel-55194db-gpgpu-6c3cf4f,0.0,0.0,0.0,0.0,550.8
QV100-SASS-accel-b585512-gpgpu-6c3cf4f,0.0,0.0,0.0,0.0,550.8
QV100-SASS-accel-bf35ab0-gpgpu-6c3cf4f,0.0,0.0,0.0,0.0,550.8
QV100-SASS-accel-f0e4574-gpgpu-6c3cf4f,0.0,0.0,0.0,0.0,550.8
QV100-SASS-accel-9be0e3c-gpgpu-6c3cf4f,0.0,0.0,0.0,0.0,550.8
QV100-SASS-accel-1b34b87-gpgpu-6c3cf4f,0.0,0.0,0.0,0.0,550.8
QV100-SASS-accel-f28591a-gpgpu-6c3cf4f,0.0,0.0,0.0,0.0,550.8
QV100-SASS-accel-3016c65-gpgpu-6c3cf4f,0.0,0.0,0.0,0.0,550.8
QV100-SASS-accel-0a56c96-gpgpu-15f3c31,0.0,0.0,0.0,0.0,550.8
QV100-SASS-accel-6d7eb10-gpgpu-bc7bde2,0.0,0.0,0.0,0.0,550.8
QV100-SASS-accel-a6ee5cb-gpgpu-bc7bde2,0.0,0.0,0.0,0.0,0.0

----------------------------------------------------------------------------------------------------,,,,,
\s+L2_cache_stats_breakdown\[GLOBAL_ACC_W\]\[TOTAL_ACCESS\]\s*=\s*(.*),,,,,
CFG,l2_bw_32f/__tpb_1024___tpsm_1024___fast--_Z5l2_bwPmS_PfS0_jj--0,l2_bw_64f/__tpb_1024___tpsm_1024___fast--_Z5l2_bwPjS_PdS0_jj--0,mem_bw/__tpb_1024___tpsm_1024--_Z6mem_bwPfS_S_S_S_S_PjS0_j--0,shared_bw/__tpb_1024___tpsm_1024___blocks_1--_Z9shared_bwPmS_Pjj--0,AV--VG
QV100-SASS-accel-f677b74-gpgpu-deb5eb5,NA,NA,NA,NA,92873.3
QV100-SASS-accel-c366657-gpgpu-deb5eb5,NA,NA,NA,NA,92873.3
QV100-SASS-accel-a72607f-gpgpu-deb5eb5,NA,NA,NA,NA,92873.3
QV100-SASS-accel-4dbd5b1-gpgpu-deb5eb5,NA,NA,NA,NA,92873.3
QV100-SASS-accel-60ad810-gpgpu-deb5eb5,NA,NA,NA,NA,92873.3
QV100-SASS-accel-0ce7699-gpgpu-deb5eb5,NA,NA,NA,NA,384.0
QV100-SASS-accel-6812c12-gpgpu-deb5eb5,NA,NA,NA,NA,92873.3
QV100-SASS-accel-31082a4-gpgpu-1ee03f0,NA,NA,NA,NA,92873.3
QV100-SASS-accel-28e2777-gpgpu-1ee03f0,NA,NA,NA,NA,92873.3
QV100-SASS-accel-10dc9a0-gpgpu-1ee03f0,NA,NA,NA,NA,92873.3
QV100-SASS-accel-9719269-gpgpu-c51350d,NA,NA,NA,NA,92873.3
QV100-SASS-accel-6b6f836-gpgpu-585dcf5,NA,NA,NA,NA,92873.3
QV100-SASS-accel-252e8c4-gpgpu-585dcf5,NA,NA,NA,NA,92873.3
QV100-SASS-accel-a4e0907-gpgpu-6c9e13d,NA,NA,NA,NA,99039.3
QV100-SASS-accel-fea3381-gpgpu-6ad461a,NA,NA,NA,NA,92873.3
QV100-SASS-accel-16c3068-gpgpu-6ad461a,NA,NA,NA,NA,92873.3
QV100-SASS-accel-8f124d9-gpgpu-99b5997,NA,NA,NA,NA,92873.3
QV100-SASS-accel-7a31963-gpgpu-84c4f46,NA,NA,NA,NA,92873.3
QV100-SASS-accel-a8c1d6d-gpgpu-84c4f46,NA,NA,NA,NA,92873.3
QV100-SASS-accel-000be7f-gpgpu-e466afb,NA,NA,NA,NA,92873.3
QV100-SASS-accel-1cb6168-gpgpu-d38b300,NA,NA,NA,NA,92873.3
QV100-SASS-accel-a9305c5-gpgpu-d38b300,NA,NA,NA,NA,92873.3
QV100-SASS-accel-5b93243-gpgpu-d38b300,NA,NA,NA,NA,92873.3
QV100-SASS-accel-5745567-gpgpu-d38b300,NA,NA,NA,NA,92873.3
QV100-SASS-accel-8d1cf8e-gpgpu-d38b300,NA,NA,NA,NA,92873.3
QV100-SASS-accel-17f819f-gpgpu-d38b300,NA,NA,NA,NA,92873.3
QV100-SASS-accel-2f29d2d-gpgpu-1d39b6f,NA,NA,NA,NA,92873.3
QV100-SASS-accel-786503a-gpgpu-13c6711,NA,NA,NA,NA,92873.3
QV100-SASS-accel-53584fc-gpgpu-13c6711,NA,NA,NA,NA,92873.3
QV100-SASS-accel-e02c99d-gpgpu-13c6711,NA,NA,NA,NA,92873.3
QV100-SASS-accel-bccdebb-gpgpu-13c6711,NA,NA,NA,NA,92873.3
QV100-SASS-accel-0f84efb-gpgpu-74cdacd,NA,NA,NA,NA,3535.2
QV100-SASS-accel-7feb41c-gpgpu-74cdacd,NA,NA,NA,NA,92873.3
QV100-SASS-accel-8f77aae-gpgpu-948c0e1,NA,NA,NA,NA,92873.3
QV100-SASS-accel-8f2c50f-gpgpu-6dd3bfc,NA,NA,NA,NA,92873.3
QV100-SASS-accel-2f19b3d-gpgpu-e033c1f,NA,NA,NA,NA,92873.3
QV100-SASS-accel-17e94d7-gpgpu-e033c1f,NA,NA,NA,NA,92873.3
QV100-SASS-accel-dc0bece-gpgpu-e033c1f,NA,NA,NA,NA,92873.3
QV100-SASS-accel-21f6fea-gpgpu-e033c1f,NA,NA,NA,NA,92873.3
QV100-SASS-accel-a88075e-gpgpu-e033c1f,NA,NA,NA,NA,92873.3
QV100-SASS-accel-470e82b-gpgpu-73db3f7,NA,NA,NA,NA,92873.3
QV100-SASS-accel-a6c1a7a-gpgpu-66ae881,NA,NA,NA,NA,92873.3
QV100-SASS-accel-572f6fd-gpgpu-301be9e,NA,NA,NA,NA,92873.3
QV100-SASS-accel-92027de-gpgpu-58beccb,NA,NA,NA,NA,92873.3
QV100-SASS-accel-0c80a10-gpgpu-58beccb,NA,NA,NA,NA,92873.3
QV100-SASS-accel-53da2df-gpgpu-a0c12f5,NA,NA,NA,NA,92873.3
QV100-SASS-accel-86f4430-gpgpu-a0c12f5,NA,NA,NA,NA,92873.3
QV100-SASS-accel-c1a12bc-gpgpu-9aeacdf,NA,NA,NA,NA,92873.3
QV100-SASS-accel-a1ca547-gpgpu-9aeacdf,NA,NA,NA,NA,92873.3
QV100-SASS-accel-a1ca547-gpgpu-67fc78c,NA,NA,NA,NA,92873.3
QV100-SASS-accel-_modifi-gpgpu-67fc78c,NA,NA,NA,NA,92873.3
QV100-SASS-accel-c5fa0e8-gpgpu-bc268aa,NA,NA,NA,NA,86194.9
QV100-SASS-accel-43a51f3-gpgpu-7d3ad23,NA,NA,NA,NA,86194.9
QV100-SASS-accel-4ac0e40-gpgpu-7d3ad23,NA,NA,NA,NA,86194.9
QV100-SASS-accel-efa370c-gpgpu-6b22d66,NA,NA,NA,NA,86194.9
QV100-SASS-accel-66ed9f2-gpgpu-6b22d66,NA,NA,NA,NA,86194.9
QV100-SASS-accel-b1c61bc-gpgpu-6b22d66,NA,NA,NA,NA,86194.9
QV100-SASS-accel-b3d9838-gpgpu-22159f1,NA,NA,NA,NA,86194.9
QV100-SASS-accel-3ff1be8-gpgpu-67d8a3b,NA,NA,NA,NA,86194.9
QV100-SASS-accel-3ff1be8-gpgpu-9d88a1c,NA,NA,NA,NA,86194.9
QV100-SASS-accel-879dc35-gpgpu-3364474,NA,NA,NA,NA,92047.8
QV100-SASS-accel-e7b698e-gpgpu-3364474,NA,NA,NA,NA,92047.8
QV100-SASS-accel-1688c9d-gpgpu-3364474,NA,NA,NA,NA,92047.8
QV100-SASS-accel-a634fe0-gpgpu-3364474,NA,NA,NA,NA,92047.8
QV100-SASS-accel-7a8e345-gpgpu-3364474,NA,NA,NA,NA,92047.8
QV100-SASS-accel-d3ba55f-gpgpu-a3c52cf,NA,NA,NA,NA,92047.8
QV100-SASS-accel-ec00037-gpgpu-a3c52cf,NA,NA,NA,NA,92047.8
QV100-SASS-accel-a619790-gpgpu-a3c52cf,NA,NA,NA,NA,92047.8
QV100-SASS-accel-31777f7-gpgpu-a3c52cf,NA,NA,NA,NA,92047.8
QV100-SASS-accel-6c06571-gpgpu-b18ee39,NA,NA,NA,NA,92047.8
QV100-SASS-accel-96d7923-gpgpu-b18ee39,NA,NA,NA,NA,92047.8
QV100-SASS-accel-ff9a5d6-gpgpu-b18ee39,NA,NA,NA,NA,92047.8
QV100-SASS-accel-3c96d32-gpgpu-b18ee39,NA,NA,NA,NA,92047.8
QV100-SASS-accel-d7f397a-gpgpu-b18ee39,NA,NA,NA,NA,92047.8
QV100-SASS-accel-963526a-gpgpu-b18ee39,102400.0,81920.0,413696.0,640.0,63134.8
QV100-SASS-accel-55194db-gpgpu-6c3cf4f,102400.0,81920.0,413696.0,640.0,63134.8
QV100-SASS-accel-b585512-gpgpu-6c3cf4f,102400.0,81920.0,413696.0,640.0,63134.8
QV100-SASS-accel-bf35ab0-gpgpu-6c3cf4f,102400.0,81920.0,413696.0,640.0,63134.8
QV100-SASS-accel-f0e4574-gpgpu-6c3cf4f,102400.0,81920.0,413696.0,640.0,63134.8
QV100-SASS-accel-9be0e3c-gpgpu-6c3cf4f,102400.0,81920.0,413696.0,640.0,63134.8
QV100-SASS-accel-1b34b87-gpgpu-6c3cf4f,102400.0,81920.0,413696.0,640.0,63134.8
QV100-SASS-accel-f28591a-gpgpu-6c3cf4f,102400.0,81920.0,413696.0,640.0,63134.8
QV100-SASS-accel-3016c65-gpgpu-6c3cf4f,102400.0,81920.0,413696.0,640.0,63134.8
QV100-SASS-accel-0a56c96-gpgpu-15f3c31,102400.0,81920.0,413696.0,640.0,63134.8
QV100-SASS-accel-6d7eb10-gpgpu-bc7bde2,102400.0,81920.0,413696.0,640.0,63134.8
QV100-SASS-accel-a6ee5cb-gpgpu-bc7bde2,102400.0,81920.0,413696.0,640.0,149664.0

----------------------------------------------------------------------------------------------------,,,,,
\s+L2_cache_stats_breakdown\[CHIPLET_ACC_R\]\[HIT\]\s*=\s*(.*),,,,,
CFG,l2_bw_32f/__tpb_1024___tpsm_1024___fast--_Z5l2_bwPmS_PfS0_jj--0,l2_bw_64f/__tpb_1024___tpsm_1024___fast--_Z5l2_bwPjS_PdS0_jj--0,mem_bw/__tpb_1024___tpsm_1024--_Z6mem_bwPfS_S_S_S_S_PjS0_j--0,shared_bw/__tpb_1024___tpsm_1024___blocks_1--_Z9shared_bwPmS_Pjj--0,AV--VG
QV100-SASS-accel-f677b74-gpgpu-deb5eb5,NA,NA,NA,NA,NA
QV100-SASS-accel-c366657-gpgpu-deb5eb5,NA,NA,NA,NA,NA
QV100-SASS-accel-a72607f-gpgpu-deb5eb5,NA,NA,NA,NA,NA
QV100-SASS-accel-4dbd5b1-gpgpu-deb5eb5,NA,NA,NA,NA,NA
QV100-SASS-accel-60ad810-gpgpu-deb5eb5,NA,NA,NA,NA,NA
QV100-SASS-accel-0ce7699-gpgpu-deb5eb5,NA,NA,NA,NA,NA
QV100-SASS-accel-6812c12-gpgpu-deb5eb5,NA,NA,NA,NA,NA
QV100-SASS-accel-31082a4-gpgpu-1ee03f0,NA,NA,NA,NA,NA
QV100-SASS-accel-28e2777-gpgpu-1ee03f0,NA,NA,NA,NA,NA
QV100-SASS-accel-10dc9a0-gpgpu-1ee03f0,NA,NA,NA,NA,NA
QV100-SASS-accel-9719269-gpgpu-c51350d,NA,NA,NA,NA,NA
QV100-SASS-accel-6b6f836-gpgpu-585dcf5,NA,NA,NA,NA,NA
QV100-SASS-accel-252e8c4-gpgpu-585dcf5,NA,NA,NA,NA,NA
QV100-SASS-accel-a4e0907-gpgpu-6c9e13d,NA,NA,NA,NA,NA
QV100-SASS-accel-fea3381-gpgpu-6ad461a,NA,NA,NA,NA,NA
QV100-SASS-accel-16c3068-gpgpu-6ad461a,NA,NA,NA,NA,NA
QV100-SASS-accel-8f124d9-gpgpu-99b5997,NA,NA,NA,NA,NA
QV100-SASS-accel-7a31963-gpgpu-84c4f46,NA,NA,NA,NA,NA
QV100-SASS-accel-a8c1d6d-gpgpu-84c4f46,NA,NA,NA,NA,NA
QV100-SASS-accel-000be7f-gpgpu-e466afb,NA,NA,NA,NA,NA
QV100-SASS-accel-1cb6168-gpgpu-d38b300,NA,NA,NA,NA,NA
QV100-SASS-accel-a9305c5-gpgpu-d38b300,NA,NA,NA,NA,NA
QV100-SASS-accel-5b93243-gpgpu-d38b300,NA,NA,NA,NA,NA
QV100-SASS-accel-5745567-gpgpu-d38b300,NA,NA,NA,NA,NA
QV100-SASS-accel-8d1cf8e-gpgpu-d38b300,NA,NA,NA,NA,NA
QV100-SASS-accel-17f819f-gpgpu-d38b300,NA,NA,NA,NA,NA
QV100-SASS-accel-2f29d2d-gpgpu-1d39b6f,NA,NA,NA,NA,NA
QV100-SASS-accel-786503a-gpgpu-13c6711,NA,NA,NA,NA,NA
QV100-SASS-accel-53584fc-gpgpu-13c6711,NA,NA,NA,NA,NA
QV100-SASS-accel-e02c99d-gpgpu-13c6711,NA,NA,NA,NA,NA
QV100-SASS-accel-bccdebb-gpgpu-13c6711,NA,NA,NA,NA,NA
QV100-SASS-accel-0f84efb-gpgpu-74cdacd,NA,NA,NA,NA,NA
QV100-SASS-accel-7feb41c-gpgpu-74cdacd,NA,NA,NA,NA,NA
QV100-SASS-accel-8f77aae-gpgpu-948c0e1,NA,NA,NA,NA,NA
QV100-SASS-accel-8f2c50f-gpgpu-6dd3bfc,NA,NA,NA,NA,NA
QV100-SASS-accel-2f19b3d-gpgpu-e033c1f,NA,NA,NA,NA,NA
QV100-SASS-accel-17e94d7-gpgpu-e033c1f,NA,NA,NA,NA,NA
QV100-SASS-accel-dc0bece-gpgpu-e033c1f,NA,NA,NA,NA,NA
QV100-SASS-accel-21f6fea-gpgpu-e033c1f,NA,NA,NA,NA,NA
QV100-SASS-accel-a88075e-gpgpu-e033c1f,NA,NA,NA,NA,NA
QV100-SASS-accel-470e82b-gpgpu-73db3f7,NA,NA,NA,NA,NA
QV100-SASS-accel-a6c1a7a-gpgpu-66ae881,NA,NA,NA,NA,NA
QV100-SASS-accel-572f6fd-gpgpu-301be9e,NA,NA,NA,NA,NA
QV100-SASS-accel-92027de-gpgpu-58beccb,NA,NA,NA,NA,NA
QV100-SASS-accel-0c80a10-gpgpu-58beccb,NA,NA,NA,NA,NA
QV100-SASS-accel-53da2df-gpgpu-a0c12f5,NA,NA,NA,NA,NA
QV100-SASS-accel-86f4430-gpgpu-a0c12f5,NA,NA,NA,NA,NA
QV100-SASS-accel-c1a12bc-gpgpu-9aeacdf,NA,NA,NA,NA,NA
QV100-SASS-accel-a1ca547-gpgpu-9aeacdf,NA,NA,NA,NA,NA
QV100-SASS-accel-a1ca547-gpgpu-67fc78c,NA,NA,NA,NA,NA
QV100-SASS-accel-_modifi-gpgpu-67fc78c,NA,NA,NA,NA,NA
QV100-SASS-accel-c5fa0e8-gpgpu-bc268aa,NA,NA,NA,NA,NA
QV100-SASS-accel-43a51f3-gpgpu-7d3ad23,NA,NA,NA,NA,NA
QV100-SASS-accel-4ac0e40-gpgpu-7d3ad23,NA,NA,NA,NA,NA
QV100-SASS-accel-efa370c-gpgpu-6b22d66,NA,NA,NA,NA,NA
QV100-SASS-accel-66ed9f2-gpgpu-6b22d66,NA,NA,NA,NA,NA
QV100-SASS-accel-b1c61bc-gpgpu-6b22d66,NA,NA,NA,NA,NA
QV100-SASS-accel-b3d9838-gpgpu-22159f1,NA,NA,NA,NA,NA
QV100-SASS-accel-3ff1be8-gpgpu-67d8a3b,NA,NA,NA,NA,NA
QV100-SASS-accel-3ff1be8-gpgpu-9d88a1c,NA,NA,NA,NA,NA
QV100-SASS-accel-879dc35-gpgpu-3364474,NA,NA,NA,NA,NA
QV100-SASS-accel-e7b698e-gpgpu-3364474,NA,NA,NA,NA,NA
QV100-SASS-accel-1688c9d-gpgpu-3364474,NA,NA,NA,NA,NA
QV100-SASS-accel-a634fe0-gpgpu-3364474,NA,NA,NA,NA,NA
QV100-SASS-accel-7a8e345-gpgpu-3364474,NA,NA,NA,NA,NA
QV100-SASS-accel-d3ba55f-gpgpu-a3c52cf,NA,NA,NA,NA,NA
QV100-SASS-accel-ec00037-gpgpu-a3c52cf,NA,NA,NA,NA,NA
QV100-SASS-accel-a619790-gpgpu-a3c52cf,NA,NA,NA,NA,NA
QV100-SASS-accel-31777f7-gpgpu-a3c52cf,NA,NA,NA,NA,NA
QV100-SASS-accel-6c06571-gpgpu-b18ee39,NA,NA,NA,NA,NA
QV100-SASS-accel-96d7923-gpgpu-b18ee39,NA,NA,NA,NA,NA
QV100-SASS-accel-ff9a5d6-gpgpu-b18ee39,NA,NA,NA,NA,NA
QV100-SASS-accel-3c96d32-gpgpu-b18ee39,NA,NA,NA,NA,NA
QV100-SASS-accel-d7f397a-gpgpu-b18ee39,NA,NA,NA,NA,NA
QV100-SASS-accel-963526a-gpgpu-b18ee39,NA,NA,NA,NA,NA
QV100-SASS-accel-55194db-gpgpu-6c3cf4f,NA,NA,NA,NA,NA
QV100-SASS-accel-b585512-gpgpu-6c3cf4f,NA,NA,NA,NA,NA
QV100-SASS-accel-bf35ab0-gpgpu-6c3cf4f,NA,NA,NA,NA,NA
QV100-SASS-accel-f0e4574-gpgpu-6c3cf4f,NA,NA,NA,NA,NA
QV100-SASS-accel-9be0e3c-gpgpu-6c3cf4f,NA,NA,NA,NA,NA
QV100-SASS-accel-1b34b87-gpgpu-6c3cf4f,NA,NA,NA,NA,NA
QV100-SASS-accel-f28591a-gpgpu-6c3cf4f,NA,NA,NA,NA,NA
QV100-SASS-accel-3016c65-gpgpu-6c3cf4f,NA,NA,NA,NA,NA
QV100-SASS-accel-0a56c96-gpgpu-15f3c31,NA,NA,NA,NA,NA
QV100-SASS-accel-6d7eb10-gpgpu-bc7bde2,NA,NA,NA,NA,NA
QV100-SASS-accel-a6ee5cb-gpgpu-bc7bde2,NA,NA,NA,NA,NA

----------------------------------------------------------------------------------------------------,,,,,
\s+L2_cache_stats_breakdown\[CHIPLET_ACC_R\]\[TOTAL_ACCESS\]\s*=\s*(.*),,,,,
CFG,l2_bw_32f/__tpb_1024___tpsm_1024___fast--_Z5l2_bwPmS_PfS0_jj--0,l2_bw_64f/__tpb_1024___tpsm_1024___fast--_Z5l2_bwPjS_PdS0_jj--0,mem_bw/__tpb_1024___tpsm_1024--_Z6mem_bwPfS_S_S_S_S_PjS0_j--0,shared_bw/__tpb_1024___tpsm_1024___blocks_1--_Z9shared_bwPmS_Pjj--0,AV--VG
QV100-SASS-accel-f677b74-gpgpu-deb5eb5,NA,NA,NA,NA,NA
QV100-SASS-accel-c366657-gpgpu-deb5eb5,NA,NA,NA,NA,NA
QV100-SASS-accel-a72607f-gpgpu-deb5eb5,NA,NA,NA,NA,NA
QV100-SASS-accel-4dbd5b1-gpgpu-deb5eb5,NA,NA,NA,NA,NA
QV100-SASS-accel-60ad810-gpgpu-deb5eb5,NA,NA,NA,NA,NA
QV100-SASS-accel-0ce7699-gpgpu-deb5eb5,NA,NA,NA,NA,NA
QV100-SASS-accel-6812c12-gpgpu-deb5eb5,NA,NA,NA,NA,NA
QV100-SASS-accel-31082a4-gpgpu-1ee03f0,NA,NA,NA,NA,NA
QV100-SASS-accel-28e2777-gpgpu-1ee03f0,NA,NA,NA,NA,NA
QV100-SASS-accel-10dc9a0-gpgpu-1ee03f0,NA,NA,NA,NA,NA
QV100-SASS-accel-9719269-gpgpu-c51350d,NA,NA,NA,NA,NA
QV100-SASS-accel-6b6f836-gpgpu-585dcf5,NA,NA,NA,NA,NA
QV100-SASS-accel-252e8c4-gpgpu-585dcf5,NA,NA,NA,NA,NA
QV100-SASS-accel-a4e0907-gpgpu-6c9e13d,NA,NA,NA,NA,NA
QV100-SASS-accel-fea3381-gpgpu-6ad461a,NA,NA,NA,NA,NA
QV100-SASS-accel-16c3068-gpgpu-6ad461a,NA,NA,NA,NA,NA
QV100-SASS-accel-8f124d9-gpgpu-99b5997,NA,NA,NA,NA,NA
QV100-SASS-accel-7a31963-gpgpu-84c4f46,NA,NA,NA,NA,NA
QV100-SASS-accel-a8c1d6d-gpgpu-84c4f46,NA,NA,NA,NA,NA
QV100-SASS-accel-000be7f-gpgpu-e466afb,NA,NA,NA,NA,NA
QV100-SASS-accel-1cb6168-gpgpu-d38b300,NA,NA,NA,NA,NA
QV100-SASS-accel-a9305c5-gpgpu-d38b300,NA,NA,NA,NA,NA
QV100-SASS-accel-5b93243-gpgpu-d38b300,NA,NA,NA,NA,NA
QV100-SASS-accel-5745567-gpgpu-d38b300,NA,NA,NA,NA,NA
QV100-SASS-accel-8d1cf8e-gpgpu-d38b300,NA,NA,NA,NA,NA
QV100-SASS-accel-17f819f-gpgpu-d38b300,NA,NA,NA,NA,NA
QV100-SASS-accel-2f29d2d-gpgpu-1d39b6f,NA,NA,NA,NA,NA
QV100-SASS-accel-786503a-gpgpu-13c6711,NA,NA,NA,NA,NA
QV100-SASS-accel-53584fc-gpgpu-13c6711,NA,NA,NA,NA,NA
QV100-SASS-accel-e02c99d-gpgpu-13c6711,NA,NA,NA,NA,NA
QV100-SASS-accel-bccdebb-gpgpu-13c6711,NA,NA,NA,NA,NA
QV100-SASS-accel-0f84efb-gpgpu-74cdacd,NA,NA,NA,NA,NA
QV100-SASS-accel-7feb41c-gpgpu-74cdacd,NA,NA,NA,NA,NA
QV100-SASS-accel-8f77aae-gpgpu-948c0e1,NA,NA,NA,NA,NA
QV100-SASS-accel-8f2c50f-gpgpu-6dd3bfc,NA,NA,NA,NA,NA
QV100-SASS-accel-2f19b3d-gpgpu-e033c1f,NA,NA,NA,NA,NA
QV100-SASS-accel-17e94d7-gpgpu-e033c1f,NA,NA,NA,NA,NA
QV100-SASS-accel-dc0bece-gpgpu-e033c1f,NA,NA,NA,NA,NA
QV100-SASS-accel-21f6fea-gpgpu-e033c1f,NA,NA,NA,NA,NA
QV100-SASS-accel-a88075e-gpgpu-e033c1f,NA,NA,NA,NA,NA
QV100-SASS-accel-470e82b-gpgpu-73db3f7,NA,NA,NA,NA,NA
QV100-SASS-accel-a6c1a7a-gpgpu-66ae881,NA,NA,NA,NA,NA
QV100-SASS-accel-572f6fd-gpgpu-301be9e,NA,NA,NA,NA,NA
QV100-SASS-accel-92027de-gpgpu-58beccb,NA,NA,NA,NA,NA
QV100-SASS-accel-0c80a10-gpgpu-58beccb,NA,NA,NA,NA,NA
QV100-SASS-accel-53da2df-gpgpu-a0c12f5,NA,NA,NA,NA,NA
QV100-SASS-accel-86f4430-gpgpu-a0c12f5,NA,NA,NA,NA,NA
QV100-SASS-accel-c1a12bc-gpgpu-9aeacdf,NA,NA,NA,NA,NA
QV100-SASS-accel-a1ca547-gpgpu-9aeacdf,NA,NA,NA,NA,NA
QV100-SASS-accel-a1ca547-gpgpu-67fc78c,NA,NA,NA,NA,NA
QV100-SASS-accel-_modifi-gpgpu-67fc78c,NA,NA,NA,NA,NA
QV100-SASS-accel-c5fa0e8-gpgpu-bc268aa,NA,NA,NA,NA,NA
QV100-SASS-accel-43a51f3-gpgpu-7d3ad23,NA,NA,NA,NA,NA
QV100-SASS-accel-4ac0e40-gpgpu-7d3ad23,NA,NA,NA,NA,NA
QV100-SASS-accel-efa370c-gpgpu-6b22d66,NA,NA,NA,NA,NA
QV100-SASS-accel-66ed9f2-gpgpu-6b22d66,NA,NA,NA,NA,NA
QV100-SASS-accel-b1c61bc-gpgpu-6b22d66,NA,NA,NA,NA,NA
QV100-SASS-accel-b3d9838-gpgpu-22159f1,NA,NA,NA,NA,NA
QV100-SASS-accel-3ff1be8-gpgpu-67d8a3b,NA,NA,NA,NA,NA
QV100-SASS-accel-3ff1be8-gpgpu-9d88a1c,NA,NA,NA,NA,NA
QV100-SASS-accel-879dc35-gpgpu-3364474,NA,NA,NA,NA,NA
QV100-SASS-accel-e7b698e-gpgpu-3364474,NA,NA,NA,NA,NA
QV100-SASS-accel-1688c9d-gpgpu-3364474,NA,NA,NA,NA,NA
QV100-SASS-accel-a634fe0-gpgpu-3364474,NA,NA,NA,NA,NA
QV100-SASS-accel-7a8e345-gpgpu-3364474,NA,NA,NA,NA,NA
QV100-SASS-accel-d3ba55f-gpgpu-a3c52cf,NA,NA,NA,NA,NA
QV100-SASS-accel-ec00037-gpgpu-a3c52cf,NA,NA,NA,NA,NA
QV100-SASS-accel-a619790-gpgpu-a3c52cf,NA,NA,NA,NA,NA
QV100-SASS-accel-31777f7-gpgpu-a3c52cf,NA,NA,NA,NA,NA
QV100-SASS-accel-6c06571-gpgpu-b18ee39,NA,NA,NA,NA,NA
QV100-SASS-accel-96d7923-gpgpu-b18ee39,NA,NA,NA,NA,NA
QV100-SASS-accel-ff9a5d6-gpgpu-b18ee39,NA,NA,NA,NA,NA
QV100-SASS-accel-3c96d32-gpgpu-b18ee39,NA,NA,NA,NA,NA
QV100-SASS-accel-d7f397a-gpgpu-b18ee39,NA,NA,NA,NA,NA
QV100-SASS-accel-963526a-gpgpu-b18ee39,NA,NA,NA,NA,NA
QV100-SASS-accel-55194db-gpgpu-6c3cf4f,NA,NA,NA,NA,NA
QV100-SASS-accel-b585512-gpgpu-6c3cf4f,NA,NA,NA,NA,NA
QV100-SASS-accel-bf35ab0-gpgpu-6c3cf4f,NA,NA,NA,NA,NA
QV100-SASS-accel-f0e4574-gpgpu-6c3cf4f,NA,NA,NA,NA,NA
QV100-SASS-accel-9be0e3c-gpgpu-6c3cf4f,NA,NA,NA,NA,NA
QV100-SASS-accel-1b34b87-gpgpu-6c3cf4f,NA,NA,NA,NA,NA
QV100-SASS-accel-f28591a-gpgpu-6c3cf4f,NA,NA,NA,NA,NA
QV100-SASS-accel-3016c65-gpgpu-6c3cf4f,NA,NA,NA,NA,NA
QV100-SASS-accel-0a56c96-gpgpu-15f3c31,NA,NA,NA,NA,NA
QV100-SASS-accel-6d7eb10-gpgpu-bc7bde2,NA,NA,NA,NA,NA
QV100-SASS-accel-a6ee5cb-gpgpu-bc7bde2,NA,NA,NA,NA,NA

----------------------------------------------------------------------------------------------------,,,,,
\s+L2_cache_stats_breakdown\[CHIPLET_ACC_W\]\[HIT\]\s*=\s*(.*),,,,,
CFG,l2_bw_32f/__tpb_1024___tpsm_1024___fast--_Z5l2_bwPmS_PfS0_jj--0,l2_bw_64f/__tpb_1024___tpsm_1024___fast--_Z5l2_bwPjS_PdS0_jj--0,mem_bw/__tpb_1024___tpsm_1024--_Z6mem_bwPfS_S_S_S_S_PjS0_j--0,shared_bw/__tpb_1024___tpsm_1024___blocks_1--_Z9shared_bwPmS_Pjj--0,AV--VG
QV100-SASS-accel-f677b74-gpgpu-deb5eb5,NA,NA,NA,NA,NA
QV100-SASS-accel-c366657-gpgpu-deb5eb5,NA,NA,NA,NA,NA
QV100-SASS-accel-a72607f-gpgpu-deb5eb5,NA,NA,NA,NA,NA
QV100-SASS-accel-4dbd5b1-gpgpu-deb5eb5,NA,NA,NA,NA,NA
QV100-SASS-accel-60ad810-gpgpu-deb5eb5,NA,NA,NA,NA,NA
QV100-SASS-accel-0ce7699-gpgpu-deb5eb5,NA,NA,NA,NA,NA
QV100-SASS-accel-6812c12-gpgpu-deb5eb5,NA,NA,NA,NA,NA
QV100-SASS-accel-31082a4-gpgpu-1ee03f0,NA,NA,NA,NA,NA
QV100-SASS-accel-28e2777-gpgpu-1ee03f0,NA,NA,NA,NA,NA
QV100-SASS-accel-10dc9a0-gpgpu-1ee03f0,NA,NA,NA,NA,NA
QV100-SASS-accel-9719269-gpgpu-c51350d,NA,NA,NA,NA,NA
QV100-SASS-accel-6b6f836-gpgpu-585dcf5,NA,NA,NA,NA,NA
QV100-SASS-accel-252e8c4-gpgpu-585dcf5,NA,NA,NA,NA,NA
QV100-SASS-accel-a4e0907-gpgpu-6c9e13d,NA,NA,NA,NA,NA
QV100-SASS-accel-fea3381-gpgpu-6ad461a,NA,NA,NA,NA,NA
QV100-SASS-accel-16c3068-gpgpu-6ad461a,NA,NA,NA,NA,NA
QV100-SASS-accel-8f124d9-gpgpu-99b5997,NA,NA,NA,NA,NA
QV100-SASS-accel-7a31963-gpgpu-84c4f46,NA,NA,NA,NA,NA
QV100-SASS-accel-a8c1d6d-gpgpu-84c4f46,NA,NA,NA,NA,NA
QV100-SASS-accel-000be7f-gpgpu-e466afb,NA,NA,NA,NA,NA
QV100-SASS-accel-1cb6168-gpgpu-d38b300,NA,NA,NA,NA,NA
QV100-SASS-accel-a9305c5-gpgpu-d38b300,NA,NA,NA,NA,NA
QV100-SASS-accel-5b93243-gpgpu-d38b300,NA,NA,NA,NA,NA
QV100-SASS-accel-5745567-gpgpu-d38b300,NA,NA,NA,NA,NA
QV100-SASS-accel-8d1cf8e-gpgpu-d38b300,NA,NA,NA,NA,NA
QV100-SASS-accel-17f819f-gpgpu-d38b300,NA,NA,NA,NA,NA
QV100-SASS-accel-2f29d2d-gpgpu-1d39b6f,NA,NA,NA,NA,NA
QV100-SASS-accel-786503a-gpgpu-13c6711,NA,NA,NA,NA,NA
QV100-SASS-accel-53584fc-gpgpu-13c6711,NA,NA,NA,NA,NA
QV100-SASS-accel-e02c99d-gpgpu-13c6711,NA,NA,NA,NA,NA
QV100-SASS-accel-bccdebb-gpgpu-13c6711,NA,NA,NA,NA,NA
QV100-SASS-accel-0f84efb-gpgpu-74cdacd,NA,NA,NA,NA,NA
QV100-SASS-accel-7feb41c-gpgpu-74cdacd,NA,NA,NA,NA,NA
QV100-SASS-accel-8f77aae-gpgpu-948c0e1,NA,NA,NA,NA,NA
QV100-SASS-accel-8f2c50f-gpgpu-6dd3bfc,NA,NA,NA,NA,NA
QV100-SASS-accel-2f19b3d-gpgpu-e033c1f,NA,NA,NA,NA,NA
QV100-SASS-accel-17e94d7-gpgpu-e033c1f,NA,NA,NA,NA,NA
QV100-SASS-accel-dc0bece-gpgpu-e033c1f,NA,NA,NA,NA,NA
QV100-SASS-accel-21f6fea-gpgpu-e033c1f,NA,NA,NA,NA,NA
QV100-SASS-accel-a88075e-gpgpu-e033c1f,NA,NA,NA,NA,NA
QV100-SASS-accel-470e82b-gpgpu-73db3f7,NA,NA,NA,NA,NA
QV100-SASS-accel-a6c1a7a-gpgpu-66ae881,NA,NA,NA,NA,NA
QV100-SASS-accel-572f6fd-gpgpu-301be9e,NA,NA,NA,NA,NA
QV100-SASS-accel-92027de-gpgpu-58beccb,NA,NA,NA,NA,NA
QV100-SASS-accel-0c80a10-gpgpu-58beccb,NA,NA,NA,NA,NA
QV100-SASS-accel-53da2df-gpgpu-a0c12f5,NA,NA,NA,NA,NA
QV100-SASS-accel-86f4430-gpgpu-a0c12f5,NA,NA,NA,NA,NA
QV100-SASS-accel-c1a12bc-gpgpu-9aeacdf,NA,NA,NA,NA,NA
QV100-SASS-accel-a1ca547-gpgpu-9aeacdf,NA,NA,NA,NA,NA
QV100-SASS-accel-a1ca547-gpgpu-67fc78c,NA,NA,NA,NA,NA
QV100-SASS-accel-_modifi-gpgpu-67fc78c,NA,NA,NA,NA,NA
QV100-SASS-accel-c5fa0e8-gpgpu-bc268aa,NA,NA,NA,NA,NA
QV100-SASS-accel-43a51f3-gpgpu-7d3ad23,NA,NA,NA,NA,NA
QV100-SASS-accel-4ac0e40-gpgpu-7d3ad23,NA,NA,NA,NA,NA
QV100-SASS-accel-efa370c-gpgpu-6b22d66,NA,NA,NA,NA,NA
QV100-SASS-accel-66ed9f2-gpgpu-6b22d66,NA,NA,NA,NA,NA
QV100-SASS-accel-b1c61bc-gpgpu-6b22d66,NA,NA,NA,NA,NA
QV100-SASS-accel-b3d9838-gpgpu-22159f1,NA,NA,NA,NA,NA
QV100-SASS-accel-3ff1be8-gpgpu-67d8a3b,NA,NA,NA,NA,NA
QV100-SASS-accel-3ff1be8-gpgpu-9d88a1c,NA,NA,NA,NA,NA
QV100-SASS-accel-879dc35-gpgpu-3364474,NA,NA,NA,NA,NA
QV100-SASS-accel-e7b698e-gpgpu-3364474,NA,NA,NA,NA,NA
QV100-SASS-accel-1688c9d-gpgpu-3364474,NA,NA,NA,NA,NA
QV100-SASS-accel-a634fe0-gpgpu-3364474,NA,NA,NA,NA,NA
QV100-SASS-accel-7a8e345-gpgpu-3364474,NA,NA,NA,NA,NA
QV100-SASS-accel-d3ba55f-gpgpu-a3c52cf,NA,NA,NA,NA,NA
QV100-SASS-accel-ec00037-gpgpu-a3c52cf,NA,NA,NA,NA,NA
QV100-SASS-accel-a619790-gpgpu-a3c52cf,NA,NA,NA,NA,NA
QV100-SASS-accel-31777f7-gpgpu-a3c52cf,NA,NA,NA,NA,NA
QV100-SASS-accel-6c06571-gpgpu-b18ee39,NA,NA,NA,NA,NA
QV100-SASS-accel-96d7923-gpgpu-b18ee39,NA,NA,NA,NA,NA
QV100-SASS-accel-ff9a5d6-gpgpu-b18ee39,NA,NA,NA,NA,NA
QV100-SASS-accel-3c96d32-gpgpu-b18ee39,NA,NA,NA,NA,NA
QV100-SASS-accel-d7f397a-gpgpu-b18ee39,NA,NA,NA,NA,NA
QV100-SASS-accel-963526a-gpgpu-b18ee39,NA,NA,NA,NA,NA
QV100-SASS-accel-55194db-gpgpu-6c3cf4f,NA,NA,NA,NA,NA
QV100-SASS-accel-b585512-gpgpu-6c3cf4f,NA,NA,NA,NA,NA
QV100-SASS-accel-bf35ab0-gpgpu-6c3cf4f,NA,NA,NA,NA,NA
QV100-SASS-accel-f0e4574-gpgpu-6c3cf4f,NA,NA,NA,NA,NA
QV100-SASS-accel-9be0e3c-gpgpu-6c3cf4f,NA,NA,NA,NA,NA
QV100-SASS-accel-1b34b87-gpgpu-6c3cf4f,NA,NA,NA,NA,NA
QV100-SASS-accel-f28591a-gpgpu-6c3cf4f,NA,NA,NA,NA,NA
QV100-SASS-accel-3016c65-gpgpu-6c3cf4f,NA,NA,NA,NA,NA
QV100-SASS-accel-0a56c96-gpgpu-15f3c31,NA,NA,NA,NA,NA
QV100-SASS-accel-6d7eb10-gpgpu-bc7bde2,NA,NA,NA,NA,NA
QV100-SASS-accel-a6ee5cb-gpgpu-bc7bde2,NA,NA,NA,NA,NA

----------------------------------------------------------------------------------------------------,,,,,
\s+L2_cache_stats_breakdown\[CHIPLET_ACC_W\]\[TOTAL_ACCESS\]\s*=\s*(.*),,,,,
CFG,l2_bw_32f/__tpb_1024___tpsm_1024___fast--_Z5l2_bwPmS_PfS0_jj--0,l2_bw_64f/__tpb_1024___tpsm_1024___fast--_Z5l2_bwPjS_PdS0_jj--0,mem_bw/__tpb_1024___tpsm_1024--_Z6mem_bwPfS_S_S_S_S_PjS0_j--0,shared_bw/__tpb_1024___tpsm_1024___blocks_1--_Z9shared_bwPmS_Pjj--0,AV--VG
QV100-SASS-accel-f677b74-gpgpu-deb5eb5,NA,NA,NA,NA,NA
QV100-SASS-accel-c366657-gpgpu-deb5eb5,NA,NA,NA,NA,NA
QV100-SASS-accel-a72607f-gpgpu-deb5eb5,NA,NA,NA,NA,NA
QV100-SASS-accel-4dbd5b1-gpgpu-deb5eb5,NA,NA,NA,NA,NA
QV100-SASS-accel-60ad810-gpgpu-deb5eb5,NA,NA,NA,NA,NA
QV100-SASS-accel-0ce7699-gpgpu-deb5eb5,NA,NA,NA,NA,NA
QV100-SASS-accel-6812c12-gpgpu-deb5eb5,NA,NA,NA,NA,NA
QV100-SASS-accel-31082a4-gpgpu-1ee03f0,NA,NA,NA,NA,NA
QV100-SASS-accel-28e2777-gpgpu-1ee03f0,NA,NA,NA,NA,NA
QV100-SASS-accel-10dc9a0-gpgpu-1ee03f0,NA,NA,NA,NA,NA
QV100-SASS-accel-9719269-gpgpu-c51350d,NA,NA,NA,NA,NA
QV100-SASS-accel-6b6f836-gpgpu-585dcf5,NA,NA,NA,NA,NA
QV100-SASS-accel-252e8c4-gpgpu-585dcf5,NA,NA,NA,NA,NA
QV100-SASS-accel-a4e0907-gpgpu-6c9e13d,NA,NA,NA,NA,NA
QV100-SASS-accel-fea3381-gpgpu-6ad461a,NA,NA,NA,NA,NA
QV100-SASS-accel-16c3068-gpgpu-6ad461a,NA,NA,NA,NA,NA
QV100-SASS-accel-8f124d9-gpgpu-99b5997,NA,NA,NA,NA,NA
QV100-SASS-accel-7a31963-gpgpu-84c4f46,NA,NA,NA,NA,NA
QV100-SASS-accel-a8c1d6d-gpgpu-84c4f46,NA,NA,NA,NA,NA
QV100-SASS-accel-000be7f-gpgpu-e466afb,NA,NA,NA,NA,NA
QV100-SASS-accel-1cb6168-gpgpu-d38b300,NA,NA,NA,NA,NA
QV100-SASS-accel-a9305c5-gpgpu-d38b300,NA,NA,NA,NA,NA
QV100-SASS-accel-5b93243-gpgpu-d38b300,NA,NA,NA,NA,NA
QV100-SASS-accel-5745567-gpgpu-d38b300,NA,NA,NA,NA,NA
QV100-SASS-accel-8d1cf8e-gpgpu-d38b300,NA,NA,NA,NA,NA
QV100-SASS-accel-17f819f-gpgpu-d38b300,NA,NA,NA,NA,NA
QV100-SASS-accel-2f29d2d-gpgpu-1d39b6f,NA,NA,NA,NA,NA
QV100-SASS-accel-786503a-gpgpu-13c6711,NA,NA,NA,NA,NA
QV100-SASS-accel-53584fc-gpgpu-13c6711,NA,NA,NA,NA,NA
QV100-SASS-accel-e02c99d-gpgpu-13c6711,NA,NA,NA,NA,NA
QV100-SASS-accel-bccdebb-gpgpu-13c6711,NA,NA,NA,NA,NA
QV100-SASS-accel-0f84efb-gpgpu-74cdacd,NA,NA,NA,NA,NA
QV100-SASS-accel-7feb41c-gpgpu-74cdacd,NA,NA,NA,NA,NA
QV100-SASS-accel-8f77aae-gpgpu-948c0e1,NA,NA,NA,NA,NA
QV100-SASS-accel-8f2c50f-gpgpu-6dd3bfc,NA,NA,NA,NA,NA
QV100-SASS-accel-2f19b3d-gpgpu-e033c1f,NA,NA,NA,NA,NA
QV100-SASS-accel-17e94d7-gpgpu-e033c1f,NA,NA,NA,NA,NA
QV100-SASS-accel-dc0bece-gpgpu-e033c1f,NA,NA,NA,NA,NA
QV100-SASS-accel-21f6fea-gpgpu-e033c1f,NA,NA,NA,NA,NA
QV100-SASS-accel-a88075e-gpgpu-e033c1f,NA,NA,NA,NA,NA
QV100-SASS-accel-470e82b-gpgpu-73db3f7,NA,NA,NA,NA,NA
QV100-SASS-accel-a6c1a7a-gpgpu-66ae881,NA,NA,NA,NA,NA
QV100-SASS-accel-572f6fd-gpgpu-301be9e,NA,NA,NA,NA,NA
QV100-SASS-accel-92027de-gpgpu-58beccb,NA,NA,NA,NA,NA
QV100-SASS-accel-0c80a10-gpgpu-58beccb,NA,NA,NA,NA,NA
QV100-SASS-accel-53da2df-gpgpu-a0c12f5,NA,NA,NA,NA,NA
QV100-SASS-accel-86f4430-gpgpu-a0c12f5,NA,NA,NA,NA,NA
QV100-SASS-accel-c1a12bc-gpgpu-9aeacdf,NA,NA,NA,NA,NA
QV100-SASS-accel-a1ca547-gpgpu-9aeacdf,NA,NA,NA,NA,NA
QV100-SASS-accel-a1ca547-gpgpu-67fc78c,NA,NA,NA,NA,NA
QV100-SASS-accel-_modifi-gpgpu-67fc78c,NA,NA,NA,NA,NA
QV100-SASS-accel-c5fa0e8-gpgpu-bc268aa,NA,NA,NA,NA,NA
QV100-SASS-accel-43a51f3-gpgpu-7d3ad23,NA,NA,NA,NA,NA
QV100-SASS-accel-4ac0e40-gpgpu-7d3ad23,NA,NA,NA,NA,NA
QV100-SASS-accel-efa370c-gpgpu-6b22d66,NA,NA,NA,NA,NA
QV100-SASS-accel-66ed9f2-gpgpu-6b22d66,NA,NA,NA,NA,NA
QV100-SASS-accel-b1c61bc-gpgpu-6b22d66,NA,NA,NA,NA,NA
QV100-SASS-accel-b3d9838-gpgpu-22159f1,NA,NA,NA,NA,NA
QV100-SASS-accel-3ff1be8-gpgpu-67d8a3b,NA,NA,NA,NA,NA
QV100-SASS-accel-3ff1be8-gpgpu-9d88a1c,NA,NA,NA,NA,NA
QV100-SASS-accel-879dc35-gpgpu-3364474,NA,NA,NA,NA,NA
QV100-SASS-accel-e7b698e-gpgpu-3364474,NA,NA,NA,NA,NA
QV100-SASS-accel-1688c9d-gpgpu-3364474,NA,NA,NA,NA,NA
QV100-SASS-accel-a634fe0-gpgpu-3364474,NA,NA,NA,NA,NA
QV100-SASS-accel-7a8e345-gpgpu-3364474,NA,NA,NA,NA,NA
QV100-SASS-accel-d3ba55f-gpgpu-a3c52cf,NA,NA,NA,NA,NA
QV100-SASS-accel-ec00037-gpgpu-a3c52cf,NA,NA,NA,NA,NA
QV100-SASS-accel-a619790-gpgpu-a3c52cf,NA,NA,NA,NA,NA
QV100-SASS-accel-31777f7-gpgpu-a3c52cf,NA,NA,NA,NA,NA
QV100-SASS-accel-6c06571-gpgpu-b18ee39,NA,NA,NA,NA,NA
QV100-SASS-accel-96d7923-gpgpu-b18ee39,NA,NA,NA,NA,NA
QV100-SASS-accel-ff9a5d6-gpgpu-b18ee39,NA,NA,NA,NA,NA
QV100-SASS-accel-3c96d32-gpgpu-b18ee39,NA,NA,NA,NA,NA
QV100-SASS-accel-d7f397a-gpgpu-b18ee39,NA,NA,NA,NA,NA
QV100-SASS-accel-963526a-gpgpu-b18ee39,NA,NA,NA,NA,NA
QV100-SASS-accel-55194db-gpgpu-6c3cf4f,NA,NA,NA,NA,NA
QV100-SASS-accel-b585512-gpgpu-6c3cf4f,NA,NA,NA,NA,NA
QV100-SASS-accel-bf35ab0-gpgpu-6c3cf4f,NA,NA,NA,NA,NA
QV100-SASS-accel-f0e4574-gpgpu-6c3cf4f,NA,NA,NA,NA,NA
QV100-SASS-accel-9be0e3c-gpgpu-6c3cf4f,NA,NA,NA,NA,NA
QV100-SASS-accel-1b34b87-gpgpu-6c3cf4f,NA,NA,NA,NA,NA
QV100-SASS-accel-f28591a-gpgpu-6c3cf4f,NA,NA,NA,NA,NA
QV100-SASS-accel-3016c65-gpgpu-6c3cf4f,NA,NA,NA,NA,NA
QV100-SASS-accel-0a56c96-gpgpu-15f3c31,NA,NA,NA,NA,NA
QV100-SASS-accel-6d7eb10-gpgpu-bc7bde2,NA,NA,NA,NA,NA
QV100-SASS-accel-a6ee5cb-gpgpu-bc7bde2,NA,NA,NA,NA,NA

----------------------------------------------------------------------------------------------------,,,,,
\s+Total_core_cache_stats_breakdown\[GLOBAL_ACC_R\]\[TOTAL_ACCESS\]\s*=\s*(.*),,,,,
CFG,l2_bw_32f/__tpb_1024___tpsm_1024___fast--_Z5l2_bwPmS_PfS0_jj--0,l2_bw_64f/__tpb_1024___tpsm_1024___fast--_Z5l2_bwPjS_PdS0_jj--0,mem_bw/__tpb_1024___tpsm_1024--_Z6mem_bwPfS_S_S_S_S_PjS0_j--0,shared_bw/__tpb_1024___tpsm_1024___blocks_1--_Z9shared_bwPmS_Pjj--0,AV--VG
QV100-SASS-accel-f677b74-gpgpu-deb5eb5,NA,NA,NA,NA,395145.2
QV100-SASS-accel-c366657-gpgpu-deb5eb5,NA,NA,NA,NA,394250.4
QV100-SASS-accel-a72607f-gpgpu-deb5eb5,NA,NA,NA,NA,395145.2
QV100-SASS-accel-4dbd5b1-gpgpu-deb5eb5,NA,NA,NA,NA,395145.2
QV100-SASS-accel-60ad810-gpgpu-deb5eb5,NA,NA,NA,NA,395145.2
QV100-SASS-accel-0ce7699-gpgpu-deb5eb5,NA,NA,NA,NA,2099200.0
QV100-SASS-accel-6812c12-gpgpu-deb5eb5,NA,NA,NA,NA,395145.2
QV100-SASS-accel-31082a4-gpgpu-1ee03f0,NA,NA,NA,NA,393709.8
QV100-SASS-accel-28e2777-gpgpu-1ee03f0,NA,NA,NA,NA,393709.8
QV100-SASS-accel-10dc9a0-gpgpu-1ee03f0,NA,NA,NA,NA,393709.8
QV100-SASS-accel-9719269-gpgpu-c51350d,NA,NA,NA,NA,393709.8
QV100-SASS-accel-6b6f836-gpgpu-585dcf5,NA,NA,NA,NA,395053.9
QV100-SASS-accel-252e8c4-gpgpu-585dcf5,NA,NA,NA,NA,395053.9
QV100-SASS-accel-a4e0907-gpgpu-6c9e13d,NA,NA,NA,NA,383446.8
QV100-SASS-accel-fea3381-gpgpu-6ad461a,NA,NA,NA,NA,383446.8
QV100-SASS-accel-16c3068-gpgpu-6ad461a,NA,NA,NA,NA,383446.8
QV100-SASS-accel-8f124d9-gpgpu-99b5997,NA,NA,NA,NA,383446.8
QV100-SASS-accel-7a31963-gpgpu-84c4f46,NA,NA,NA,NA,383446.8
QV100-SASS-accel-a8c1d6d-gpgpu-84c4f46,NA,NA,NA,NA,383446.8
QV100-SASS-accel-000be7f-gpgpu-e466afb,NA,NA,NA,NA,383446.8
QV100-SASS-accel-1cb6168-gpgpu-d38b300,NA,NA,NA,NA,383446.8
QV100-SASS-accel-a9305c5-gpgpu-d38b300,NA,NA,NA,NA,383446.8
QV100-SASS-accel-5b93243-gpgpu-d38b300,NA,NA,NA,NA,383446.8
QV100-SASS-accel-5745567-gpgpu-d38b300,NA,NA,NA,NA,383446.8
QV100-SASS-accel-8d1cf8e-gpgpu-d38b300,NA,NA,NA,NA,383446.8
QV100-SASS-accel-17f819f-gpgpu-d38b300,NA,NA,NA,NA,383446.8
QV100-SASS-accel-2f29d2d-gpgpu-1d39b6f,NA,NA,NA,NA,383446.8
QV100-SASS-accel-786503a-gpgpu-13c6711,NA,NA,NA,NA,383446.8
QV100-SASS-accel-53584fc-gpgpu-13c6711,NA,NA,NA,NA,383446.8
QV100-SASS-accel-e02c99d-gpgpu-13c6711,NA,NA,NA,NA,383446.8
QV100-SASS-accel-bccdebb-gpgpu-13c6711,NA,NA,NA,NA,383446.8
QV100-SASS-accel-0f84efb-gpgpu-74cdacd,NA,NA,NA,NA,499303.2
QV100-SASS-accel-7feb41c-gpgpu-74cdacd,NA,NA,NA,NA,383446.8
QV100-SASS-accel-8f77aae-gpgpu-948c0e1,NA,NA,NA,NA,383446.8
QV100-SASS-accel-8f2c50f-gpgpu-6dd3bfc,NA,NA,NA,NA,383446.8
QV100-SASS-accel-2f19b3d-gpgpu-e033c1f,NA,NA,NA,NA,383446.8
QV100-SASS-accel-17e94d7-gpgpu-e033c1f,NA,NA,NA,NA,383446.8
QV100-SASS-accel-dc0bece-gpgpu-e033c1f,NA,NA,NA,NA,383446.8
QV100-SASS-accel-21f6fea-gpgpu-e033c1f,NA,NA,NA,NA,383446.8
QV100-SASS-accel-a88075e-gpgpu-e033c1f,NA,NA,NA,NA,383446.8
QV100-SASS-accel-470e82b-gpgpu-73db3f7,NA,NA,NA,NA,383446.8
QV100-SASS-accel-a6c1a7a-gpgpu-66ae881,NA,NA,NA,NA,383446.8
QV100-SASS-accel-572f6fd-gpgpu-301be9e,NA,NA,NA,NA,383446.8
QV100-SASS-accel-92027de-gpgpu-58beccb,NA,NA,NA,NA,383446.8
QV100-SASS-accel-0c80a10-gpgpu-58beccb,NA,NA,NA,NA,383446.8
QV100-SASS-accel-53da2df-gpgpu-a0c12f5,NA,NA,NA,NA,383446.8
QV100-SASS-accel-86f4430-gpgpu-a0c12f5,NA,NA,NA,NA,383446.8
QV100-SASS-accel-c1a12bc-gpgpu-9aeacdf,NA,NA,NA,NA,383446.8
QV100-SASS-accel-a1ca547-gpgpu-9aeacdf,NA,NA,NA,NA,383446.8
QV100-SASS-accel-a1ca547-gpgpu-67fc78c,NA,NA,NA,NA,383446.8
QV100-SASS-accel-_modifi-gpgpu-67fc78c,NA,NA,NA,NA,383446.8
QV100-SASS-accel-c5fa0e8-gpgpu-bc268aa,NA,NA,NA,NA,325000.3
QV100-SASS-accel-43a51f3-gpgpu-7d3ad23,NA,NA,NA,NA,325000.3
QV100-SASS-accel-4ac0e40-gpgpu-7d3ad23,NA,NA,NA,NA,325000.3
QV100-SASS-accel-efa370c-gpgpu-6b22d66,NA,NA,NA,NA,325000.3
QV100-SASS-accel-66ed9f2-gpgpu-6b22d66,NA,NA,NA,NA,325000.3
QV100-SASS-accel-b1c61bc-gpgpu-6b22d66,NA,NA,NA,NA,325000.3
QV100-SASS-accel-b3d9838-gpgpu-22159f1,NA,NA,NA,NA,325000.3
QV100-SASS-accel-3ff1be8-gpgpu-67d8a3b,NA,NA,NA,NA,325000.3
QV100-SASS-accel-3ff1be8-gpgpu-9d88a1c,NA,NA,NA,NA,325000.3
QV100-SASS-accel-879dc35-gpgpu-3364474,NA,NA,NA,NA,557134.6
QV100-SASS-accel-e7b698e-gpgpu-3364474,NA,NA,NA,NA,557134.6
QV100-SASS-accel-1688c9d-gpgpu-3364474,NA,NA,NA,NA,557134.6
QV100-SASS-accel-a634fe0-gpgpu-3364474,NA,NA,NA,NA,557134.6
QV100-SASS-accel-7a8e345-gpgpu-3364474,NA,NA,NA,NA,557134.6
QV100-SASS-accel-d3ba55f-gpgpu-a3c52cf,NA,NA,NA,NA,557134.6
QV100-SASS-accel-ec00037-gpgpu-a3c52cf,NA,NA,NA,NA,557134.6
QV100-SASS-accel-a619790-gpgpu-a3c52cf,NA,NA,NA,NA,557134.6
QV100-SASS-accel-31777f7-gpgpu-a3c52cf,NA,NA,NA,NA,557134.6
QV100-SASS-accel-6c06571-gpgpu-b18ee39,NA,NA,NA,NA,557134.6
QV100-SASS-accel-96d7923-gpgpu-b18ee39,NA,NA,NA,NA,557134.6
QV100-SASS-accel-ff9a5d6-gpgpu-b18ee39,NA,NA,NA,NA,557134.6
QV100-SASS-accel-3c96d32-gpgpu-b18ee39,NA,NA,NA,NA,557134.6
QV100-SASS-accel-d7f397a-gpgpu-b18ee39,NA,NA,NA,NA,557134.6
QV100-SASS-accel-963526a-gpgpu-b18ee39,NA,NA,1966080.0,NA,717202.8
QV100-SASS-accel-55194db-gpgpu-6c3cf4f,NA,NA,1966080.0,NA,717202.8
QV100-SASS-accel-b585512-gpgpu-6c3cf4f,NA,NA,1966080.0,NA,717202.8
QV100-SASS-accel-bf35ab0-gpgpu-6c3cf4f,NA,NA,1966080.0,NA,717202.8
QV100-SASS-accel-f0e4574-gpgpu-6c3cf4f,NA,NA,1966080.0,NA,717202.8
QV100-SASS-accel-9be0e3c-gpgpu-6c3cf4f,NA,NA,1966080.0,NA,717202.8
QV100-SASS-accel-1b34b87-gpgpu-6c3cf4f,NA,NA,1966080.0,NA,717202.8
QV100-SASS-accel-f28591a-gpgpu-6c3cf4f,NA,NA,1966080.0,NA,717202.8
QV100-SASS-accel-3016c65-gpgpu-6c3cf4f,NA,NA,1966080.0,NA,717202.8
QV100-SASS-accel-0a56c96-gpgpu-15f3c31,NA,NA,1966080.0,NA,717202.8
QV100-SASS-accel-6d7eb10-gpgpu-bc7bde2,NA,NA,1966080.0,NA,717202.8
QV100-SASS-accel-a6ee5cb-gpgpu-bc7bde2,NA,NA,1966080.0,NA,1966080.0

----------------------------------------------------------------------------------------------------,,,,,
\s+Total_core_cache_stats_breakdown\[GLOBAL_ACC_R\]\[HIT\]\s*=\s*(.*),,,,,
CFG,l2_bw_32f/__tpb_1024___tpsm_1024___fast--_Z5l2_bwPmS_PfS0_jj--0,l2_bw_64f/__tpb_1024___tpsm_1024___fast--_Z5l2_bwPjS_PdS0_jj--0,mem_bw/__tpb_1024___tpsm_1024--_Z6mem_bwPfS_S_S_S_S_PjS0_j--0,shared_bw/__tpb_1024___tpsm_1024___blocks_1--_Z9shared_bwPmS_Pjj--0,AV--VG
QV100-SASS-accel-f677b74-gpgpu-deb5eb5,NA,NA,NA,NA,226075.2
QV100-SASS-accel-c366657-gpgpu-deb5eb5,NA,NA,NA,NA,227579.2
QV100-SASS-accel-a72607f-gpgpu-deb5eb5,NA,NA,NA,NA,226075.2
QV100-SASS-accel-4dbd5b1-gpgpu-deb5eb5,NA,NA,NA,NA,226075.2
QV100-SASS-accel-60ad810-gpgpu-deb5eb5,NA,NA,NA,NA,226075.2
QV100-SASS-accel-0ce7699-gpgpu-deb5eb5,NA,NA,NA,NA,2097152.0
QV100-SASS-accel-6812c12-gpgpu-deb5eb5,NA,NA,NA,NA,226075.2
QV100-SASS-accel-31082a4-gpgpu-1ee03f0,NA,NA,NA,NA,228517.8
QV100-SASS-accel-28e2777-gpgpu-1ee03f0,NA,NA,NA,NA,228517.8
QV100-SASS-accel-10dc9a0-gpgpu-1ee03f0,NA,NA,NA,NA,228517.8
QV100-SASS-accel-9719269-gpgpu-c51350d,NA,NA,NA,NA,228517.8
QV100-SASS-accel-6b6f836-gpgpu-585dcf5,NA,NA,NA,NA,228052.0
QV100-SASS-accel-252e8c4-gpgpu-585dcf5,NA,NA,NA,NA,228052.0
QV100-SASS-accel-a4e0907-gpgpu-6c9e13d,NA,NA,NA,NA,240164.5
QV100-SASS-accel-fea3381-gpgpu-6ad461a,NA,NA,NA,NA,225154.2
QV100-SASS-accel-16c3068-gpgpu-6ad461a,NA,NA,NA,NA,225154.2
QV100-SASS-accel-8f124d9-gpgpu-99b5997,NA,NA,NA,NA,234453.0
QV100-SASS-accel-7a31963-gpgpu-84c4f46,NA,NA,NA,NA,234453.0
QV100-SASS-accel-a8c1d6d-gpgpu-84c4f46,NA,NA,NA,NA,234453.0
QV100-SASS-accel-000be7f-gpgpu-e466afb,NA,NA,NA,NA,232894.4
QV100-SASS-accel-1cb6168-gpgpu-d38b300,NA,NA,NA,NA,234074.0
QV100-SASS-accel-a9305c5-gpgpu-d38b300,NA,NA,NA,NA,234074.0
QV100-SASS-accel-5b93243-gpgpu-d38b300,NA,NA,NA,NA,234074.0
QV100-SASS-accel-5745567-gpgpu-d38b300,NA,NA,NA,NA,234074.0
QV100-SASS-accel-8d1cf8e-gpgpu-d38b300,NA,NA,NA,NA,234074.0
QV100-SASS-accel-17f819f-gpgpu-d38b300,NA,NA,NA,NA,234074.0
QV100-SASS-accel-2f29d2d-gpgpu-1d39b6f,NA,NA,NA,NA,233711.3
QV100-SASS-accel-786503a-gpgpu-13c6711,NA,NA,NA,NA,233084.8
QV100-SASS-accel-53584fc-gpgpu-13c6711,NA,NA,NA,NA,233084.8
QV100-SASS-accel-e02c99d-gpgpu-13c6711,NA,NA,NA,NA,233084.8
QV100-SASS-accel-bccdebb-gpgpu-13c6711,NA,NA,NA,NA,232486.8
QV100-SASS-accel-0f84efb-gpgpu-74cdacd,NA,NA,NA,NA,498054.4
QV100-SASS-accel-7feb41c-gpgpu-74cdacd,NA,NA,NA,NA,232486.8
QV100-SASS-accel-8f77aae-gpgpu-948c0e1,NA,NA,NA,NA,232486.8
QV100-SASS-accel-8f2c50f-gpgpu-6dd3bfc,NA,NA,NA,NA,232486.8
QV100-SASS-accel-2f19b3d-gpgpu-e033c1f,NA,NA,NA,NA,232486.8
QV100-SASS-accel-17e94d7-gpgpu-e033c1f,NA,NA,NA,NA,232486.8
QV100-SASS-accel-dc0bece-gpgpu-e033c1f,NA,NA,NA,NA,232486.8
QV100-SASS-accel-21f6fea-gpgpu-e033c1f,NA,NA,NA,NA,232486.8
QV100-SASS-accel-a88075e-gpgpu-e033c1f,NA,NA,NA,NA,235531.9
QV100-SASS-accel-470e82b-gpgpu-73db3f7,NA,NA,NA,NA,235531.9
QV100-SASS-accel-a6c1a7a-gpgpu-66ae881,NA,NA,NA,NA,235490.8
QV100-SASS-accel-572f6fd-gpgpu-301be9e,NA,NA,NA,NA,235490.8
QV100-SASS-accel-92027de-gpgpu-58beccb,NA,NA,NA,NA,235490.8
QV100-SASS-accel-0c80a10-gpgpu-58beccb,NA,NA,NA,NA,235490.8
QV100-SASS-accel-53da2df-gpgpu-a0c12f5,NA,NA,NA,NA,235490.8
QV100-SASS-accel-86f4430-gpgpu-a0c12f5,NA,NA,NA,NA,235490.8
QV100-SASS-accel-c1a12bc-gpgpu-9aeacdf,NA,NA,NA,NA,235490.8
QV100-SASS-accel-a1ca547-gpgpu-9aeacdf,NA,NA,NA,NA,235490.8
QV100-SASS-accel-a1ca547-gpgpu-67fc78c,NA,NA,NA,NA,235490.8
QV100-SASS-accel-_modifi-gpgpu-67fc78c,NA,NA,NA,NA,235490.8
QV100-SASS-accel-c5fa0e8-gpgpu-bc268aa,NA,NA,NA,NA,209361.3
QV100-SASS-accel-43a51f3-gpgpu-7d3ad23,NA,NA,NA,NA,209361.3
QV100-SASS-accel-4ac0e40-gpgpu-7d3ad23,NA,NA,NA,NA,209361.3
QV100-SASS-accel-efa370c-gpgpu-6b22d66,NA,NA,NA,NA,209361.3
QV100-SASS-accel-66ed9f2-gpgpu-6b22d66,NA,NA,NA,NA,209361.3
QV100-SASS-accel-b1c61bc-gpgpu-6b22d66,NA,NA,NA,NA,209361.3
QV100-SASS-accel-b3d9838-gpgpu-22159f1,NA,NA,NA,NA,209361.3
QV100-SASS-accel-3ff1be8-gpgpu-67d8a3b,NA,NA,NA,NA,209361.3
QV100-SASS-accel-3ff1be8-gpgpu-9d88a1c,NA,NA,NA,NA,209361.3
QV100-SASS-accel-879dc35-gpgpu-3364474,NA,NA,NA,NA,352555.5
QV100-SASS-accel-e7b698e-gpgpu-3364474,NA,NA,NA,NA,352555.5
QV100-SASS-accel-1688c9d-gpgpu-3364474,NA,NA,NA,NA,352555.5
QV100-SASS-accel-a634fe0-gpgpu-3364474,NA,NA,NA,NA,352555.5
QV100-SASS-accel-7a8e345-gpgpu-3364474,NA,NA,NA,NA,352555.5
QV100-SASS-accel-d3ba55f-gpgpu-a3c52cf,NA,NA,NA,NA,352555.5
QV100-SASS-accel-ec00037-gpgpu-a3c52cf,NA,NA,NA,NA,352555.5
QV100-SASS-accel-a619790-gpgpu-a3c52cf,NA,NA,NA,NA,352555.5
QV100-SASS-accel-31777f7-gpgpu-a3c52cf,NA,NA,NA,NA,352555.5
QV100-SASS-accel-6c06571-gpgpu-b18ee39,NA,NA,NA,NA,352555.5
QV100-SASS-accel-96d7923-gpgpu-b18ee39,NA,NA,NA,NA,352555.5
QV100-SASS-accel-ff9a5d6-gpgpu-b18ee39,NA,NA,NA,NA,352555.5
QV100-SASS-accel-3c96d32-gpgpu-b18ee39,NA,NA,NA,NA,352555.5
QV100-SASS-accel-d7f397a-gpgpu-b18ee39,NA,NA,NA,NA,352555.5
QV100-SASS-accel-963526a-gpgpu-b18ee39,0.0,0.0,0.0,0.0,379682.8
QV100-SASS-accel-55194db-gpgpu-6c3cf4f,0.0,0.0,0.0,0.0,379682.8
QV100-SASS-accel-b585512-gpgpu-6c3cf4f,0.0,0.0,0.0,0.0,379682.8
QV100-SASS-accel-bf35ab0-gpgpu-6c3cf4f,0.0,0.0,0.0,0.0,379682.8
QV100-SASS-accel-f0e4574-gpgpu-6c3cf4f,0.0,0.0,0.0,0.0,379682.8
QV100-SASS-accel-9be0e3c-gpgpu-6c3cf4f,0.0,0.0,0.0,0.0,379682.8
QV100-SASS-accel-1b34b87-gpgpu-6c3cf4f,0.0,0.0,0.0,0.0,379682.8
QV100-SASS-accel-f28591a-gpgpu-6c3cf4f,0.0,0.0,0.0,0.0,379682.8
QV100-SASS-accel-3016c65-gpgpu-6c3cf4f,0.0,0.0,0.0,0.0,379682.8
QV100-SASS-accel-0a56c96-gpgpu-15f3c31,0.0,0.0,0.0,0.0,379685.4
QV100-SASS-accel-6d7eb10-gpgpu-bc7bde2,0.0,0.0,0.0,0.0,379685.4
QV100-SASS-accel-a6ee5cb-gpgpu-bc7bde2,0.0,0.0,0.0,0.0,0.0

----------------------------------------------------------------------------------------------------,,,,,
\s+Total_core_cache_stats_breakdown\[GLOBAL_ACC_W\]\[HIT\]\s*=\s*(.*),,,,,
CFG,l2_bw_32f/__tpb_1024___tpsm_1024___fast--_Z5l2_bwPmS_PfS0_jj--0,l2_bw_64f/__tpb_1024___tpsm_1024___fast--_Z5l2_bwPjS_PdS0_jj--0,mem_bw/__tpb_1024___tpsm_1024--_Z6mem_bwPfS_S_S_S_S_PjS0_j--0,shared_bw/__tpb_1024___tpsm_1024___blocks_1--_Z9shared_bwPmS_Pjj--0,AV--VG
QV100-SASS-accel-f677b74-gpgpu-deb5eb5,NA,NA,NA,NA,1.2
QV100-SASS-accel-c366657-gpgpu-deb5eb5,NA,NA,NA,NA,1.2
QV100-SASS-accel-a72607f-gpgpu-deb5eb5,NA,NA,NA,NA,1.2
QV100-SASS-accel-4dbd5b1-gpgpu-deb5eb5,NA,NA,NA,NA,1.2
QV100-SASS-accel-60ad810-gpgpu-deb5eb5,NA,NA,NA,NA,1.2
QV100-SASS-accel-0ce7699-gpgpu-deb5eb5,NA,NA,NA,NA,0.0
QV100-SASS-accel-6812c12-gpgpu-deb5eb5,NA,NA,NA,NA,1.2
QV100-SASS-accel-31082a4-gpgpu-1ee03f0,NA,NA,NA,NA,1.2
QV100-SASS-accel-28e2777-gpgpu-1ee03f0,NA,NA,NA,NA,1.2
QV100-SASS-accel-10dc9a0-gpgpu-1ee03f0,NA,NA,NA,NA,1.2
QV100-SASS-accel-9719269-gpgpu-c51350d,NA,NA,NA,NA,1.2
QV100-SASS-accel-6b6f836-gpgpu-585dcf5,NA,NA,NA,NA,1.2
QV100-SASS-accel-252e8c4-gpgpu-585dcf5,NA,NA,NA,NA,1.2
QV100-SASS-accel-a4e0907-gpgpu-6c9e13d,NA,NA,NA,NA,1025.3
QV100-SASS-accel-fea3381-gpgpu-6ad461a,NA,NA,NA,NA,961.2
QV100-SASS-accel-16c3068-gpgpu-6ad461a,NA,NA,NA,NA,961.2
QV100-SASS-accel-8f124d9-gpgpu-99b5997,NA,NA,NA,NA,961.2
QV100-SASS-accel-7a31963-gpgpu-84c4f46,NA,NA,NA,NA,961.2
QV100-SASS-accel-a8c1d6d-gpgpu-84c4f46,NA,NA,NA,NA,961.2
QV100-SASS-accel-000be7f-gpgpu-e466afb,NA,NA,NA,NA,961.2
QV100-SASS-accel-1cb6168-gpgpu-d38b300,NA,NA,NA,NA,961.2
QV100-SASS-accel-a9305c5-gpgpu-d38b300,NA,NA,NA,NA,961.2
QV100-SASS-accel-5b93243-gpgpu-d38b300,NA,NA,NA,NA,961.2
QV100-SASS-accel-5745567-gpgpu-d38b300,NA,NA,NA,NA,961.2
QV100-SASS-accel-8d1cf8e-gpgpu-d38b300,NA,NA,NA,NA,961.2
QV100-SASS-accel-17f819f-gpgpu-d38b300,NA,NA,NA,NA,961.2
QV100-SASS-accel-2f29d2d-gpgpu-1d39b6f,NA,NA,NA,NA,961.2
QV100-SASS-accel-786503a-gpgpu-13c6711,NA,NA,NA,NA,961.2
QV100-SASS-accel-53584fc-gpgpu-13c6711,NA,NA,NA,NA,961.2
QV100-SASS-accel-e02c99d-gpgpu-13c6711,NA,NA,NA,NA,961.2
QV100-SASS-accel-bccdebb-gpgpu-13c6711,NA,NA,NA,NA,961.2
QV100-SASS-accel-0f84efb-gpgpu-74cdacd,NA,NA,NA,NA,2461.6
QV100-SASS-accel-7feb41c-gpgpu-74cdacd,NA,NA,NA,NA,961.2
QV100-SASS-accel-8f77aae-gpgpu-948c0e1,NA,NA,NA,NA,961.2
QV100-SASS-accel-8f2c50f-gpgpu-6dd3bfc,NA,NA,NA,NA,961.2
QV100-SASS-accel-2f19b3d-gpgpu-e033c1f,NA,NA,NA,NA,961.2
QV100-SASS-accel-17e94d7-gpgpu-e033c1f,NA,NA,NA,NA,961.2
QV100-SASS-accel-dc0bece-gpgpu-e033c1f,NA,NA,NA,NA,961.2
QV100-SASS-accel-21f6fea-gpgpu-e033c1f,NA,NA,NA,NA,961.2
QV100-SASS-accel-a88075e-gpgpu-e033c1f,NA,NA,NA,NA,961.2
QV100-SASS-accel-470e82b-gpgpu-73db3f7,NA,NA,NA,NA,961.2
QV100-SASS-accel-a6c1a7a-gpgpu-66ae881,NA,NA,NA,NA,961.2
QV100-SASS-accel-572f6fd-gpgpu-301be9e,NA,NA,NA,NA,961.2
QV100-SASS-accel-92027de-gpgpu-58beccb,NA,NA,NA,NA,961.2
QV100-SASS-accel-0c80a10-gpgpu-58beccb,NA,NA,NA,NA,961.2
QV100-SASS-accel-53da2df-gpgpu-a0c12f5,NA,NA,NA,NA,961.2
QV100-SASS-accel-86f4430-gpgpu-a0c12f5,NA,NA,NA,NA,961.2
QV100-SASS-accel-c1a12bc-gpgpu-9aeacdf,NA,NA,NA,NA,961.2
QV100-SASS-accel-a1ca547-gpgpu-9aeacdf,NA,NA,NA,NA,961.2
QV100-SASS-accel-a1ca547-gpgpu-67fc78c,NA,NA,NA,NA,961.2
QV100-SASS-accel-_modifi-gpgpu-67fc78c,NA,NA,NA,NA,961.2
QV100-SASS-accel-c5fa0e8-gpgpu-bc268aa,NA,NA,NA,NA,854.4
QV100-SASS-accel-43a51f3-gpgpu-7d3ad23,NA,NA,NA,NA,854.4
QV100-SASS-accel-4ac0e40-gpgpu-7d3ad23,NA,NA,NA,NA,854.4
QV100-SASS-accel-efa370c-gpgpu-6b22d66,NA,NA,NA,NA,854.4
QV100-SASS-accel-66ed9f2-gpgpu-6b22d66,NA,NA,NA,NA,854.4
QV100-SASS-accel-b1c61bc-gpgpu-6b22d66,NA,NA,NA,NA,854.4
QV100-SASS-accel-b3d9838-gpgpu-22159f1,NA,NA,NA,NA,854.4
QV100-SASS-accel-3ff1be8-gpgpu-67d8a3b,NA,NA,NA,NA,854.4
QV100-SASS-accel-3ff1be8-gpgpu-9d88a1c,NA,NA,NA,NA,854.4
QV100-SASS-accel-879dc35-gpgpu-3364474,NA,NA,NA,NA,543.3
QV100-SASS-accel-e7b698e-gpgpu-3364474,NA,NA,NA,NA,543.3
QV100-SASS-accel-1688c9d-gpgpu-3364474,NA,NA,NA,NA,543.3
QV100-SASS-accel-a634fe0-gpgpu-3364474,NA,NA,NA,NA,543.3
QV100-SASS-accel-7a8e345-gpgpu-3364474,NA,NA,NA,NA,543.3
QV100-SASS-accel-d3ba55f-gpgpu-a3c52cf,NA,NA,NA,NA,543.3
QV100-SASS-accel-ec00037-gpgpu-a3c52cf,NA,NA,NA,NA,543.3
QV100-SASS-accel-a619790-gpgpu-a3c52cf,NA,NA,NA,NA,543.3
QV100-SASS-accel-31777f7-gpgpu-a3c52cf,NA,NA,NA,NA,543.3
QV100-SASS-accel-6c06571-gpgpu-b18ee39,NA,NA,NA,NA,543.3
QV100-SASS-accel-96d7923-gpgpu-b18ee39,NA,NA,NA,NA,543.3
QV100-SASS-accel-ff9a5d6-gpgpu-b18ee39,NA,NA,NA,NA,543.3
QV100-SASS-accel-3c96d32-gpgpu-b18ee39,NA,NA,NA,NA,543.3
QV100-SASS-accel-d7f397a-gpgpu-b18ee39,NA,NA,NA,NA,543.3
QV100-SASS-accel-963526a-gpgpu-b18ee39,0.0,0.0,0.0,0.0,543.3
QV100-SASS-accel-55194db-gpgpu-6c3cf4f,0.0,0.0,0.0,0.0,543.3
QV100-SASS-accel-b585512-gpgpu-6c3cf4f,0.0,0.0,0.0,0.0,543.3
QV100-SASS-accel-bf35ab0-gpgpu-6c3cf4f,0.0,0.0,0.0,0.0,543.3
QV100-SASS-accel-f0e4574-gpgpu-6c3cf4f,0.0,0.0,0.0,0.0,543.3
QV100-SASS-accel-9be0e3c-gpgpu-6c3cf4f,0.0,0.0,0.0,0.0,543.3
QV100-SASS-accel-1b34b87-gpgpu-6c3cf4f,0.0,0.0,0.0,0.0,543.3
QV100-SASS-accel-f28591a-gpgpu-6c3cf4f,0.0,0.0,0.0,0.0,543.3
QV100-SASS-accel-3016c65-gpgpu-6c3cf4f,0.0,0.0,0.0,0.0,543.3
QV100-SASS-accel-0a56c96-gpgpu-15f3c31,0.0,0.0,0.0,0.0,543.3
QV100-SASS-accel-6d7eb10-gpgpu-bc7bde2,0.0,0.0,0.0,0.0,543.3
QV100-SASS-accel-a6ee5cb-gpgpu-bc7bde2,0.0,0.0,0.0,0.0,0.0

----------------------------------------------------------------------------------------------------,,,,,
\s+Total_core_cache_stats_breakdown\[GLOBAL_ACC_W\]\[TOTAL_ACCESS\]\s*=\s*(.*),,,,,
CFG,l2_bw_32f/__tpb_1024___tpsm_1024___fast--_Z5l2_bwPmS_PfS0_jj--0,l2_bw_64f/__tpb_1024___tpsm_1024___fast--_Z5l2_bwPjS_PdS0_jj--0,mem_bw/__tpb_1024___tpsm_1024--_Z6mem_bwPfS_S_S_S_S_PjS0_j--0,shared_bw/__tpb_1024___tpsm_1024___blocks_1--_Z9shared_bwPmS_Pjj--0,AV--VG
QV100-SASS-accel-f677b74-gpgpu-deb5eb5,NA,NA,NA,NA,92873.3
QV100-SASS-accel-c366657-gpgpu-deb5eb5,NA,NA,NA,NA,92873.3
QV100-SASS-accel-a72607f-gpgpu-deb5eb5,NA,NA,NA,NA,92873.3
QV100-SASS-accel-4dbd5b1-gpgpu-deb5eb5,NA,NA,NA,NA,92873.3
QV100-SASS-accel-60ad810-gpgpu-deb5eb5,NA,NA,NA,NA,92873.3
QV100-SASS-accel-0ce7699-gpgpu-deb5eb5,NA,NA,NA,NA,384.0
QV100-SASS-accel-6812c12-gpgpu-deb5eb5,NA,NA,NA,NA,92873.3
QV100-SASS-accel-31082a4-gpgpu-1ee03f0,NA,NA,NA,NA,92873.3
QV100-SASS-accel-28e2777-gpgpu-1ee03f0,NA,NA,NA,NA,92873.3
QV100-SASS-accel-10dc9a0-gpgpu-1ee03f0,NA,NA,NA,NA,92873.3
QV100-SASS-accel-9719269-gpgpu-c51350d,NA,NA,NA,NA,92873.3
QV100-SASS-accel-6b6f836-gpgpu-585dcf5,NA,NA,NA,NA,92873.3
QV100-SASS-accel-252e8c4-gpgpu-585dcf5,NA,NA,NA,NA,92873.3
QV100-SASS-accel-a4e0907-gpgpu-6c9e13d,NA,NA,NA,NA,99039.3
QV100-SASS-accel-fea3381-gpgpu-6ad461a,NA,NA,NA,NA,92873.3
QV100-SASS-accel-16c3068-gpgpu-6ad461a,NA,NA,NA,NA,92873.3
QV100-SASS-accel-8f124d9-gpgpu-99b5997,NA,NA,NA,NA,92873.3
QV100-SASS-accel-7a31963-gpgpu-84c4f46,NA,NA,NA,NA,92873.3
QV100-SASS-accel-a8c1d6d-gpgpu-84c4f46,NA,NA,NA,NA,92873.3
QV100-SASS-accel-000be7f-gpgpu-e466afb,NA,NA,NA,NA,92873.3
QV100-SASS-accel-1cb6168-gpgpu-d38b300,NA,NA,NA,NA,92873.3
QV100-SASS-accel-a9305c5-gpgpu-d38b300,NA,NA,NA,NA,92873.3
QV100-SASS-accel-5b93243-gpgpu-d38b300,NA,NA,NA,NA,92873.3
QV100-SASS-accel-5745567-gpgpu-d38b300,NA,NA,NA,NA,92873.3
QV100-SASS-accel-8d1cf8e-gpgpu-d38b300,NA,NA,NA,NA,92873.3
QV100-SASS-accel-17f819f-gpgpu-d38b300,NA,NA,NA,NA,92873.3
QV100-SASS-accel-2f29d2d-gpgpu-1d39b6f,NA,NA,NA,NA,92873.3
QV100-SASS-accel-786503a-gpgpu-13c6711,NA,NA,NA,NA,92873.3
QV100-SASS-accel-53584fc-gpgpu-13c6711,NA,NA,NA,NA,92873.3
QV100-SASS-accel-e02c99d-gpgpu-13c6711,NA,NA,NA,NA,92873.3
QV100-SASS-accel-bccdebb-gpgpu-13c6711,NA,NA,NA,NA,92873.3
QV100-SASS-accel-0f84efb-gpgpu-74cdacd,NA,NA,NA,NA,3535.2
QV100-SASS-accel-7feb41c-gpgpu-74cdacd,NA,NA,NA,NA,92873.3
QV100-SASS-accel-8f77aae-gpgpu-948c0e1,NA,NA,NA,NA,92873.3
QV100-SASS-accel-8f2c50f-gpgpu-6dd3bfc,NA,NA,NA,NA,92873.3
QV100-SASS-accel-2f19b3d-gpgpu-e033c1f,NA,NA,NA,NA,92873.3
QV100-SASS-accel-17e94d7-gpgpu-e033c1f,NA,NA,NA,NA,92873.3
QV100-SASS-accel-dc0bece-gpgpu-e033c1f,NA,NA,NA,NA,92873.3
QV100-SASS-accel-21f6fea-gpgpu-e033c1f,NA,NA,NA,NA,92873.3
QV100-SASS-accel-a88075e-gpgpu-e033c1f,NA,NA,NA,NA,92873.3
QV100-SASS-accel-470e82b-gpgpu-73db3f7,NA,NA,NA,NA,92873.3
QV100-SASS-accel-a6c1a7a-gpgpu-66ae881,NA,NA,NA,NA,92873.3
QV100-SASS-accel-572f6fd-gpgpu-301be9e,NA,NA,NA,NA,92873.3
QV100-SASS-accel-92027de-gpgpu-58beccb,NA,NA,NA,NA,92873.3
QV100-SASS-accel-0c80a10-gpgpu-58beccb,NA,NA,NA,NA,92873.3
QV100-SASS-accel-53da2df-gpgpu-a0c12f5,NA,NA,NA,NA,92873.3
QV100-SASS-accel-86f4430-gpgpu-a0c12f5,NA,NA,NA,NA,92873.3
QV100-SASS-accel-c1a12bc-gpgpu-9aeacdf,NA,NA,NA,NA,92873.3
QV100-SASS-accel-a1ca547-gpgpu-9aeacdf,NA,NA,NA,NA,92873.3
QV100-SASS-accel-a1ca547-gpgpu-67fc78c,NA,NA,NA,NA,92873.3
QV100-SASS-accel-_modifi-gpgpu-67fc78c,NA,NA,NA,NA,92873.3
QV100-SASS-accel-c5fa0e8-gpgpu-bc268aa,NA,NA,NA,NA,86194.9
QV100-SASS-accel-43a51f3-gpgpu-7d3ad23,NA,NA,NA,NA,86194.9
QV100-SASS-accel-4ac0e40-gpgpu-7d3ad23,NA,NA,NA,NA,86194.9
QV100-SASS-accel-efa370c-gpgpu-6b22d66,NA,NA,NA,NA,86194.9
QV100-SASS-accel-66ed9f2-gpgpu-6b22d66,NA,NA,NA,NA,86194.9
QV100-SASS-accel-b1c61bc-gpgpu-6b22d66,NA,NA,NA,NA,86194.9
QV100-SASS-accel-b3d9838-gpgpu-22159f1,NA,NA,NA,NA,86194.9
QV100-SASS-accel-3ff1be8-gpgpu-67d8a3b,NA,NA,NA,NA,86194.9
QV100-SASS-accel-3ff1be8-gpgpu-9d88a1c,NA,NA,NA,NA,86194.9
QV100-SASS-accel-879dc35-gpgpu-3364474,NA,NA,NA,NA,92047.8
QV100-SASS-accel-e7b698e-gpgpu-3364474,NA,NA,NA,NA,92047.8
QV100-SASS-accel-1688c9d-gpgpu-3364474,NA,NA,NA,NA,92047.8
QV100-SASS-accel-a634fe0-gpgpu-3364474,NA,NA,NA,NA,92047.8
QV100-SASS-accel-7a8e345-gpgpu-3364474,NA,NA,NA,NA,92047.8
QV100-SASS-accel-d3ba55f-gpgpu-a3c52cf,NA,NA,NA,NA,92047.8
QV100-SASS-accel-ec00037-gpgpu-a3c52cf,NA,NA,NA,NA,92047.8
QV100-SASS-accel-a619790-gpgpu-a3c52cf,NA,NA,NA,NA,92047.8
QV100-SASS-accel-31777f7-gpgpu-a3c52cf,NA,NA,NA,NA,92047.8
QV100-SASS-accel-6c06571-gpgpu-b18ee39,NA,NA,NA,NA,92047.8
QV100-SASS-accel-96d7923-gpgpu-b18ee39,NA,NA,NA,NA,92047.8
QV100-SASS-accel-ff9a5d6-gpgpu-b18ee39,NA,NA,NA,NA,92047.8
QV100-SASS-accel-3c96d32-gpgpu-b18ee39,NA,NA,NA,NA,92047.8
QV100-SASS-accel-d7f397a-gpgpu-b18ee39,NA,NA,NA,NA,92047.8
QV100-SASS-accel-963526a-gpgpu-b18ee39,102400.0,81920.0,413696.0,640.0,63134.8
QV100-SASS-accel-55194db-gpgpu-6c3cf4f,102400.0,81920.0,413696.0,640.0,63134.8
QV100-SASS-accel-b585512-gpgpu-6c3cf4f,102400.0,81920.0,413696.0,640.0,63134.8
QV100-SASS-accel-bf35ab0-gpgpu-6c3cf4f,102400.0,81920.0,413696.0,640.0,63134.8
QV100-SASS-accel-f0e4574-gpgpu-6c3cf4f,102400.0,81920.0,413696.0,640.0,63134.8
QV100-SASS-accel-9be0e3c-gpgpu-6c3cf4f,102400.0,81920.0,413696.0,640.0,63134.8
QV100-SASS-accel-1b34b87-gpgpu-6c3cf4f,102400.0,81920.0,413696.0,640.0,63134.8
QV100-SASS-accel-f28591a-gpgpu-6c3cf4f,102400.0,81920.0,413696.0,640.0,63134.8
QV100-SASS-accel-3016c65-gpgpu-6c3cf4f,102400.0,81920.0,413696.0,640.0,63134.8
QV100-SASS-accel-0a56c96-gpgpu-15f3c31,102400.0,81920.0,413696.0,640.0,63134.8
QV100-SASS-accel-6d7eb10-gpgpu-bc7bde2,102400.0,81920.0,413696.0,640.0,63134.8
QV100-SASS-accel-a6ee5cb-gpgpu-bc7bde2,102400.0,81920.0,413696.0,640.0,149664.0

----------------------------------------------------------------------------------------------------,,,,,
\s+Total_core_cache_stats_breakdown\[GLOBAL_ACC_R\]\[MSHR_HIT\]\s*=\s*(.*),,,,,
CFG,l2_bw_32f/__tpb_1024___tpsm_1024___fast--_Z5l2_bwPmS_PfS0_jj--0,l2_bw_64f/__tpb_1024___tpsm_1024___fast--_Z5l2_bwPjS_PdS0_jj--0,mem_bw/__tpb_1024___tpsm_1024--_Z6mem_bwPfS_S_S_S_S_PjS0_j--0,shared_bw/__tpb_1024___tpsm_1024___blocks_1--_Z9shared_bwPmS_Pjj--0,AV--VG
QV100-SASS-accel-f677b74-gpgpu-deb5eb5,NA,NA,NA,NA,7311.5
QV100-SASS-accel-c366657-gpgpu-deb5eb5,NA,NA,NA,NA,6752.2
QV100-SASS-accel-a72607f-gpgpu-deb5eb5,NA,NA,NA,NA,7311.5
QV100-SASS-accel-4dbd5b1-gpgpu-deb5eb5,NA,NA,NA,NA,7311.5
QV100-SASS-accel-60ad810-gpgpu-deb5eb5,NA,NA,NA,NA,7311.5
QV100-SASS-accel-0ce7699-gpgpu-deb5eb5,NA,NA,NA,NA,0.0
QV100-SASS-accel-6812c12-gpgpu-deb5eb5,NA,NA,NA,NA,7311.5
QV100-SASS-accel-31082a4-gpgpu-1ee03f0,NA,NA,NA,NA,6414.4
QV100-SASS-accel-28e2777-gpgpu-1ee03f0,NA,NA,NA,NA,6414.4
QV100-SASS-accel-10dc9a0-gpgpu-1ee03f0,NA,NA,NA,NA,6414.4
QV100-SASS-accel-9719269-gpgpu-c51350d,NA,NA,NA,NA,6414.4
QV100-SASS-accel-6b6f836-gpgpu-585dcf5,NA,NA,NA,NA,7254.4
QV100-SASS-accel-252e8c4-gpgpu-585dcf5,NA,NA,NA,NA,7254.4
QV100-SASS-accel-a4e0907-gpgpu-6c9e13d,NA,NA,NA,NA,9996.2
QV100-SASS-accel-fea3381-gpgpu-6ad461a,NA,NA,NA,NA,9371.4
QV100-SASS-accel-16c3068-gpgpu-6ad461a,NA,NA,NA,NA,9371.4
QV100-SASS-accel-8f124d9-gpgpu-99b5997,NA,NA,NA,NA,2096.2
QV100-SASS-accel-7a31963-gpgpu-84c4f46,NA,NA,NA,NA,2096.2
QV100-SASS-accel-a8c1d6d-gpgpu-84c4f46,NA,NA,NA,NA,2096.2
QV100-SASS-accel-000be7f-gpgpu-e466afb,NA,NA,NA,NA,3654.8
QV100-SASS-accel-1cb6168-gpgpu-d38b300,NA,NA,NA,NA,2475.2
QV100-SASS-accel-a9305c5-gpgpu-d38b300,NA,NA,NA,NA,2475.2
QV100-SASS-accel-5b93243-gpgpu-d38b300,NA,NA,NA,NA,2475.2
QV100-SASS-accel-5745567-gpgpu-d38b300,NA,NA,NA,NA,2475.2
QV100-SASS-accel-8d1cf8e-gpgpu-d38b300,NA,NA,NA,NA,2475.2
QV100-SASS-accel-17f819f-gpgpu-d38b300,NA,NA,NA,NA,2475.2
QV100-SASS-accel-2f29d2d-gpgpu-1d39b6f,NA,NA,NA,NA,2837.9
QV100-SASS-accel-786503a-gpgpu-13c6711,NA,NA,NA,NA,3464.4
QV100-SASS-accel-53584fc-gpgpu-13c6711,NA,NA,NA,NA,3464.4
QV100-SASS-accel-e02c99d-gpgpu-13c6711,NA,NA,NA,NA,3464.4
QV100-SASS-accel-bccdebb-gpgpu-13c6711,NA,NA,NA,NA,4062.4
QV100-SASS-accel-0f84efb-gpgpu-74cdacd,NA,NA,NA,NA,16.0
QV100-SASS-accel-7feb41c-gpgpu-74cdacd,NA,NA,NA,NA,4062.4
QV100-SASS-accel-8f77aae-gpgpu-948c0e1,NA,NA,NA,NA,4062.4
QV100-SASS-accel-8f2c50f-gpgpu-6dd3bfc,NA,NA,NA,NA,4062.4
QV100-SASS-accel-2f19b3d-gpgpu-e033c1f,NA,NA,NA,NA,4062.4
QV100-SASS-accel-17e94d7-gpgpu-e033c1f,NA,NA,NA,NA,4062.4
QV100-SASS-accel-dc0bece-gpgpu-e033c1f,NA,NA,NA,NA,4062.4
QV100-SASS-accel-21f6fea-gpgpu-e033c1f,NA,NA,NA,NA,4062.4
QV100-SASS-accel-a88075e-gpgpu-e033c1f,NA,NA,NA,NA,1017.3
QV100-SASS-accel-470e82b-gpgpu-73db3f7,NA,NA,NA,NA,1017.3
QV100-SASS-accel-a6c1a7a-gpgpu-66ae881,NA,NA,NA,NA,1058.4
QV100-SASS-accel-572f6fd-gpgpu-301be9e,NA,NA,NA,NA,1058.4
QV100-SASS-accel-92027de-gpgpu-58beccb,NA,NA,NA,NA,1058.4
QV100-SASS-accel-0c80a10-gpgpu-58beccb,NA,NA,NA,NA,1058.4
QV100-SASS-accel-53da2df-gpgpu-a0c12f5,NA,NA,NA,NA,1058.4
QV100-SASS-accel-86f4430-gpgpu-a0c12f5,NA,NA,NA,NA,1058.4
QV100-SASS-accel-c1a12bc-gpgpu-9aeacdf,NA,NA,NA,NA,1058.4
QV100-SASS-accel-a1ca547-gpgpu-9aeacdf,NA,NA,NA,NA,1058.4
QV100-SASS-accel-a1ca547-gpgpu-67fc78c,NA,NA,NA,NA,1058.4
QV100-SASS-accel-_modifi-gpgpu-67fc78c,NA,NA,NA,NA,1058.4
QV100-SASS-accel-c5fa0e8-gpgpu-bc268aa,NA,NA,NA,NA,904.7
QV100-SASS-accel-43a51f3-gpgpu-7d3ad23,NA,NA,NA,NA,904.7
QV100-SASS-accel-4ac0e40-gpgpu-7d3ad23,NA,NA,NA,NA,904.7
QV100-SASS-accel-efa370c-gpgpu-6b22d66,NA,NA,NA,NA,904.7
QV100-SASS-accel-66ed9f2-gpgpu-6b22d66,NA,NA,NA,NA,904.7
QV100-SASS-accel-b1c61bc-gpgpu-6b22d66,NA,NA,NA,NA,904.7
QV100-SASS-accel-b3d9838-gpgpu-22159f1,NA,NA,NA,NA,904.7
QV100-SASS-accel-3ff1be8-gpgpu-67d8a3b,NA,NA,NA,NA,904.7
QV100-SASS-accel-3ff1be8-gpgpu-9d88a1c,NA,NA,NA,NA,904.7
QV100-SASS-accel-879dc35-gpgpu-3364474,NA,NA,NA,NA,1165.9
QV100-SASS-accel-e7b698e-gpgpu-3364474,NA,NA,NA,NA,1165.9
QV100-SASS-accel-1688c9d-gpgpu-3364474,NA,NA,NA,NA,1165.9
QV100-SASS-accel-a634fe0-gpgpu-3364474,NA,NA,NA,NA,1165.9
QV100-SASS-accel-7a8e345-gpgpu-3364474,NA,NA,NA,NA,1165.9
QV100-SASS-accel-d3ba55f-gpgpu-a3c52cf,NA,NA,NA,NA,1165.9
QV100-SASS-accel-ec00037-gpgpu-a3c52cf,NA,NA,NA,NA,1165.9
QV100-SASS-accel-a619790-gpgpu-a3c52cf,NA,NA,NA,NA,1165.9
QV100-SASS-accel-31777f7-gpgpu-a3c52cf,NA,NA,NA,NA,1165.9
QV100-SASS-accel-6c06571-gpgpu-b18ee39,NA,NA,NA,NA,1165.9
QV100-SASS-accel-96d7923-gpgpu-b18ee39,NA,NA,NA,NA,1165.9
QV100-SASS-accel-ff9a5d6-gpgpu-b18ee39,NA,NA,NA,NA,1165.9
QV100-SASS-accel-3c96d32-gpgpu-b18ee39,NA,NA,NA,NA,1165.9
QV100-SASS-accel-d7f397a-gpgpu-b18ee39,NA,NA,NA,NA,1165.9
QV100-SASS-accel-963526a-gpgpu-b18ee39,0.0,0.0,0.0,0.0,5105.0
QV100-SASS-accel-55194db-gpgpu-6c3cf4f,0.0,0.0,0.0,0.0,5105.0
QV100-SASS-accel-b585512-gpgpu-6c3cf4f,0.0,0.0,0.0,0.0,5105.0
QV100-SASS-accel-bf35ab0-gpgpu-6c3cf4f,0.0,0.0,0.0,0.0,5105.0
QV100-SASS-accel-f0e4574-gpgpu-6c3cf4f,0.0,0.0,0.0,0.0,5105.0
QV100-SASS-accel-9be0e3c-gpgpu-6c3cf4f,0.0,0.0,0.0,0.0,5105.0
QV100-SASS-accel-1b34b87-gpgpu-6c3cf4f,0.0,0.0,0.0,0.0,5105.0
QV100-SASS-accel-f28591a-gpgpu-6c3cf4f,0.0,0.0,0.0,0.0,5105.0
QV100-SASS-accel-3016c65-gpgpu-6c3cf4f,0.0,0.0,0.0,0.0,5105.0
QV100-SASS-accel-0a56c96-gpgpu-15f3c31,0.0,0.0,0.0,0.0,5102.4
QV100-SASS-accel-6d7eb10-gpgpu-bc7bde2,0.0,0.0,0.0,0.0,5102.4
QV100-SASS-accel-a6ee5cb-gpgpu-bc7bde2,0.0,0.0,0.0,0.0,0.0

----------------------------------------------------------------------------------------------------,,,,,
gpgpu_n_tot_w_icount\s*=\s*(.*),,,,,
CFG,l2_bw_32f/__tpb_1024___tpsm_1024___fast--_Z5l2_bwPmS_PfS0_jj--0,l2_bw_64f/__tpb_1024___tpsm_1024___fast--_Z5l2_bwPjS_PdS0_jj--0,mem_bw/__tpb_1024___tpsm_1024--_Z6mem_bwPfS_S_S_S_S_PjS0_j--0,shared_bw/__tpb_1024___tpsm_1024___blocks_1--_Z9shared_bwPmS_Pjj--0,AV--VG
QV100-SASS-accel-f677b74-gpgpu-deb5eb5,NA,NA,NA,NA,3565820.1
QV100-SASS-accel-c366657-gpgpu-deb5eb5,NA,NA,NA,NA,3565820.1
QV100-SASS-accel-a72607f-gpgpu-deb5eb5,NA,NA,NA,NA,3565820.1
QV100-SASS-accel-4dbd5b1-gpgpu-deb5eb5,NA,NA,NA,NA,3565820.1
QV100-SASS-accel-60ad810-gpgpu-deb5eb5,NA,NA,NA,NA,3565820.1
QV100-SASS-accel-0ce7699-gpgpu-deb5eb5,NA,NA,NA,NA,1313312.0
QV100-SASS-accel-6812c12-gpgpu-deb5eb5,NA,NA,NA,NA,3565820.1
QV100-SASS-accel-31082a4-gpgpu-1ee03f0,NA,NA,NA,NA,1541063.1
QV100-SASS-accel-28e2777-gpgpu-1ee03f0,NA,NA,NA,NA,1541063.1
QV100-SASS-accel-10dc9a0-gpgpu-1ee03f0,NA,NA,NA,NA,1541063.1
QV100-SASS-accel-9719269-gpgpu-c51350d,NA,NA,NA,NA,1541063.1
QV100-SASS-accel-6b6f836-gpgpu-585dcf5,NA,NA,NA,NA,1541063.1
QV100-SASS-accel-252e8c4-gpgpu-585dcf5,NA,NA,NA,NA,1541063.1
QV100-SASS-accel-a4e0907-gpgpu-6c9e13d,NA,NA,NA,NA,1243802.7
QV100-SASS-accel-fea3381-gpgpu-6ad461a,NA,NA,NA,NA,1541063.1
QV100-SASS-accel-16c3068-gpgpu-6ad461a,NA,NA,NA,NA,1541063.1
QV100-SASS-accel-8f124d9-gpgpu-99b5997,NA,NA,NA,NA,1541063.1
QV100-SASS-accel-7a31963-gpgpu-84c4f46,NA,NA,NA,NA,1541063.1
QV100-SASS-accel-a8c1d6d-gpgpu-84c4f46,NA,NA,NA,NA,1541063.1
QV100-SASS-accel-000be7f-gpgpu-e466afb,NA,NA,NA,NA,1541063.1
QV100-SASS-accel-1cb6168-gpgpu-d38b300,NA,NA,NA,NA,1541063.1
QV100-SASS-accel-a9305c5-gpgpu-d38b300,NA,NA,NA,NA,1541063.1
QV100-SASS-accel-5b93243-gpgpu-d38b300,NA,NA,NA,NA,1541063.1
QV100-SASS-accel-5745567-gpgpu-d38b300,NA,NA,NA,NA,1541063.1
QV100-SASS-accel-8d1cf8e-gpgpu-d38b300,NA,NA,NA,NA,1541063.1
QV100-SASS-accel-17f819f-gpgpu-d38b300,NA,NA,NA,NA,1541063.1
QV100-SASS-accel-2f29d2d-gpgpu-1d39b6f,NA,NA,NA,NA,1541063.1
QV100-SASS-accel-786503a-gpgpu-13c6711,NA,NA,NA,NA,1541063.1
QV100-SASS-accel-53584fc-gpgpu-13c6711,NA,NA,NA,NA,1541063.1
QV100-SASS-accel-e02c99d-gpgpu-13c6711,NA,NA,NA,NA,1541063.1
QV100-SASS-accel-bccdebb-gpgpu-13c6711,NA,NA,NA,NA,1541063.1
QV100-SASS-accel-0f84efb-gpgpu-74cdacd,NA,NA,NA,NA,320057.6
QV100-SASS-accel-7feb41c-gpgpu-74cdacd,NA,NA,NA,NA,1541063.1
QV100-SASS-accel-8f77aae-gpgpu-948c0e1,NA,NA,NA,NA,1541063.1
QV100-SASS-accel-8f2c50f-gpgpu-6dd3bfc,NA,NA,NA,NA,1541063.1
QV100-SASS-accel-2f19b3d-gpgpu-e033c1f,NA,NA,NA,NA,1541063.1
QV100-SASS-accel-17e94d7-gpgpu-e033c1f,NA,NA,NA,NA,1541063.1
QV100-SASS-accel-dc0bece-gpgpu-e033c1f,NA,NA,NA,NA,1541063.1
QV100-SASS-accel-21f6fea-gpgpu-e033c1f,NA,NA,NA,NA,1541063.1
QV100-SASS-accel-a88075e-gpgpu-e033c1f,NA,NA,NA,NA,1541063.1
QV100-SASS-accel-470e82b-gpgpu-73db3f7,NA,NA,NA,NA,1541063.1
QV100-SASS-accel-a6c1a7a-gpgpu-66ae881,NA,NA,NA,NA,1541063.1
QV100-SASS-accel-572f6fd-gpgpu-301be9e,NA,NA,NA,NA,1541063.1
QV100-SASS-accel-92027de-gpgpu-58beccb,NA,NA,NA,NA,1541063.1
QV100-SASS-accel-0c80a10-gpgpu-58beccb,NA,NA,NA,NA,1541063.1
QV100-SASS-accel-53da2df-gpgpu-a0c12f5,NA,NA,NA,NA,1541063.1
QV100-SASS-accel-86f4430-gpgpu-a0c12f5,NA,NA,NA,NA,1541063.1
QV100-SASS-accel-c1a12bc-gpgpu-9aeacdf,NA,NA,NA,NA,1541063.1
QV100-SASS-accel-a1ca547-gpgpu-9aeacdf,NA,NA,NA,NA,1541063.1
QV100-SASS-accel-a1ca547-gpgpu-67fc78c,NA,NA,NA,NA,1541063.1
QV100-SASS-accel-_modifi-gpgpu-67fc78c,NA,NA,NA,NA,1541063.1
QV100-SASS-accel-c5fa0e8-gpgpu-bc268aa,NA,NA,NA,NA,1380756.5
QV100-SASS-accel-43a51f3-gpgpu-7d3ad23,NA,NA,NA,NA,1380756.5
QV100-SASS-accel-4ac0e40-gpgpu-7d3ad23,NA,NA,NA,NA,1380756.5
QV100-SASS-accel-efa370c-gpgpu-6b22d66,NA,NA,NA,NA,1380756.5
QV100-SASS-accel-66ed9f2-gpgpu-6b22d66,NA,NA,NA,NA,1380756.5
QV100-SASS-accel-b1c61bc-gpgpu-6b22d66,NA,NA,NA,NA,1380756.5
QV100-SASS-accel-b3d9838-gpgpu-22159f1,NA,NA,NA,NA,1380756.5
QV100-SASS-accel-3ff1be8-gpgpu-67d8a3b,NA,NA,NA,NA,1380756.5
QV100-SASS-accel-3ff1be8-gpgpu-9d88a1c,NA,NA,NA,NA,1380756.5
QV100-SASS-accel-879dc35-gpgpu-3364474,NA,NA,NA,NA,2787499.9
QV100-SASS-accel-e7b698e-gpgpu-3364474,NA,NA,NA,NA,2787499.9
QV100-SASS-accel-1688c9d-gpgpu-3364474,NA,NA,NA,NA,2787499.9
QV100-SASS-accel-a634fe0-gpgpu-3364474,NA,NA,NA,NA,2787499.9
QV100-SASS-accel-7a8e345-gpgpu-3364474,NA,NA,NA,NA,2787499.9
QV100-SASS-accel-d3ba55f-gpgpu-a3c52cf,NA,NA,NA,NA,2787499.9
QV100-SASS-accel-ec00037-gpgpu-a3c52cf,NA,NA,NA,NA,2787499.9
QV100-SASS-accel-a619790-gpgpu-a3c52cf,NA,NA,NA,NA,2787499.9
QV100-SASS-accel-31777f7-gpgpu-a3c52cf,NA,NA,NA,NA,2787499.9
QV100-SASS-accel-6c06571-gpgpu-b18ee39,NA,NA,NA,NA,2787499.9
QV100-SASS-accel-96d7923-gpgpu-b18ee39,NA,NA,NA,NA,2787499.9
QV100-SASS-accel-ff9a5d6-gpgpu-b18ee39,NA,NA,NA,NA,2787499.9
QV100-SASS-accel-3c96d32-gpgpu-b18ee39,NA,NA,NA,NA,2787499.9
QV100-SASS-accel-d7f397a-gpgpu-b18ee39,NA,NA,NA,NA,2787499.9
QV100-SASS-accel-963526a-gpgpu-b18ee39,19320320.0,19320320.0,875008.0,271008.0,2836217.2
QV100-SASS-accel-55194db-gpgpu-6c3cf4f,19320320.0,19320320.0,875008.0,271008.0,2836217.2
QV100-SASS-accel-b585512-gpgpu-6c3cf4f,19320320.0,19320320.0,875008.0,271008.0,2836217.2
QV100-SASS-accel-bf35ab0-gpgpu-6c3cf4f,19320320.0,19320320.0,875008.0,271008.0,2836217.2
QV100-SASS-accel-f0e4574-gpgpu-6c3cf4f,19320320.0,19320320.0,875008.0,271008.0,2836217.2
QV100-SASS-accel-9be0e3c-gpgpu-6c3cf4f,19320320.0,19320320.0,875008.0,271008.0,2836217.2
QV100-SASS-accel-1b34b87-gpgpu-6c3cf4f,19320320.0,19320320.0,875008.0,271008.0,2836217.2
QV100-SASS-accel-f28591a-gpgpu-6c3cf4f,19320320.0,19320320.0,875008.0,271008.0,2836217.2
QV100-SASS-accel-3016c65-gpgpu-6c3cf4f,19320320.0,19320320.0,875008.0,271008.0,2836217.2
QV100-SASS-accel-0a56c96-gpgpu-15f3c31,19320320.0,19320320.0,875008.0,271008.0,2836217.2
QV100-SASS-accel-6d7eb10-gpgpu-bc7bde2,19320320.0,19320320.0,875008.0,271008.0,2836217.2
QV100-SASS-accel-a6ee5cb-gpgpu-bc7bde2,19320320.0,19320320.0,875008.0,271008.0,9946664.0

----------------------------------------------------------------------------------------------------,,,,,
total dram reads\s*=\s*(.*),,,,,
CFG,l2_bw_32f/__tpb_1024___tpsm_1024___fast--_Z5l2_bwPmS_PfS0_jj--0,l2_bw_64f/__tpb_1024___tpsm_1024___fast--_Z5l2_bwPjS_PdS0_jj--0,mem_bw/__tpb_1024___tpsm_1024--_Z6mem_bwPfS_S_S_S_S_PjS0_j--0,shared_bw/__tpb_1024___tpsm_1024___blocks_1--_Z9shared_bwPmS_Pjj--0,AV--VG
QV100-SASS-accel-f677b74-gpgpu-deb5eb5,NA,NA,NA,NA,335179.6
QV100-SASS-accel-c366657-gpgpu-deb5eb5,NA,NA,NA,NA,335179.6
QV100-SASS-accel-a72607f-gpgpu-deb5eb5,NA,NA,NA,NA,335179.6
QV100-SASS-accel-4dbd5b1-gpgpu-deb5eb5,NA,NA,NA,NA,335179.6
QV100-SASS-accel-60ad810-gpgpu-deb5eb5,NA,NA,NA,NA,335179.6
QV100-SASS-accel-0ce7699-gpgpu-deb5eb5,NA,NA,NA,NA,2048.0
QV100-SASS-accel-6812c12-gpgpu-deb5eb5,NA,NA,NA,NA,335179.6
QV100-SASS-accel-31082a4-gpgpu-1ee03f0,NA,NA,NA,NA,333995.1
QV100-SASS-accel-28e2777-gpgpu-1ee03f0,NA,NA,NA,NA,333995.1
QV100-SASS-accel-10dc9a0-gpgpu-1ee03f0,NA,NA,NA,NA,333995.1
QV100-SASS-accel-9719269-gpgpu-c51350d,NA,NA,NA,NA,333995.1
QV100-SASS-accel-6b6f836-gpgpu-585dcf5,NA,NA,NA,NA,334001.1
QV100-SASS-accel-252e8c4-gpgpu-585dcf5,NA,NA,NA,NA,334001.1
QV100-SASS-accel-a4e0907-gpgpu-6c9e13d,NA,NA,NA,NA,356262.7
QV100-SASS-accel-fea3381-gpgpu-6ad461a,NA,NA,NA,NA,333996.3
QV100-SASS-accel-16c3068-gpgpu-6ad461a,NA,NA,NA,NA,333996.3
QV100-SASS-accel-8f124d9-gpgpu-99b5997,NA,NA,NA,NA,333706.1
QV100-SASS-accel-7a31963-gpgpu-84c4f46,NA,NA,NA,NA,333706.1
QV100-SASS-accel-a8c1d6d-gpgpu-84c4f46,NA,NA,NA,NA,333706.1
QV100-SASS-accel-000be7f-gpgpu-e466afb,NA,NA,NA,NA,333702.8
QV100-SASS-accel-1cb6168-gpgpu-d38b300,NA,NA,NA,NA,333709.3
QV100-SASS-accel-a9305c5-gpgpu-d38b300,NA,NA,NA,NA,333709.3
QV100-SASS-accel-5b93243-gpgpu-d38b300,NA,NA,NA,NA,333709.3
QV100-SASS-accel-5745567-gpgpu-d38b300,NA,NA,NA,NA,333709.3
QV100-SASS-accel-8d1cf8e-gpgpu-d38b300,NA,NA,NA,NA,333709.3
QV100-SASS-accel-17f819f-gpgpu-d38b300,NA,NA,NA,NA,333709.3
QV100-SASS-accel-2f29d2d-gpgpu-1d39b6f,NA,NA,NA,NA,333706.8
QV100-SASS-accel-786503a-gpgpu-13c6711,NA,NA,NA,NA,333675.8
QV100-SASS-accel-53584fc-gpgpu-13c6711,NA,NA,NA,NA,333675.8
QV100-SASS-accel-e02c99d-gpgpu-13c6711,NA,NA,NA,NA,333675.8
QV100-SASS-accel-bccdebb-gpgpu-13c6711,NA,NA,NA,NA,333671.6
QV100-SASS-accel-0f84efb-gpgpu-74cdacd,NA,NA,NA,NA,1232.8
QV100-SASS-accel-7feb41c-gpgpu-74cdacd,NA,NA,NA,NA,333671.6
QV100-SASS-accel-8f77aae-gpgpu-948c0e1,NA,NA,NA,NA,333671.6
QV100-SASS-accel-8f2c50f-gpgpu-6dd3bfc,NA,NA,NA,NA,333671.6
QV100-SASS-accel-2f19b3d-gpgpu-e033c1f,NA,NA,NA,NA,333671.6
QV100-SASS-accel-17e94d7-gpgpu-e033c1f,NA,NA,NA,NA,333671.6
QV100-SASS-accel-dc0bece-gpgpu-e033c1f,NA,NA,NA,NA,333671.6
QV100-SASS-accel-21f6fea-gpgpu-e033c1f,NA,NA,NA,NA,333672.1
QV100-SASS-accel-a88075e-gpgpu-e033c1f,NA,NA,NA,NA,333669.6
QV100-SASS-accel-470e82b-gpgpu-73db3f7,NA,NA,NA,NA,333669.6
QV100-SASS-accel-a6c1a7a-gpgpu-66ae881,NA,NA,NA,NA,333669.6
QV100-SASS-accel-572f6fd-gpgpu-301be9e,NA,NA,NA,NA,333669.6
QV100-SASS-accel-92027de-gpgpu-58beccb,NA,NA,NA,NA,333669.6
QV100-SASS-accel-0c80a10-gpgpu-58beccb,NA,NA,NA,NA,333669.6
QV100-SASS-accel-53da2df-gpgpu-a0c12f5,NA,NA,NA,NA,333669.6
QV100-SASS-accel-86f4430-gpgpu-a0c12f5,NA,NA,NA,NA,333669.6
QV100-SASS-accel-c1a12bc-gpgpu-9aeacdf,NA,NA,NA,NA,333669.6
QV100-SASS-accel-a1ca547-gpgpu-9aeacdf,NA,NA,NA,NA,333669.6
QV100-SASS-accel-a1ca547-gpgpu-67fc78c,NA,NA,NA,NA,333669.6
QV100-SASS-accel-_modifi-gpgpu-67fc78c,NA,NA,NA,NA,333669.6
QV100-SASS-accel-c5fa0e8-gpgpu-bc268aa,NA,NA,NA,NA,300237.6
QV100-SASS-accel-43a51f3-gpgpu-7d3ad23,NA,NA,NA,NA,300237.6
QV100-SASS-accel-4ac0e40-gpgpu-7d3ad23,NA,NA,NA,NA,300237.6
QV100-SASS-accel-efa370c-gpgpu-6b22d66,NA,NA,NA,NA,300237.6
QV100-SASS-accel-66ed9f2-gpgpu-6b22d66,NA,NA,NA,NA,300237.6
QV100-SASS-accel-b1c61bc-gpgpu-6b22d66,NA,NA,NA,NA,300237.6
QV100-SASS-accel-b3d9838-gpgpu-22159f1,NA,NA,NA,NA,300237.6
QV100-SASS-accel-3ff1be8-gpgpu-67d8a3b,NA,NA,NA,NA,300237.6
QV100-SASS-accel-3ff1be8-gpgpu-9d88a1c,NA,NA,NA,NA,300237.6
QV100-SASS-accel-879dc35-gpgpu-3364474,NA,NA,NA,NA,318186.6
QV100-SASS-accel-e7b698e-gpgpu-3364474,NA,NA,NA,NA,318186.6
QV100-SASS-accel-1688c9d-gpgpu-3364474,NA,NA,NA,NA,318186.6
QV100-SASS-accel-a634fe0-gpgpu-3364474,NA,NA,NA,NA,318186.6
QV100-SASS-accel-7a8e345-gpgpu-3364474,NA,NA,NA,NA,318186.6
QV100-SASS-accel-d3ba55f-gpgpu-a3c52cf,NA,NA,NA,NA,318186.6
QV100-SASS-accel-ec00037-gpgpu-a3c52cf,NA,NA,NA,NA,318186.6
QV100-SASS-accel-a619790-gpgpu-a3c52cf,NA,NA,NA,NA,318186.6
QV100-SASS-accel-31777f7-gpgpu-a3c52cf,NA,NA,NA,NA,318186.6
QV100-SASS-accel-6c06571-gpgpu-b18ee39,NA,NA,NA,NA,318186.6
QV100-SASS-accel-96d7923-gpgpu-b18ee39,NA,NA,NA,NA,318186.6
QV100-SASS-accel-ff9a5d6-gpgpu-b18ee39,NA,NA,NA,NA,318186.6
QV100-SASS-accel-3c96d32-gpgpu-b18ee39,NA,NA,NA,NA,318186.6
QV100-SASS-accel-d7f397a-gpgpu-b18ee39,NA,NA,NA,NA,318186.6
QV100-SASS-accel-963526a-gpgpu-b18ee39,22528.0,45056.0,1966080.0,0.0,125448.5
QV100-SASS-accel-55194db-gpgpu-6c3cf4f,22528.0,45056.0,1966080.0,0.0,125448.5
QV100-SASS-accel-b585512-gpgpu-6c3cf4f,22528.0,45056.0,1966080.0,0.0,125448.5
QV100-SASS-accel-bf35ab0-gpgpu-6c3cf4f,22528.0,45056.0,1966080.0,0.0,125448.5
QV100-SASS-accel-f0e4574-gpgpu-6c3cf4f,22528.0,45056.0,1966080.0,0.0,125448.5
QV100-SASS-accel-9be0e3c-gpgpu-6c3cf4f,22528.0,45056.0,1966080.0,0.0,125448.5
QV100-SASS-accel-1b34b87-gpgpu-6c3cf4f,22528.0,45056.0,1966080.0,0.0,125448.5
QV100-SASS-accel-f28591a-gpgpu-6c3cf4f,22528.0,45056.0,1966080.0,0.0,125448.5
QV100-SASS-accel-3016c65-gpgpu-6c3cf4f,22528.0,45056.0,1966080.0,0.0,125448.5
QV100-SASS-accel-0a56c96-gpgpu-15f3c31,0.0,0.0,1966080.0,0.0,116993.0
QV100-SASS-accel-6d7eb10-gpgpu-bc7bde2,0.0,0.0,1966080.0,0.0,116993.0
QV100-SASS-accel-a6ee5cb-gpgpu-bc7bde2,0.0,0.0,1966080.0,0.0,491520.0

----------------------------------------------------------------------------------------------------,,,,,
total dram writes\s*=\s*(.*),,,,,
CFG,l2_bw_32f/__tpb_1024___tpsm_1024___fast--_Z5l2_bwPmS_PfS0_jj--0,l2_bw_64f/__tpb_1024___tpsm_1024___fast--_Z5l2_bwPjS_PdS0_jj--0,mem_bw/__tpb_1024___tpsm_1024--_Z6mem_bwPfS_S_S_S_S_PjS0_j--0,shared_bw/__tpb_1024___tpsm_1024___blocks_1--_Z9shared_bwPmS_Pjj--0,AV--VG
QV100-SASS-accel-f677b74-gpgpu-deb5eb5,NA,NA,NA,NA,66866.1
QV100-SASS-accel-c366657-gpgpu-deb5eb5,NA,NA,NA,NA,66866.1
QV100-SASS-accel-a72607f-gpgpu-deb5eb5,NA,NA,NA,NA,66866.1
QV100-SASS-accel-4dbd5b1-gpgpu-deb5eb5,NA,NA,NA,NA,66866.1
QV100-SASS-accel-60ad810-gpgpu-deb5eb5,NA,NA,NA,NA,66866.1
QV100-SASS-accel-0ce7699-gpgpu-deb5eb5,NA,NA,NA,NA,0.0
QV100-SASS-accel-6812c12-gpgpu-deb5eb5,NA,NA,NA,NA,66866.1
QV100-SASS-accel-31082a4-gpgpu-1ee03f0,NA,NA,NA,NA,66878.0
QV100-SASS-accel-28e2777-gpgpu-1ee03f0,NA,NA,NA,NA,66878.0
QV100-SASS-accel-10dc9a0-gpgpu-1ee03f0,NA,NA,NA,NA,66878.0
QV100-SASS-accel-9719269-gpgpu-c51350d,NA,NA,NA,NA,66878.0
QV100-SASS-accel-6b6f836-gpgpu-585dcf5,NA,NA,NA,NA,66850.2
QV100-SASS-accel-252e8c4-gpgpu-585dcf5,NA,NA,NA,NA,66850.2
QV100-SASS-accel-a4e0907-gpgpu-6c9e13d,NA,NA,NA,NA,71293.7
QV100-SASS-accel-fea3381-gpgpu-6ad461a,NA,NA,NA,NA,66837.8
QV100-SASS-accel-16c3068-gpgpu-6ad461a,NA,NA,NA,NA,66837.8
QV100-SASS-accel-8f124d9-gpgpu-99b5997,NA,NA,NA,NA,65029.0
QV100-SASS-accel-7a31963-gpgpu-84c4f46,NA,NA,NA,NA,65029.0
QV100-SASS-accel-a8c1d6d-gpgpu-84c4f46,NA,NA,NA,NA,65029.0
QV100-SASS-accel-000be7f-gpgpu-e466afb,NA,NA,NA,NA,65000.0
QV100-SASS-accel-1cb6168-gpgpu-d38b300,NA,NA,NA,NA,65042.5
QV100-SASS-accel-a9305c5-gpgpu-d38b300,NA,NA,NA,NA,65042.5
QV100-SASS-accel-5b93243-gpgpu-d38b300,NA,NA,NA,NA,65042.5
QV100-SASS-accel-5745567-gpgpu-d38b300,NA,NA,NA,NA,65042.5
QV100-SASS-accel-8d1cf8e-gpgpu-d38b300,NA,NA,NA,NA,65042.5
QV100-SASS-accel-17f819f-gpgpu-d38b300,NA,NA,NA,NA,65042.5
QV100-SASS-accel-2f29d2d-gpgpu-1d39b6f,NA,NA,NA,NA,64985.8
QV100-SASS-accel-786503a-gpgpu-13c6711,NA,NA,NA,NA,65087.0
QV100-SASS-accel-53584fc-gpgpu-13c6711,NA,NA,NA,NA,65087.0
QV100-SASS-accel-e02c99d-gpgpu-13c6711,NA,NA,NA,NA,65087.0
QV100-SASS-accel-bccdebb-gpgpu-13c6711,NA,NA,NA,NA,65080.0
QV100-SASS-accel-0f84efb-gpgpu-74cdacd,NA,NA,NA,NA,0.0
QV100-SASS-accel-7feb41c-gpgpu-74cdacd,NA,NA,NA,NA,65080.0
QV100-SASS-accel-8f77aae-gpgpu-948c0e1,NA,NA,NA,NA,65080.0
QV100-SASS-accel-8f2c50f-gpgpu-6dd3bfc,NA,NA,NA,NA,65080.0
QV100-SASS-accel-2f19b3d-gpgpu-e033c1f,NA,NA,NA,NA,65080.0
QV100-SASS-accel-17e94d7-gpgpu-e033c1f,NA,NA,NA,NA,65080.0
QV100-SASS-accel-dc0bece-gpgpu-e033c1f,NA,NA,NA,NA,65080.0
QV100-SASS-accel-21f6fea-gpgpu-e033c1f,NA,NA,NA,NA,64956.2
QV100-SASS-accel-a88075e-gpgpu-e033c1f,NA,NA,NA,NA,64922.8
QV100-SASS-accel-470e82b-gpgpu-73db3f7,NA,NA,NA,NA,64922.8
QV100-SASS-accel-a6c1a7a-gpgpu-66ae881,NA,NA,NA,NA,65042.5
QV100-SASS-accel-572f6fd-gpgpu-301be9e,NA,NA,NA,NA,65042.5
QV100-SASS-accel-92027de-gpgpu-58beccb,NA,NA,NA,NA,65042.5
QV100-SASS-accel-0c80a10-gpgpu-58beccb,NA,NA,NA,NA,65042.5
QV100-SASS-accel-53da2df-gpgpu-a0c12f5,NA,NA,NA,NA,65042.5
QV100-SASS-accel-86f4430-gpgpu-a0c12f5,NA,NA,NA,NA,65042.5
QV100-SASS-accel-c1a12bc-gpgpu-9aeacdf,NA,NA,NA,NA,65042.5
QV100-SASS-accel-a1ca547-gpgpu-9aeacdf,NA,NA,NA,NA,65042.5
QV100-SASS-accel-a1ca547-gpgpu-67fc78c,NA,NA,NA,NA,65042.5
QV100-SASS-accel-_modifi-gpgpu-67fc78c,NA,NA,NA,NA,65042.5
QV100-SASS-accel-c5fa0e8-gpgpu-bc268aa,NA,NA,NA,NA,57899.1
QV100-SASS-accel-43a51f3-gpgpu-7d3ad23,NA,NA,NA,NA,57899.1
QV100-SASS-accel-4ac0e40-gpgpu-7d3ad23,NA,NA,NA,NA,57899.1
QV100-SASS-accel-efa370c-gpgpu-6b22d66,NA,NA,NA,NA,57899.1
QV100-SASS-accel-66ed9f2-gpgpu-6b22d66,NA,NA,NA,NA,57899.1
QV100-SASS-accel-b1c61bc-gpgpu-6b22d66,NA,NA,NA,NA,57899.1
QV100-SASS-accel-b3d9838-gpgpu-22159f1,NA,NA,NA,NA,57899.1
QV100-SASS-accel-3ff1be8-gpgpu-67d8a3b,NA,NA,NA,NA,57899.1
QV100-SASS-accel-3ff1be8-gpgpu-9d88a1c,NA,NA,NA,NA,57899.1
QV100-SASS-accel-879dc35-gpgpu-3364474,NA,NA,NA,NA,61684.2
QV100-SASS-accel-e7b698e-gpgpu-3364474,NA,NA,NA,NA,61684.2
QV100-SASS-accel-1688c9d-gpgpu-3364474,NA,NA,NA,NA,61684.2
QV100-SASS-accel-a634fe0-gpgpu-3364474,NA,NA,NA,NA,61684.2
QV100-SASS-accel-7a8e345-gpgpu-3364474,NA,NA,NA,NA,61684.2
QV100-SASS-accel-d3ba55f-gpgpu-a3c52cf,NA,NA,NA,NA,61798.1
QV100-SASS-accel-ec00037-gpgpu-a3c52cf,NA,NA,NA,NA,61798.1
QV100-SASS-accel-a619790-gpgpu-a3c52cf,NA,NA,NA,NA,61798.1
QV100-SASS-accel-31777f7-gpgpu-a3c52cf,NA,NA,NA,NA,61798.1
QV100-SASS-accel-6c06571-gpgpu-b18ee39,NA,NA,NA,NA,61798.1
QV100-SASS-accel-96d7923-gpgpu-b18ee39,NA,NA,NA,NA,61798.1
QV100-SASS-accel-ff9a5d6-gpgpu-b18ee39,NA,NA,NA,NA,61798.1
QV100-SASS-accel-3c96d32-gpgpu-b18ee39,NA,NA,NA,NA,61798.1
QV100-SASS-accel-d7f397a-gpgpu-b18ee39,NA,NA,NA,NA,61798.1
QV100-SASS-accel-963526a-gpgpu-b18ee39,0.0,0.0,347572.0,0.0,32492.9
QV100-SASS-accel-55194db-gpgpu-6c3cf4f,0.0,0.0,347572.0,0.0,32492.9
QV100-SASS-accel-b585512-gpgpu-6c3cf4f,0.0,0.0,347572.0,0.0,32492.9
QV100-SASS-accel-bf35ab0-gpgpu-6c3cf4f,0.0,0.0,347572.0,0.0,32492.9
QV100-SASS-accel-f0e4574-gpgpu-6c3cf4f,0.0,0.0,347572.0,0.0,32492.9
QV100-SASS-accel-9be0e3c-gpgpu-6c3cf4f,0.0,0.0,347572.0,0.0,32492.9
QV100-SASS-accel-1b34b87-gpgpu-6c3cf4f,0.0,0.0,347572.0,0.0,32492.9
QV100-SASS-accel-f28591a-gpgpu-6c3cf4f,0.0,0.0,347572.0,0.0,32492.9
QV100-SASS-accel-3016c65-gpgpu-6c3cf4f,0.0,0.0,347572.0,0.0,32492.9
QV100-SASS-accel-0a56c96-gpgpu-15f3c31,0.0,0.0,347572.0,0.0,32492.9
QV100-SASS-accel-6d7eb10-gpgpu-bc7bde2,0.0,0.0,347572.0,0.0,32492.9
QV100-SASS-accel-a6ee5cb-gpgpu-bc7bde2,0.0,0.0,347572.0,0.0,86893.0

----------------------------------------------------------------------------------------------------,,,,,
kernel_launch_uid\s*=\s*(.*),,,,,
CFG,l2_bw_32f/__tpb_1024___tpsm_1024___fast--_Z5l2_bwPmS_PfS0_jj--0,l2_bw_64f/__tpb_1024___tpsm_1024___fast--_Z5l2_bwPjS_PdS0_jj--0,mem_bw/__tpb_1024___tpsm_1024--_Z6mem_bwPfS_S_S_S_S_PjS0_j--0,shared_bw/__tpb_1024___tpsm_1024___blocks_1--_Z9shared_bwPmS_Pjj--0,AV--VG
QV100-SASS-accel-f677b74-gpgpu-deb5eb5,NA,NA,NA,NA,1.1
QV100-SASS-accel-c366657-gpgpu-deb5eb5,NA,NA,NA,NA,1.1
QV100-SASS-accel-a72607f-gpgpu-deb5eb5,NA,NA,NA,NA,1.1
QV100-SASS-accel-4dbd5b1-gpgpu-deb5eb5,NA,NA,NA,NA,1.1
QV100-SASS-accel-60ad810-gpgpu-deb5eb5,NA,NA,NA,NA,1.1
QV100-SASS-accel-0ce7699-gpgpu-deb5eb5,NA,NA,NA,NA,1.0
QV100-SASS-accel-6812c12-gpgpu-deb5eb5,NA,NA,NA,NA,1.1
QV100-SASS-accel-31082a4-gpgpu-1ee03f0,NA,NA,NA,NA,1.1
QV100-SASS-accel-28e2777-gpgpu-1ee03f0,NA,NA,NA,NA,1.1
QV100-SASS-accel-10dc9a0-gpgpu-1ee03f0,NA,NA,NA,NA,1.1
QV100-SASS-accel-9719269-gpgpu-c51350d,NA,NA,NA,NA,1.1
QV100-SASS-accel-6b6f836-gpgpu-585dcf5,NA,NA,NA,NA,1.1
QV100-SASS-accel-252e8c4-gpgpu-585dcf5,NA,NA,NA,NA,1.1
QV100-SASS-accel-a4e0907-gpgpu-6c9e13d,NA,NA,NA,NA,1.1
QV100-SASS-accel-fea3381-gpgpu-6ad461a,NA,NA,NA,NA,1.1
QV100-SASS-accel-16c3068-gpgpu-6ad461a,NA,NA,NA,NA,1.1
QV100-SASS-accel-8f124d9-gpgpu-99b5997,NA,NA,NA,NA,1.1
QV100-SASS-accel-7a31963-gpgpu-84c4f46,NA,NA,NA,NA,1.1
QV100-SASS-accel-a8c1d6d-gpgpu-84c4f46,NA,NA,NA,NA,1.1
QV100-SASS-accel-000be7f-gpgpu-e466afb,NA,NA,NA,NA,1.1
QV100-SASS-accel-1cb6168-gpgpu-d38b300,NA,NA,NA,NA,1.1
QV100-SASS-accel-a9305c5-gpgpu-d38b300,NA,NA,NA,NA,1.1
QV100-SASS-accel-5b93243-gpgpu-d38b300,NA,NA,NA,NA,1.1
QV100-SASS-accel-5745567-gpgpu-d38b300,NA,NA,NA,NA,1.1
QV100-SASS-accel-8d1cf8e-gpgpu-d38b300,NA,NA,NA,NA,1.1
QV100-SASS-accel-17f819f-gpgpu-d38b300,NA,NA,NA,NA,1.1
QV100-SASS-accel-2f29d2d-gpgpu-1d39b6f,NA,NA,NA,NA,1.1
QV100-SASS-accel-786503a-gpgpu-13c6711,NA,NA,NA,NA,1.1
QV100-SASS-accel-53584fc-gpgpu-13c6711,NA,NA,NA,NA,1.1
QV100-SASS-accel-e02c99d-gpgpu-13c6711,NA,NA,NA,NA,1.1
QV100-SASS-accel-bccdebb-gpgpu-13c6711,NA,NA,NA,NA,1.1
QV100-SASS-accel-0f84efb-gpgpu-74cdacd,NA,NA,NA,NA,1.4
QV100-SASS-accel-7feb41c-gpgpu-74cdacd,NA,NA,NA,NA,1.1
QV100-SASS-accel-8f77aae-gpgpu-948c0e1,NA,NA,NA,NA,1.1
QV100-SASS-accel-8f2c50f-gpgpu-6dd3bfc,NA,NA,NA,NA,1.1
QV100-SASS-accel-2f19b3d-gpgpu-e033c1f,NA,NA,NA,NA,1.1
QV100-SASS-accel-17e94d7-gpgpu-e033c1f,NA,NA,NA,NA,1.1
QV100-SASS-accel-dc0bece-gpgpu-e033c1f,NA,NA,NA,NA,1.1
QV100-SASS-accel-21f6fea-gpgpu-e033c1f,NA,NA,NA,NA,1.1
QV100-SASS-accel-a88075e-gpgpu-e033c1f,NA,NA,NA,NA,1.1
QV100-SASS-accel-470e82b-gpgpu-73db3f7,NA,NA,NA,NA,1.1
QV100-SASS-accel-a6c1a7a-gpgpu-66ae881,NA,NA,NA,NA,1.1
QV100-SASS-accel-572f6fd-gpgpu-301be9e,NA,NA,NA,NA,1.1
QV100-SASS-accel-92027de-gpgpu-58beccb,NA,NA,NA,NA,1.1
QV100-SASS-accel-0c80a10-gpgpu-58beccb,NA,NA,NA,NA,1.1
QV100-SASS-accel-53da2df-gpgpu-a0c12f5,NA,NA,NA,NA,1.1
QV100-SASS-accel-86f4430-gpgpu-a0c12f5,NA,NA,NA,NA,1.1
QV100-SASS-accel-c1a12bc-gpgpu-9aeacdf,NA,NA,NA,NA,1.1
QV100-SASS-accel-a1ca547-gpgpu-9aeacdf,NA,NA,NA,NA,1.1
QV100-SASS-accel-a1ca547-gpgpu-67fc78c,NA,NA,NA,NA,1.1
QV100-SASS-accel-_modifi-gpgpu-67fc78c,NA,NA,NA,NA,1.1
QV100-SASS-accel-c5fa0e8-gpgpu-bc268aa,NA,NA,NA,NA,1.1
QV100-SASS-accel-43a51f3-gpgpu-7d3ad23,NA,NA,NA,NA,1.1
QV100-SASS-accel-4ac0e40-gpgpu-7d3ad23,NA,NA,NA,NA,1.1
QV100-SASS-accel-efa370c-gpgpu-6b22d66,NA,NA,NA,NA,1.1
QV100-SASS-accel-66ed9f2-gpgpu-6b22d66,NA,NA,NA,NA,1.1
QV100-SASS-accel-b1c61bc-gpgpu-6b22d66,NA,NA,NA,NA,1.1
QV100-SASS-accel-b3d9838-gpgpu-22159f1,NA,NA,NA,NA,1.1
QV100-SASS-accel-3ff1be8-gpgpu-67d8a3b,NA,NA,NA,NA,1.1
QV100-SASS-accel-3ff1be8-gpgpu-9d88a1c,NA,NA,NA,NA,1.1
QV100-SASS-accel-879dc35-gpgpu-3364474,NA,NA,NA,NA,1.0
QV100-SASS-accel-e7b698e-gpgpu-3364474,NA,NA,NA,NA,1.0
QV100-SASS-accel-1688c9d-gpgpu-3364474,NA,NA,NA,NA,1.0
QV100-SASS-accel-a634fe0-gpgpu-3364474,NA,NA,NA,NA,1.0
QV100-SASS-accel-7a8e345-gpgpu-3364474,NA,NA,NA,NA,1.0
QV100-SASS-accel-d3ba55f-gpgpu-a3c52cf,NA,NA,NA,NA,1.0
QV100-SASS-accel-ec00037-gpgpu-a3c52cf,NA,NA,NA,NA,1.0
QV100-SASS-accel-a619790-gpgpu-a3c52cf,NA,NA,NA,NA,1.0
QV100-SASS-accel-31777f7-gpgpu-a3c52cf,NA,NA,NA,NA,1.0
QV100-SASS-accel-6c06571-gpgpu-b18ee39,NA,NA,NA,NA,1.0
QV100-SASS-accel-96d7923-gpgpu-b18ee39,NA,NA,NA,NA,1.0
QV100-SASS-accel-ff9a5d6-gpgpu-b18ee39,NA,NA,NA,NA,1.0
QV100-SASS-accel-3c96d32-gpgpu-b18ee39,NA,NA,NA,NA,1.0
QV100-SASS-accel-d7f397a-gpgpu-b18ee39,NA,NA,NA,NA,1.0
QV100-SASS-accel-963526a-gpgpu-b18ee39,1.0,1.0,1.0,1.0,1.0
QV100-SASS-accel-55194db-gpgpu-6c3cf4f,1.0,1.0,1.0,1.0,1.0
QV100-SASS-accel-b585512-gpgpu-6c3cf4f,1.0,1.0,1.0,1.0,1.0
QV100-SASS-accel-bf35ab0-gpgpu-6c3cf4f,1.0,1.0,1.0,1.0,1.0
QV100-SASS-accel-f0e4574-gpgpu-6c3cf4f,1.0,1.0,1.0,1.0,1.0
QV100-SASS-accel-9be0e3c-gpgpu-6c3cf4f,1.0,1.0,1.0,1.0,1.0
QV100-SASS-accel-1b34b87-gpgpu-6c3cf4f,1.0,1.0,1.0,1.0,1.0
QV100-SASS-accel-f28591a-gpgpu-6c3cf4f,1.0,1.0,1.0,1.0,1.0
QV100-SASS-accel-3016c65-gpgpu-6c3cf4f,1.0,1.0,1.0,1.0,1.0
QV100-SASS-accel-0a56c96-gpgpu-15f3c31,1.0,1.0,1.0,1.0,1.0
QV100-SASS-accel-6d7eb10-gpgpu-bc7bde2,1.0,1.0,1.0,1.0,1.0
QV100-SASS-accel-a6ee5cb-gpgpu-bc7bde2,1.0,1.0,1.0,1.0,1.0

----------------------------------------------------------------------------------------------------,,,,,
gpgpu_n_shmem_bkconflict\s*=\s*(.*),,,,,
CFG,l2_bw_32f/__tpb_1024___tpsm_1024___fast--_Z5l2_bwPmS_PfS0_jj--0,l2_bw_64f/__tpb_1024___tpsm_1024___fast--_Z5l2_bwPjS_PdS0_jj--0,mem_bw/__tpb_1024___tpsm_1024--_Z6mem_bwPfS_S_S_S_S_PjS0_j--0,shared_bw/__tpb_1024___tpsm_1024___blocks_1--_Z9shared_bwPmS_Pjj--0,AV--VG
QV100-SASS-accel-f677b74-gpgpu-deb5eb5,NA,NA,NA,NA,NA
QV100-SASS-accel-c366657-gpgpu-deb5eb5,NA,NA,NA,NA,NA
QV100-SASS-accel-a72607f-gpgpu-deb5eb5,NA,NA,NA,NA,NA
QV100-SASS-accel-4dbd5b1-gpgpu-deb5eb5,NA,NA,NA,NA,NA
QV100-SASS-accel-60ad810-gpgpu-deb5eb5,NA,NA,NA,NA,NA
QV100-SASS-accel-0ce7699-gpgpu-deb5eb5,NA,NA,NA,NA,NA
QV100-SASS-accel-6812c12-gpgpu-deb5eb5,NA,NA,NA,NA,NA
QV100-SASS-accel-31082a4-gpgpu-1ee03f0,NA,NA,NA,NA,NA
QV100-SASS-accel-28e2777-gpgpu-1ee03f0,NA,NA,NA,NA,NA
QV100-SASS-accel-10dc9a0-gpgpu-1ee03f0,NA,NA,NA,NA,NA
QV100-SASS-accel-9719269-gpgpu-c51350d,NA,NA,NA,NA,NA
QV100-SASS-accel-6b6f836-gpgpu-585dcf5,NA,NA,NA,NA,NA
QV100-SASS-accel-252e8c4-gpgpu-585dcf5,NA,NA,NA,NA,NA
QV100-SASS-accel-a4e0907-gpgpu-6c9e13d,NA,NA,NA,NA,NA
QV100-SASS-accel-fea3381-gpgpu-6ad461a,NA,NA,NA,NA,NA
QV100-SASS-accel-16c3068-gpgpu-6ad461a,NA,NA,NA,NA,NA
QV100-SASS-accel-8f124d9-gpgpu-99b5997,NA,NA,NA,NA,NA
QV100-SASS-accel-7a31963-gpgpu-84c4f46,NA,NA,NA,NA,NA
QV100-SASS-accel-a8c1d6d-gpgpu-84c4f46,NA,NA,NA,NA,NA
QV100-SASS-accel-000be7f-gpgpu-e466afb,NA,NA,NA,NA,NA
QV100-SASS-accel-1cb6168-gpgpu-d38b300,NA,NA,NA,NA,NA
QV100-SASS-accel-a9305c5-gpgpu-d38b300,NA,NA,NA,NA,NA
QV100-SASS-accel-5b93243-gpgpu-d38b300,NA,NA,NA,NA,NA
QV100-SASS-accel-5745567-gpgpu-d38b300,NA,NA,NA,NA,NA
QV100-SASS-accel-8d1cf8e-gpgpu-d38b300,NA,NA,NA,NA,NA
QV100-SASS-accel-17f819f-gpgpu-d38b300,NA,NA,NA,NA,NA
QV100-SASS-accel-2f29d2d-gpgpu-1d39b6f,NA,NA,NA,NA,NA
QV100-SASS-accel-786503a-gpgpu-13c6711,NA,NA,NA,NA,NA
QV100-SASS-accel-53584fc-gpgpu-13c6711,NA,NA,NA,NA,NA
QV100-SASS-accel-e02c99d-gpgpu-13c6711,NA,NA,NA,NA,NA
QV100-SASS-accel-bccdebb-gpgpu-13c6711,NA,NA,NA,NA,NA
QV100-SASS-accel-0f84efb-gpgpu-74cdacd,NA,NA,NA,NA,NA
QV100-SASS-accel-7feb41c-gpgpu-74cdacd,NA,NA,NA,NA,NA
QV100-SASS-accel-8f77aae-gpgpu-948c0e1,NA,NA,NA,NA,NA
QV100-SASS-accel-8f2c50f-gpgpu-6dd3bfc,NA,NA,NA,NA,NA
QV100-SASS-accel-2f19b3d-gpgpu-e033c1f,NA,NA,NA,NA,NA
QV100-SASS-accel-17e94d7-gpgpu-e033c1f,NA,NA,NA,NA,NA
QV100-SASS-accel-dc0bece-gpgpu-e033c1f,NA,NA,NA,NA,NA
QV100-SASS-accel-21f6fea-gpgpu-e033c1f,NA,NA,NA,NA,NA
QV100-SASS-accel-a88075e-gpgpu-e033c1f,NA,NA,NA,NA,NA
QV100-SASS-accel-470e82b-gpgpu-73db3f7,NA,NA,NA,NA,NA
QV100-SASS-accel-a6c1a7a-gpgpu-66ae881,NA,NA,NA,NA,NA
QV100-SASS-accel-572f6fd-gpgpu-301be9e,NA,NA,NA,NA,NA
QV100-SASS-accel-92027de-gpgpu-58beccb,NA,NA,NA,NA,NA
QV100-SASS-accel-0c80a10-gpgpu-58beccb,NA,NA,NA,NA,NA
QV100-SASS-accel-53da2df-gpgpu-a0c12f5,NA,NA,NA,NA,NA
QV100-SASS-accel-86f4430-gpgpu-a0c12f5,NA,NA,NA,NA,NA
QV100-SASS-accel-c1a12bc-gpgpu-9aeacdf,NA,NA,NA,NA,NA
QV100-SASS-accel-a1ca547-gpgpu-9aeacdf,NA,NA,NA,NA,NA
QV100-SASS-accel-a1ca547-gpgpu-67fc78c,NA,NA,NA,NA,NA
QV100-SASS-accel-_modifi-gpgpu-67fc78c,NA,NA,NA,NA,NA
QV100-SASS-accel-c5fa0e8-gpgpu-bc268aa,NA,NA,NA,NA,210727.1
QV100-SASS-accel-43a51f3-gpgpu-7d3ad23,NA,NA,NA,NA,210727.1
QV100-SASS-accel-4ac0e40-gpgpu-7d3ad23,NA,NA,NA,NA,210727.1
QV100-SASS-accel-efa370c-gpgpu-6b22d66,NA,NA,NA,NA,210727.1
QV100-SASS-accel-66ed9f2-gpgpu-6b22d66,NA,NA,NA,NA,210727.1
QV100-SASS-accel-b1c61bc-gpgpu-6b22d66,NA,NA,NA,NA,210727.1
QV100-SASS-accel-b3d9838-gpgpu-22159f1,NA,NA,NA,NA,210727.1
QV100-SASS-accel-3ff1be8-gpgpu-67d8a3b,NA,NA,NA,NA,210727.1
QV100-SASS-accel-3ff1be8-gpgpu-9d88a1c,NA,NA,NA,NA,210727.1
QV100-SASS-accel-879dc35-gpgpu-3364474,NA,NA,NA,NA,14949.6
QV100-SASS-accel-e7b698e-gpgpu-3364474,NA,NA,NA,NA,14949.6
QV100-SASS-accel-1688c9d-gpgpu-3364474,NA,NA,NA,NA,14949.6
QV100-SASS-accel-a634fe0-gpgpu-3364474,NA,NA,NA,NA,14949.6
QV100-SASS-accel-7a8e345-gpgpu-3364474,NA,NA,NA,NA,14949.6
QV100-SASS-accel-d3ba55f-gpgpu-a3c52cf,NA,NA,NA,NA,14949.6
QV100-SASS-accel-ec00037-gpgpu-a3c52cf,NA,NA,NA,NA,14949.6
QV100-SASS-accel-a619790-gpgpu-a3c52cf,NA,NA,NA,NA,14949.6
QV100-SASS-accel-31777f7-gpgpu-a3c52cf,NA,NA,NA,NA,14949.6
QV100-SASS-accel-6c06571-gpgpu-b18ee39,NA,NA,NA,NA,14949.6
QV100-SASS-accel-96d7923-gpgpu-b18ee39,NA,NA,NA,NA,14949.6
QV100-SASS-accel-ff9a5d6-gpgpu-b18ee39,NA,NA,NA,NA,14949.6
QV100-SASS-accel-3c96d32-gpgpu-b18ee39,NA,NA,NA,NA,14949.6
QV100-SASS-accel-d7f397a-gpgpu-b18ee39,NA,NA,NA,NA,14949.6
QV100-SASS-accel-963526a-gpgpu-b18ee39,0.0,0.0,0.0,0.0,14938.4
QV100-SASS-accel-55194db-gpgpu-6c3cf4f,0.0,0.0,0.0,0.0,14938.4
QV100-SASS-accel-b585512-gpgpu-6c3cf4f,0.0,0.0,0.0,0.0,14938.4
QV100-SASS-accel-bf35ab0-gpgpu-6c3cf4f,0.0,0.0,0.0,0.0,14938.4
QV100-SASS-accel-f0e4574-gpgpu-6c3cf4f,0.0,0.0,0.0,0.0,14938.4
QV100-SASS-accel-9be0e3c-gpgpu-6c3cf4f,0.0,0.0,0.0,0.0,14938.4
QV100-SASS-accel-1b34b87-gpgpu-6c3cf4f,0.0,0.0,0.0,0.0,14938.4
QV100-SASS-accel-f28591a-gpgpu-6c3cf4f,0.0,0.0,0.0,0.0,14938.4
QV100-SASS-accel-3016c65-gpgpu-6c3cf4f,0.0,0.0,0.0,0.0,14938.4
QV100-SASS-accel-0a56c96-gpgpu-15f3c31,0.0,0.0,0.0,0.0,14938.4
QV100-SASS-accel-6d7eb10-gpgpu-bc7bde2,0.0,0.0,0.0,0.0,14938.4
QV100-SASS-accel-a6ee5cb-gpgpu-bc7bde2,0.0,0.0,0.0,0.0,0.0

----------------------------------------------------------------------------------------------------,,,,,
gpgpu_n_l1cache_bkconflict\s*=\s*(.*),,,,,
CFG,l2_bw_32f/__tpb_1024___tpsm_1024___fast--_Z5l2_bwPmS_PfS0_jj--0,l2_bw_64f/__tpb_1024___tpsm_1024___fast--_Z5l2_bwPjS_PdS0_jj--0,mem_bw/__tpb_1024___tpsm_1024--_Z6mem_bwPfS_S_S_S_S_PjS0_j--0,shared_bw/__tpb_1024___tpsm_1024___blocks_1--_Z9shared_bwPmS_Pjj--0,AV--VG
QV100-SASS-accel-f677b74-gpgpu-deb5eb5,NA,NA,NA,NA,NA
QV100-SASS-accel-c366657-gpgpu-deb5eb5,NA,NA,NA,NA,NA
QV100-SASS-accel-a72607f-gpgpu-deb5eb5,NA,NA,NA,NA,NA
QV100-SASS-accel-4dbd5b1-gpgpu-deb5eb5,NA,NA,NA,NA,NA
QV100-SASS-accel-60ad810-gpgpu-deb5eb5,NA,NA,NA,NA,NA
QV100-SASS-accel-0ce7699-gpgpu-deb5eb5,NA,NA,NA,NA,NA
QV100-SASS-accel-6812c12-gpgpu-deb5eb5,NA,NA,NA,NA,NA
QV100-SASS-accel-31082a4-gpgpu-1ee03f0,NA,NA,NA,NA,NA
QV100-SASS-accel-28e2777-gpgpu-1ee03f0,NA,NA,NA,NA,NA
QV100-SASS-accel-10dc9a0-gpgpu-1ee03f0,NA,NA,NA,NA,NA
QV100-SASS-accel-9719269-gpgpu-c51350d,NA,NA,NA,NA,NA
QV100-SASS-accel-6b6f836-gpgpu-585dcf5,NA,NA,NA,NA,NA
QV100-SASS-accel-252e8c4-gpgpu-585dcf5,NA,NA,NA,NA,NA
QV100-SASS-accel-a4e0907-gpgpu-6c9e13d,NA,NA,NA,NA,NA
QV100-SASS-accel-fea3381-gpgpu-6ad461a,NA,NA,NA,NA,NA
QV100-SASS-accel-16c3068-gpgpu-6ad461a,NA,NA,NA,NA,NA
QV100-SASS-accel-8f124d9-gpgpu-99b5997,NA,NA,NA,NA,NA
QV100-SASS-accel-7a31963-gpgpu-84c4f46,NA,NA,NA,NA,NA
QV100-SASS-accel-a8c1d6d-gpgpu-84c4f46,NA,NA,NA,NA,NA
QV100-SASS-accel-000be7f-gpgpu-e466afb,NA,NA,NA,NA,NA
QV100-SASS-accel-1cb6168-gpgpu-d38b300,NA,NA,NA,NA,NA
QV100-SASS-accel-a9305c5-gpgpu-d38b300,NA,NA,NA,NA,NA
QV100-SASS-accel-5b93243-gpgpu-d38b300,NA,NA,NA,NA,NA
QV100-SASS-accel-5745567-gpgpu-d38b300,NA,NA,NA,NA,NA
QV100-SASS-accel-8d1cf8e-gpgpu-d38b300,NA,NA,NA,NA,NA
QV100-SASS-accel-17f819f-gpgpu-d38b300,NA,NA,NA,NA,NA
QV100-SASS-accel-2f29d2d-gpgpu-1d39b6f,NA,NA,NA,NA,NA
QV100-SASS-accel-786503a-gpgpu-13c6711,NA,NA,NA,NA,NA
QV100-SASS-accel-53584fc-gpgpu-13c6711,NA,NA,NA,NA,NA
QV100-SASS-accel-e02c99d-gpgpu-13c6711,NA,NA,NA,NA,NA
QV100-SASS-accel-bccdebb-gpgpu-13c6711,NA,NA,NA,NA,NA
QV100-SASS-accel-0f84efb-gpgpu-74cdacd,NA,NA,NA,NA,NA
QV100-SASS-accel-7feb41c-gpgpu-74cdacd,NA,NA,NA,NA,NA
QV100-SASS-accel-8f77aae-gpgpu-948c0e1,NA,NA,NA,NA,NA
QV100-SASS-accel-8f2c50f-gpgpu-6dd3bfc,NA,NA,NA,NA,NA
QV100-SASS-accel-2f19b3d-gpgpu-e033c1f,NA,NA,NA,NA,NA
QV100-SASS-accel-17e94d7-gpgpu-e033c1f,NA,NA,NA,NA,NA
QV100-SASS-accel-dc0bece-gpgpu-e033c1f,NA,NA,NA,NA,NA
QV100-SASS-accel-21f6fea-gpgpu-e033c1f,NA,NA,NA,NA,NA
QV100-SASS-accel-a88075e-gpgpu-e033c1f,NA,NA,NA,NA,NA
QV100-SASS-accel-470e82b-gpgpu-73db3f7,NA,NA,NA,NA,NA
QV100-SASS-accel-a6c1a7a-gpgpu-66ae881,NA,NA,NA,NA,NA
QV100-SASS-accel-572f6fd-gpgpu-301be9e,NA,NA,NA,NA,NA
QV100-SASS-accel-92027de-gpgpu-58beccb,NA,NA,NA,NA,NA
QV100-SASS-accel-0c80a10-gpgpu-58beccb,NA,NA,NA,NA,NA
QV100-SASS-accel-53da2df-gpgpu-a0c12f5,NA,NA,NA,NA,NA
QV100-SASS-accel-86f4430-gpgpu-a0c12f5,NA,NA,NA,NA,NA
QV100-SASS-accel-c1a12bc-gpgpu-9aeacdf,NA,NA,NA,NA,NA
QV100-SASS-accel-a1ca547-gpgpu-9aeacdf,NA,NA,NA,NA,NA
QV100-SASS-accel-a1ca547-gpgpu-67fc78c,NA,NA,NA,NA,NA
QV100-SASS-accel-_modifi-gpgpu-67fc78c,NA,NA,NA,NA,NA
QV100-SASS-accel-c5fa0e8-gpgpu-bc268aa,NA,NA,NA,NA,46846.1
QV100-SASS-accel-43a51f3-gpgpu-7d3ad23,NA,NA,NA,NA,46846.1
QV100-SASS-accel-4ac0e40-gpgpu-7d3ad23,NA,NA,NA,NA,46846.1
QV100-SASS-accel-efa370c-gpgpu-6b22d66,NA,NA,NA,NA,46846.1
QV100-SASS-accel-66ed9f2-gpgpu-6b22d66,NA,NA,NA,NA,46846.1
QV100-SASS-accel-b1c61bc-gpgpu-6b22d66,NA,NA,NA,NA,46846.1
QV100-SASS-accel-b3d9838-gpgpu-22159f1,NA,NA,NA,NA,46846.1
QV100-SASS-accel-3ff1be8-gpgpu-67d8a3b,NA,NA,NA,NA,46846.1
QV100-SASS-accel-3ff1be8-gpgpu-9d88a1c,NA,NA,NA,NA,46846.1
QV100-SASS-accel-879dc35-gpgpu-3364474,NA,NA,NA,NA,36484.4
QV100-SASS-accel-e7b698e-gpgpu-3364474,NA,NA,NA,NA,36484.4
QV100-SASS-accel-1688c9d-gpgpu-3364474,NA,NA,NA,NA,36484.4
QV100-SASS-accel-a634fe0-gpgpu-3364474,NA,NA,NA,NA,36484.4
QV100-SASS-accel-7a8e345-gpgpu-3364474,NA,NA,NA,NA,36484.4
QV100-SASS-accel-d3ba55f-gpgpu-a3c52cf,NA,NA,NA,NA,37519.1
QV100-SASS-accel-ec00037-gpgpu-a3c52cf,NA,NA,NA,NA,37519.1
QV100-SASS-accel-a619790-gpgpu-a3c52cf,NA,NA,NA,NA,37519.1
QV100-SASS-accel-31777f7-gpgpu-a3c52cf,NA,NA,NA,NA,37519.1
QV100-SASS-accel-6c06571-gpgpu-b18ee39,NA,NA,NA,NA,37519.1
QV100-SASS-accel-96d7923-gpgpu-b18ee39,NA,NA,NA,NA,37519.1
QV100-SASS-accel-ff9a5d6-gpgpu-b18ee39,NA,NA,NA,NA,37519.1
QV100-SASS-accel-3c96d32-gpgpu-b18ee39,NA,NA,NA,NA,37519.1
QV100-SASS-accel-d7f397a-gpgpu-b18ee39,NA,NA,NA,NA,37519.1
QV100-SASS-accel-963526a-gpgpu-b18ee39,68988.0,56241.0,9995353.0,420.0,642370.2
QV100-SASS-accel-55194db-gpgpu-6c3cf4f,68988.0,56241.0,9995353.0,420.0,642370.2
QV100-SASS-accel-b585512-gpgpu-6c3cf4f,68988.0,56241.0,9995353.0,420.0,642370.2
QV100-SASS-accel-bf35ab0-gpgpu-6c3cf4f,68988.0,56241.0,9995353.0,420.0,642370.2
QV100-SASS-accel-f0e4574-gpgpu-6c3cf4f,68988.0,56241.0,9995353.0,420.0,642370.2
QV100-SASS-accel-9be0e3c-gpgpu-6c3cf4f,68988.0,56241.0,9995353.0,420.0,642370.2
QV100-SASS-accel-1b34b87-gpgpu-6c3cf4f,68988.0,56241.0,9995353.0,420.0,642370.2
QV100-SASS-accel-f28591a-gpgpu-6c3cf4f,68988.0,56241.0,9995353.0,420.0,642370.2
QV100-SASS-accel-3016c65-gpgpu-6c3cf4f,68988.0,56241.0,9995353.0,420.0,642370.2
QV100-SASS-accel-0a56c96-gpgpu-15f3c31,67284.0,50342.0,9995353.0,420.0,641851.8
QV100-SASS-accel-6d7eb10-gpgpu-bc7bde2,67284.0,50342.0,9995353.0,420.0,641851.8
QV100-SASS-accel-a6ee5cb-gpgpu-bc7bde2,67284.0,50342.0,9995353.0,420.0,2528349.8

----------------------------------------------------------------------------------------------------,,,,,
gpu_ipc\s*=\s*(.*),,,,,
CFG,l2_bw_32f/__tpb_1024___tpsm_1024___fast--_Z5l2_bwPmS_PfS0_jj--0,l2_bw_64f/__tpb_1024___tpsm_1024___fast--_Z5l2_bwPjS_PdS0_jj--0,mem_bw/__tpb_1024___tpsm_1024--_Z6mem_bwPfS_S_S_S_S_PjS0_j--0,shared_bw/__tpb_1024___tpsm_1024___blocks_1--_Z9shared_bwPmS_Pjj--0,AV--VG
QV100-SASS-accel-f677b74-gpgpu-deb5eb5,NA,NA,NA,NA,98.3
QV100-SASS-accel-c366657-gpgpu-deb5eb5,NA,NA,NA,NA,98.7
QV100-SASS-accel-a72607f-gpgpu-deb5eb5,NA,NA,NA,NA,98.3
QV100-SASS-accel-4dbd5b1-gpgpu-deb5eb5,NA,NA,NA,NA,98.3
QV100-SASS-accel-60ad810-gpgpu-deb5eb5,NA,NA,NA,NA,98.3
QV100-SASS-accel-0ce7699-gpgpu-deb5eb5,NA,NA,NA,NA,76.3
QV100-SASS-accel-6812c12-gpgpu-deb5eb5,NA,NA,NA,NA,98.3
QV100-SASS-accel-31082a4-gpgpu-1ee03f0,NA,NA,NA,NA,101.7
QV100-SASS-accel-28e2777-gpgpu-1ee03f0,NA,NA,NA,NA,101.7
QV100-SASS-accel-10dc9a0-gpgpu-1ee03f0,NA,NA,NA,NA,101.7
QV100-SASS-accel-9719269-gpgpu-c51350d,NA,NA,NA,NA,101.7
QV100-SASS-accel-6b6f836-gpgpu-585dcf5,NA,NA,NA,NA,100.3
QV100-SASS-accel-252e8c4-gpgpu-585dcf5,NA,NA,NA,NA,100.3
QV100-SASS-accel-a4e0907-gpgpu-6c9e13d,NA,NA,NA,NA,103.9
QV100-SASS-accel-fea3381-gpgpu-6ad461a,NA,NA,NA,NA,99.6
QV100-SASS-accel-16c3068-gpgpu-6ad461a,NA,NA,NA,NA,99.6
QV100-SASS-accel-8f124d9-gpgpu-99b5997,NA,NA,NA,NA,101.7
QV100-SASS-accel-7a31963-gpgpu-84c4f46,NA,NA,NA,NA,101.7
QV100-SASS-accel-a8c1d6d-gpgpu-84c4f46,NA,NA,NA,NA,101.7
QV100-SASS-accel-000be7f-gpgpu-e466afb,NA,NA,NA,NA,100.0
QV100-SASS-accel-1cb6168-gpgpu-d38b300,NA,NA,NA,NA,99.1
QV100-SASS-accel-a9305c5-gpgpu-d38b300,NA,NA,NA,NA,99.1
QV100-SASS-accel-5b93243-gpgpu-d38b300,NA,NA,NA,NA,99.1
QV100-SASS-accel-5745567-gpgpu-d38b300,NA,NA,NA,NA,99.1
QV100-SASS-accel-8d1cf8e-gpgpu-d38b300,NA,NA,NA,NA,99.1
QV100-SASS-accel-17f819f-gpgpu-d38b300,NA,NA,NA,NA,99.1
QV100-SASS-accel-2f29d2d-gpgpu-1d39b6f,NA,NA,NA,NA,99.8
QV100-SASS-accel-786503a-gpgpu-13c6711,NA,NA,NA,NA,98.9
QV100-SASS-accel-53584fc-gpgpu-13c6711,NA,NA,NA,NA,98.9
QV100-SASS-accel-e02c99d-gpgpu-13c6711,NA,NA,NA,NA,98.9
QV100-SASS-accel-bccdebb-gpgpu-13c6711,NA,NA,NA,NA,98.6
QV100-SASS-accel-0f84efb-gpgpu-74cdacd,NA,NA,NA,NA,38.3
QV100-SASS-accel-7feb41c-gpgpu-74cdacd,NA,NA,NA,NA,98.6
QV100-SASS-accel-8f77aae-gpgpu-948c0e1,NA,NA,NA,NA,98.6
QV100-SASS-accel-8f2c50f-gpgpu-6dd3bfc,NA,NA,NA,NA,98.6
QV100-SASS-accel-2f19b3d-gpgpu-e033c1f,NA,NA,NA,NA,98.6
QV100-SASS-accel-17e94d7-gpgpu-e033c1f,NA,NA,NA,NA,98.6
QV100-SASS-accel-dc0bece-gpgpu-e033c1f,NA,NA,NA,NA,98.6
QV100-SASS-accel-21f6fea-gpgpu-e033c1f,NA,NA,NA,NA,98.8
QV100-SASS-accel-a88075e-gpgpu-e033c1f,NA,NA,NA,NA,99.1
QV100-SASS-accel-470e82b-gpgpu-73db3f7,NA,NA,NA,NA,99.1
QV100-SASS-accel-a6c1a7a-gpgpu-66ae881,NA,NA,NA,NA,101.3
QV100-SASS-accel-572f6fd-gpgpu-301be9e,NA,NA,NA,NA,101.3
QV100-SASS-accel-92027de-gpgpu-58beccb,NA,NA,NA,NA,101.3
QV100-SASS-accel-0c80a10-gpgpu-58beccb,NA,NA,NA,NA,101.3
QV100-SASS-accel-53da2df-gpgpu-a0c12f5,NA,NA,NA,NA,101.3
QV100-SASS-accel-86f4430-gpgpu-a0c12f5,NA,NA,NA,NA,101.3
QV100-SASS-accel-c1a12bc-gpgpu-9aeacdf,NA,NA,NA,NA,101.3
QV100-SASS-accel-a1ca547-gpgpu-9aeacdf,NA,NA,NA,NA,101.3
QV100-SASS-accel-a1ca547-gpgpu-67fc78c,NA,NA,NA,NA,101.3
QV100-SASS-accel-_modifi-gpgpu-67fc78c,NA,NA,NA,NA,101.3
QV100-SASS-accel-c5fa0e8-gpgpu-bc268aa,NA,NA,NA,NA,126.2
QV100-SASS-accel-43a51f3-gpgpu-7d3ad23,NA,NA,NA,NA,126.2
QV100-SASS-accel-4ac0e40-gpgpu-7d3ad23,NA,NA,NA,NA,126.2
QV100-SASS-accel-efa370c-gpgpu-6b22d66,NA,NA,NA,NA,126.2
QV100-SASS-accel-66ed9f2-gpgpu-6b22d66,NA,NA,NA,NA,126.2
QV100-SASS-accel-b1c61bc-gpgpu-6b22d66,NA,NA,NA,NA,126.2
QV100-SASS-accel-b3d9838-gpgpu-22159f1,NA,NA,NA,NA,126.2
QV100-SASS-accel-3ff1be8-gpgpu-67d8a3b,NA,NA,NA,NA,126.2
QV100-SASS-accel-3ff1be8-gpgpu-9d88a1c,NA,NA,NA,NA,126.2
QV100-SASS-accel-879dc35-gpgpu-3364474,NA,NA,NA,NA,261.6
QV100-SASS-accel-e7b698e-gpgpu-3364474,NA,NA,NA,NA,261.6
QV100-SASS-accel-1688c9d-gpgpu-3364474,NA,NA,NA,NA,261.6
QV100-SASS-accel-a634fe0-gpgpu-3364474,NA,NA,NA,NA,261.6
QV100-SASS-accel-7a8e345-gpgpu-3364474,NA,NA,NA,NA,261.6
QV100-SASS-accel-d3ba55f-gpgpu-a3c52cf,NA,NA,NA,NA,262.3
QV100-SASS-accel-ec00037-gpgpu-a3c52cf,NA,NA,NA,NA,262.3
QV100-SASS-accel-a619790-gpgpu-a3c52cf,NA,NA,NA,NA,262.3
QV100-SASS-accel-31777f7-gpgpu-a3c52cf,NA,NA,NA,NA,262.3
QV100-SASS-accel-6c06571-gpgpu-b18ee39,NA,NA,NA,NA,262.3
QV100-SASS-accel-96d7923-gpgpu-b18ee39,NA,NA,NA,NA,262.3
QV100-SASS-accel-ff9a5d6-gpgpu-b18ee39,NA,NA,NA,NA,262.3
QV100-SASS-accel-3c96d32-gpgpu-b18ee39,NA,NA,NA,NA,262.3
QV100-SASS-accel-d7f397a-gpgpu-b18ee39,NA,NA,NA,NA,262.3
QV100-SASS-accel-963526a-gpgpu-b18ee39,2053.8623,1044.1750,189.7108,57.4922,261.5
QV100-SASS-accel-55194db-gpgpu-6c3cf4f,2053.8623,1044.1750,189.7108,57.4922,261.5
QV100-SASS-accel-b585512-gpgpu-6c3cf4f,2053.8623,1044.1750,189.7108,57.4922,261.5
QV100-SASS-accel-bf35ab0-gpgpu-6c3cf4f,2053.8623,1044.1750,189.7108,57.4922,261.5
QV100-SASS-accel-f0e4574-gpgpu-6c3cf4f,2053.8623,1044.1750,189.7108,57.4922,261.5
QV100-SASS-accel-9be0e3c-gpgpu-6c3cf4f,2053.8623,1044.1750,189.7108,57.4922,261.5
QV100-SASS-accel-1b34b87-gpgpu-6c3cf4f,2053.8623,1044.1750,189.7108,57.4922,261.5
QV100-SASS-accel-f28591a-gpgpu-6c3cf4f,2053.8623,1044.1750,189.7108,57.4922,261.5
QV100-SASS-accel-3016c65-gpgpu-6c3cf4f,2053.8623,1044.1750,189.7108,57.4922,261.5
QV100-SASS-accel-0a56c96-gpgpu-15f3c31,2061.0588,1037.4181,189.7108,57.4922,264.8
QV100-SASS-accel-6d7eb10-gpgpu-bc7bde2,2061.0588,1037.4181,189.7108,57.4922,264.8
QV100-SASS-accel-a6ee5cb-gpgpu-bc7bde2,2061.0588,1037.4181,189.7108,57.4922,836.4

----------------------------------------------------------------------------------------------------,,,,,
gpu_occupancy\s*=\s*(.*)%,,,,,
CFG,l2_bw_32f/__tpb_1024___tpsm_1024___fast--_Z5l2_bwPmS_PfS0_jj--0,l2_bw_64f/__tpb_1024___tpsm_1024___fast--_Z5l2_bwPjS_PdS0_jj--0,mem_bw/__tpb_1024___tpsm_1024--_Z6mem_bwPfS_S_S_S_S_PjS0_j--0,shared_bw/__tpb_1024___tpsm_1024___blocks_1--_Z9shared_bwPmS_Pjj--0,AV--VG
QV100-SASS-accel-f677b74-gpgpu-deb5eb5,NA,NA,NA,NA,41.6
QV100-SASS-accel-c366657-gpgpu-deb5eb5,NA,NA,NA,NA,41.6
QV100-SASS-accel-a72607f-gpgpu-deb5eb5,NA,NA,NA,NA,41.6
QV100-SASS-accel-4dbd5b1-gpgpu-deb5eb5,NA,NA,NA,NA,41.6
QV100-SASS-accel-60ad810-gpgpu-deb5eb5,NA,NA,NA,NA,41.6
QV100-SASS-accel-0ce7699-gpgpu-deb5eb5,NA,NA,NA,NA,50.0
QV100-SASS-accel-6812c12-gpgpu-deb5eb5,NA,NA,NA,NA,41.6
QV100-SASS-accel-31082a4-gpgpu-1ee03f0,NA,NA,NA,NA,42.2
QV100-SASS-accel-28e2777-gpgpu-1ee03f0,NA,NA,NA,NA,42.2
QV100-SASS-accel-10dc9a0-gpgpu-1ee03f0,NA,NA,NA,NA,42.2
QV100-SASS-accel-9719269-gpgpu-c51350d,NA,NA,NA,NA,42.2
QV100-SASS-accel-6b6f836-gpgpu-585dcf5,NA,NA,NA,NA,41.6
QV100-SASS-accel-252e8c4-gpgpu-585dcf5,NA,NA,NA,NA,41.6
QV100-SASS-accel-a4e0907-gpgpu-6c9e13d,NA,NA,NA,NA,41.1
QV100-SASS-accel-fea3381-gpgpu-6ad461a,NA,NA,NA,NA,41.6
QV100-SASS-accel-16c3068-gpgpu-6ad461a,NA,NA,NA,NA,41.6
QV100-SASS-accel-8f124d9-gpgpu-99b5997,NA,NA,NA,NA,45.3
QV100-SASS-accel-7a31963-gpgpu-84c4f46,NA,NA,NA,NA,45.3
QV100-SASS-accel-a8c1d6d-gpgpu-84c4f46,NA,NA,NA,NA,45.3
QV100-SASS-accel-000be7f-gpgpu-e466afb,NA,NA,NA,NA,45.3
QV100-SASS-accel-1cb6168-gpgpu-d38b300,NA,NA,NA,NA,45.3
QV100-SASS-accel-a9305c5-gpgpu-d38b300,NA,NA,NA,NA,45.3
QV100-SASS-accel-5b93243-gpgpu-d38b300,NA,NA,NA,NA,45.3
QV100-SASS-accel-5745567-gpgpu-d38b300,NA,NA,NA,NA,45.3
QV100-SASS-accel-8d1cf8e-gpgpu-d38b300,NA,NA,NA,NA,45.3
QV100-SASS-accel-17f819f-gpgpu-d38b300,NA,NA,NA,NA,45.3
QV100-SASS-accel-2f29d2d-gpgpu-1d39b6f,NA,NA,NA,NA,45.3
QV100-SASS-accel-786503a-gpgpu-13c6711,NA,NA,NA,NA,45.3
QV100-SASS-accel-53584fc-gpgpu-13c6711,NA,NA,NA,NA,45.3
QV100-SASS-accel-e02c99d-gpgpu-13c6711,NA,NA,NA,NA,45.3
QV100-SASS-accel-bccdebb-gpgpu-13c6711,NA,NA,NA,NA,45.3
QV100-SASS-accel-0f84efb-gpgpu-74cdacd,NA,NA,NA,NA,30.6
QV100-SASS-accel-7feb41c-gpgpu-74cdacd,NA,NA,NA,NA,45.3
QV100-SASS-accel-8f77aae-gpgpu-948c0e1,NA,NA,NA,NA,45.3
QV100-SASS-accel-8f2c50f-gpgpu-6dd3bfc,NA,NA,NA,NA,45.3
QV100-SASS-accel-2f19b3d-gpgpu-e033c1f,NA,NA,NA,NA,45.3
QV100-SASS-accel-17e94d7-gpgpu-e033c1f,NA,NA,NA,NA,45.3
QV100-SASS-accel-dc0bece-gpgpu-e033c1f,NA,NA,NA,NA,45.3
QV100-SASS-accel-21f6fea-gpgpu-e033c1f,NA,NA,NA,NA,45.3
QV100-SASS-accel-a88075e-gpgpu-e033c1f,NA,NA,NA,NA,45.3
QV100-SASS-accel-470e82b-gpgpu-73db3f7,NA,NA,NA,NA,45.3
QV100-SASS-accel-a6c1a7a-gpgpu-66ae881,NA,NA,NA,NA,45.3
QV100-SASS-accel-572f6fd-gpgpu-301be9e,NA,NA,NA,NA,45.3
QV100-SASS-accel-92027de-gpgpu-58beccb,NA,NA,NA,NA,45.3
QV100-SASS-accel-0c80a10-gpgpu-58beccb,NA,NA,NA,NA,45.3
QV100-SASS-accel-53da2df-gpgpu-a0c12f5,NA,NA,NA,NA,45.3
QV100-SASS-accel-86f4430-gpgpu-a0c12f5,NA,NA,NA,NA,45.3
QV100-SASS-accel-c1a12bc-gpgpu-9aeacdf,NA,NA,NA,NA,45.3
QV100-SASS-accel-a1ca547-gpgpu-9aeacdf,NA,NA,NA,NA,45.3
QV100-SASS-accel-a1ca547-gpgpu-67fc78c,NA,NA,NA,NA,45.3
QV100-SASS-accel-_modifi-gpgpu-67fc78c,NA,NA,NA,NA,45.3
QV100-SASS-accel-c5fa0e8-gpgpu-bc268aa,NA,NA,NA,NA,44.5
QV100-SASS-accel-43a51f3-gpgpu-7d3ad23,NA,NA,NA,NA,44.5
QV100-SASS-accel-4ac0e40-gpgpu-7d3ad23,NA,NA,NA,NA,44.5
QV100-SASS-accel-efa370c-gpgpu-6b22d66,NA,NA,NA,NA,44.5
QV100-SASS-accel-66ed9f2-gpgpu-6b22d66,NA,NA,NA,NA,44.5
QV100-SASS-accel-b1c61bc-gpgpu-6b22d66,NA,NA,NA,NA,44.5
QV100-SASS-accel-b3d9838-gpgpu-22159f1,NA,NA,NA,NA,44.5
QV100-SASS-accel-3ff1be8-gpgpu-67d8a3b,NA,NA,NA,NA,44.5
QV100-SASS-accel-3ff1be8-gpgpu-9d88a1c,NA,NA,NA,NA,44.5
QV100-SASS-accel-879dc35-gpgpu-3364474,NA,NA,NA,NA,43.4
QV100-SASS-accel-e7b698e-gpgpu-3364474,NA,NA,NA,NA,43.4
QV100-SASS-accel-1688c9d-gpgpu-3364474,NA,NA,NA,NA,43.4
QV100-SASS-accel-a634fe0-gpgpu-3364474,NA,NA,NA,NA,43.4
QV100-SASS-accel-7a8e345-gpgpu-3364474,NA,NA,NA,NA,43.4
QV100-SASS-accel-d3ba55f-gpgpu-a3c52cf,NA,NA,NA,NA,43.4
QV100-SASS-accel-ec00037-gpgpu-a3c52cf,NA,NA,NA,NA,43.4
QV100-SASS-accel-a619790-gpgpu-a3c52cf,NA,NA,NA,NA,43.4
QV100-SASS-accel-31777f7-gpgpu-a3c52cf,NA,NA,NA,NA,43.4
QV100-SASS-accel-6c06571-gpgpu-b18ee39,NA,NA,NA,NA,43.4
QV100-SASS-accel-96d7923-gpgpu-b18ee39,NA,NA,NA,NA,43.4
QV100-SASS-accel-ff9a5d6-gpgpu-b18ee39,NA,NA,NA,NA,43.4
QV100-SASS-accel-3c96d32-gpgpu-b18ee39,NA,NA,NA,NA,43.4
QV100-SASS-accel-d7f397a-gpgpu-b18ee39,NA,NA,NA,NA,43.4
QV100-SASS-accel-963526a-gpgpu-b18ee39,99.6846,99.8507,49.5991,49.9490,43.0
QV100-SASS-accel-55194db-gpgpu-6c3cf4f,99.6846,99.8507,49.5991,49.9490,43.0
QV100-SASS-accel-b585512-gpgpu-6c3cf4f,99.6846,99.8507,49.5991,49.9490,43.0
QV100-SASS-accel-bf35ab0-gpgpu-6c3cf4f,99.6846,99.8507,49.5991,49.9490,43.0
QV100-SASS-accel-f0e4574-gpgpu-6c3cf4f,99.6846,99.8507,49.5991,49.9490,43.0
QV100-SASS-accel-9be0e3c-gpgpu-6c3cf4f,99.6846,99.8507,49.5991,49.9490,43.0
QV100-SASS-accel-1b34b87-gpgpu-6c3cf4f,99.6846,99.8507,49.5991,49.9490,43.0
QV100-SASS-accel-f28591a-gpgpu-6c3cf4f,99.6846,99.8507,49.5991,49.9490,43.0
QV100-SASS-accel-3016c65-gpgpu-6c3cf4f,99.6846,99.8507,49.5991,49.9490,43.0
QV100-SASS-accel-0a56c96-gpgpu-15f3c31,99.6833,99.8415,49.5991,49.9490,42.9
QV100-SASS-accel-6d7eb10-gpgpu-bc7bde2,99.6833,99.8415,49.5991,49.9490,42.9
QV100-SASS-accel-a6ee5cb-gpgpu-bc7bde2,99.6833,99.8415,49.5991,49.9490,74.8

----------------------------------------------------------------------------------------------------,,,,,
L2_BW\s*=\s*(.*)\s*GB\/Sec,,,,,
CFG,l2_bw_32f/__tpb_1024___tpsm_1024___fast--_Z5l2_bwPmS_PfS0_jj--0,l2_bw_64f/__tpb_1024___tpsm_1024___fast--_Z5l2_bwPjS_PdS0_jj--0,mem_bw/__tpb_1024___tpsm_1024--_Z6mem_bwPfS_S_S_S_S_PjS0_j--0,shared_bw/__tpb_1024___tpsm_1024___blocks_1--_Z9shared_bwPmS_Pjj--0,AV--VG
QV100-SASS-accel-f677b74-gpgpu-deb5eb5,NA,NA,NA,NA,NA
QV100-SASS-accel-c366657-gpgpu-deb5eb5,NA,NA,NA,NA,NA
QV100-SASS-accel-a72607f-gpgpu-deb5eb5,NA,NA,NA,NA,NA
QV100-SASS-accel-4dbd5b1-gpgpu-deb5eb5,NA,NA,NA,NA,NA
QV100-SASS-accel-60ad810-gpgpu-deb5eb5,NA,NA,NA,NA,NA
QV100-SASS-accel-0ce7699-gpgpu-deb5eb5,NA,NA,NA,NA,NA
QV100-SASS-accel-6812c12-gpgpu-deb5eb5,NA,NA,NA,NA,NA
QV100-SASS-accel-31082a4-gpgpu-1ee03f0,NA,NA,NA,NA,NA
QV100-SASS-accel-28e2777-gpgpu-1ee03f0,NA,NA,NA,NA,NA
QV100-SASS-accel-10dc9a0-gpgpu-1ee03f0,NA,NA,NA,NA,NA
QV100-SASS-accel-9719269-gpgpu-c51350d,NA,NA,NA,NA,NA
QV100-SASS-accel-6b6f836-gpgpu-585dcf5,NA,NA,NA,NA,NA
QV100-SASS-accel-252e8c4-gpgpu-585dcf5,NA,NA,NA,NA,NA
QV100-SASS-accel-a4e0907-gpgpu-6c9e13d,NA,NA,NA,NA,NA
QV100-SASS-accel-fea3381-gpgpu-6ad461a,NA,NA,NA,NA,NA
QV100-SASS-accel-16c3068-gpgpu-6ad461a,NA,NA,NA,NA,NA
QV100-SASS-accel-8f124d9-gpgpu-99b5997,NA,NA,NA,NA,NA
QV100-SASS-accel-7a31963-gpgpu-84c4f46,NA,NA,NA,NA,NA
QV100-SASS-accel-a8c1d6d-gpgpu-84c4f46,NA,NA,NA,NA,NA
QV100-SASS-accel-000be7f-gpgpu-e466afb,NA,NA,NA,NA,NA
QV100-SASS-accel-1cb6168-gpgpu-d38b300,NA,NA,NA,NA,NA
QV100-SASS-accel-a9305c5-gpgpu-d38b300,NA,NA,NA,NA,NA
QV100-SASS-accel-5b93243-gpgpu-d38b300,NA,NA,NA,NA,NA
QV100-SASS-accel-5745567-gpgpu-d38b300,NA,NA,NA,NA,NA
QV100-SASS-accel-8d1cf8e-gpgpu-d38b300,NA,NA,NA,NA,NA
QV100-SASS-accel-17f819f-gpgpu-d38b300,NA,NA,NA,NA,NA
QV100-SASS-accel-2f29d2d-gpgpu-1d39b6f,NA,NA,NA,NA,NA
QV100-SASS-accel-786503a-gpgpu-13c6711,NA,NA,NA,NA,NA
QV100-SASS-accel-53584fc-gpgpu-13c6711,NA,NA,NA,NA,NA
QV100-SASS-accel-e02c99d-gpgpu-13c6711,NA,NA,NA,NA,NA
QV100-SASS-accel-bccdebb-gpgpu-13c6711,NA,NA,NA,NA,NA
QV100-SASS-accel-0f84efb-gpgpu-74cdacd,NA,NA,NA,NA,NA
QV100-SASS-accel-7feb41c-gpgpu-74cdacd,NA,NA,NA,NA,NA
QV100-SASS-accel-8f77aae-gpgpu-948c0e1,NA,NA,NA,NA,NA
QV100-SASS-accel-8f2c50f-gpgpu-6dd3bfc,NA,NA,NA,NA,NA
QV100-SASS-accel-2f19b3d-gpgpu-e033c1f,NA,NA,NA,NA,NA
QV100-SASS-accel-17e94d7-gpgpu-e033c1f,NA,NA,NA,NA,NA
QV100-SASS-accel-dc0bece-gpgpu-e033c1f,NA,NA,NA,NA,NA
QV100-SASS-accel-21f6fea-gpgpu-e033c1f,NA,NA,NA,NA,NA
QV100-SASS-accel-a88075e-gpgpu-e033c1f,NA,NA,NA,NA,NA
QV100-SASS-accel-470e82b-gpgpu-73db3f7,NA,NA,NA,NA,NA
QV100-SASS-accel-a6c1a7a-gpgpu-66ae881,NA,NA,NA,NA,NA
QV100-SASS-accel-572f6fd-gpgpu-301be9e,NA,NA,NA,NA,NA
QV100-SASS-accel-92027de-gpgpu-58beccb,NA,NA,NA,NA,NA
QV100-SASS-accel-0c80a10-gpgpu-58beccb,NA,NA,NA,NA,NA
QV100-SASS-accel-53da2df-gpgpu-a0c12f5,NA,NA,NA,NA,NA
QV100-SASS-accel-86f4430-gpgpu-a0c12f5,NA,NA,NA,NA,NA
QV100-SASS-accel-c1a12bc-gpgpu-9aeacdf,NA,NA,NA,NA,NA
QV100-SASS-accel-a1ca547-gpgpu-9aeacdf,NA,NA,NA,NA,NA
QV100-SASS-accel-a1ca547-gpgpu-67fc78c,NA,NA,NA,NA,NA
QV100-SASS-accel-_modifi-gpgpu-67fc78c,NA,NA,NA,NA,NA
QV100-SASS-accel-c5fa0e8-gpgpu-bc268aa,NA,NA,NA,NA,200.7
QV100-SASS-accel-43a51f3-gpgpu-7d3ad23,NA,NA,NA,NA,200.7
QV100-SASS-accel-4ac0e40-gpgpu-7d3ad23,NA,NA,NA,NA,200.7
QV100-SASS-accel-efa370c-gpgpu-6b22d66,NA,NA,NA,NA,200.7
QV100-SASS-accel-66ed9f2-gpgpu-6b22d66,NA,NA,NA,NA,200.7
QV100-SASS-accel-b1c61bc-gpgpu-6b22d66,NA,NA,NA,NA,200.7
QV100-SASS-accel-b3d9838-gpgpu-22159f1,NA,NA,NA,NA,200.7
QV100-SASS-accel-3ff1be8-gpgpu-67d8a3b,NA,NA,NA,NA,200.7
QV100-SASS-accel-3ff1be8-gpgpu-9d88a1c,NA,NA,NA,NA,200.7
QV100-SASS-accel-879dc35-gpgpu-3364474,NA,NA,NA,NA,216.8
QV100-SASS-accel-e7b698e-gpgpu-3364474,NA,NA,NA,NA,216.8
QV100-SASS-accel-1688c9d-gpgpu-3364474,NA,NA,NA,NA,216.8
QV100-SASS-accel-a634fe0-gpgpu-3364474,NA,NA,NA,NA,216.8
QV100-SASS-accel-7a8e345-gpgpu-3364474,NA,NA,NA,NA,216.8
QV100-SASS-accel-d3ba55f-gpgpu-a3c52cf,NA,NA,NA,NA,217.2
QV100-SASS-accel-ec00037-gpgpu-a3c52cf,NA,NA,NA,NA,217.2
QV100-SASS-accel-a619790-gpgpu-a3c52cf,NA,NA,NA,NA,217.2
QV100-SASS-accel-31777f7-gpgpu-a3c52cf,NA,NA,NA,NA,217.2
QV100-SASS-accel-6c06571-gpgpu-b18ee39,NA,NA,NA,NA,217.2
QV100-SASS-accel-96d7923-gpgpu-b18ee39,NA,NA,NA,NA,217.2
QV100-SASS-accel-ff9a5d6-gpgpu-b18ee39,NA,NA,NA,NA,217.2
QV100-SASS-accel-3c96d32-gpgpu-b18ee39,NA,NA,NA,NA,217.2
QV100-SASS-accel-d7f397a-gpgpu-b18ee39,NA,NA,NA,NA,217.2
QV100-SASS-accel-963526a-gpgpu-b18ee39,1279.3459,1293.2959,589.2385,0.1538,216.2
QV100-SASS-accel-55194db-gpgpu-6c3cf4f,1279.3459,1293.2959,589.2385,0.1538,216.2
QV100-SASS-accel-b585512-gpgpu-6c3cf4f,1279.3459,1293.2959,589.2385,0.1538,216.2
QV100-SASS-accel-bf35ab0-gpgpu-6c3cf4f,1279.3459,1293.2959,589.2385,0.1538,216.2
QV100-SASS-accel-f0e4574-gpgpu-6c3cf4f,1279.3459,1293.2959,589.2385,0.1538,216.2
QV100-SASS-accel-9be0e3c-gpgpu-6c3cf4f,1279.3459,1293.2959,589.2385,0.1538,216.2
QV100-SASS-accel-1b34b87-gpgpu-6c3cf4f,1279.3459,1293.2959,589.2385,0.1538,216.2
QV100-SASS-accel-f28591a-gpgpu-6c3cf4f,1279.3459,1293.2959,589.2385,0.1538,216.2
QV100-SASS-accel-3016c65-gpgpu-6c3cf4f,1279.3459,1293.2959,589.2385,0.1538,216.2
QV100-SASS-accel-0a56c96-gpgpu-15f3c31,1283.8285,1284.9268,589.2385,0.1538,218.5
QV100-SASS-accel-6d7eb10-gpgpu-bc7bde2,1283.8285,1284.9268,589.2385,0.1538,218.5
QV100-SASS-accel-a6ee5cb-gpgpu-bc7bde2,1283.8285,1284.9268,589.2385,0.1538,789.5

----------------------------------------------------------------------------------------------------,,,,,
gpgpu_simulation_rate\s+=\s+(.*)\s+\(inst\/sec\),,,,,
CFG,l2_bw_32f/__tpb_1024___tpsm_1024___fast--_Z5l2_bwPmS_PfS0_jj--0,l2_bw_64f/__tpb_1024___tpsm_1024___fast--_Z5l2_bwPjS_PdS0_jj--0,mem_bw/__tpb_1024___tpsm_1024--_Z6mem_bwPfS_S_S_S_S_PjS0_j--0,shared_bw/__tpb_1024___tpsm_1024___blocks_1--_Z9shared_bwPmS_Pjj--0,AV--VG
QV100-SASS-accel-f677b74-gpgpu-deb5eb5,NA,NA,NA,NA,41843.2
QV100-SASS-accel-c366657-gpgpu-deb5eb5,NA,NA,NA,NA,36473.0
QV100-SASS-accel-a72607f-gpgpu-deb5eb5,NA,NA,NA,NA,39201.7
QV100-SASS-accel-4dbd5b1-gpgpu-deb5eb5,NA,NA,NA,NA,39385.6
QV100-SASS-accel-60ad810-gpgpu-deb5eb5,NA,NA,NA,NA,38821.8
QV100-SASS-accel-0ce7699-gpgpu-deb5eb5,NA,NA,NA,NA,60461.0
QV100-SASS-accel-6812c12-gpgpu-deb5eb5,NA,NA,NA,NA,38473.9
QV100-SASS-accel-31082a4-gpgpu-1ee03f0,NA,NA,NA,NA,33943.9
QV100-SASS-accel-28e2777-gpgpu-1ee03f0,NA,NA,NA,NA,38122.8
QV100-SASS-accel-10dc9a0-gpgpu-1ee03f0,NA,NA,NA,NA,36335.3
QV100-SASS-accel-9719269-gpgpu-c51350d,NA,NA,NA,NA,37334.9
QV100-SASS-accel-6b6f836-gpgpu-585dcf5,NA,NA,NA,NA,32566.5
QV100-SASS-accel-252e8c4-gpgpu-585dcf5,NA,NA,NA,NA,36199.4
QV100-SASS-accel-a4e0907-gpgpu-6c9e13d,NA,NA,NA,NA,36511.8
QV100-SASS-accel-fea3381-gpgpu-6ad461a,NA,NA,NA,NA,30859.9
QV100-SASS-accel-16c3068-gpgpu-6ad461a,NA,NA,NA,NA,35130.8
QV100-SASS-accel-8f124d9-gpgpu-99b5997,NA,NA,NA,NA,36638.0
QV100-SASS-accel-7a31963-gpgpu-84c4f46,NA,NA,NA,NA,38898.7
QV100-SASS-accel-a8c1d6d-gpgpu-84c4f46,NA,NA,NA,NA,32451.2
QV100-SASS-accel-000be7f-gpgpu-e466afb,NA,NA,NA,NA,35644.4
QV100-SASS-accel-1cb6168-gpgpu-d38b300,NA,NA,NA,NA,31189.6
QV100-SASS-accel-a9305c5-gpgpu-d38b300,NA,NA,NA,NA,29258.4
QV100-SASS-accel-5b93243-gpgpu-d38b300,NA,NA,NA,NA,26945.3
QV100-SASS-accel-5745567-gpgpu-d38b300,NA,NA,NA,NA,28382.6
QV100-SASS-accel-8d1cf8e-gpgpu-d38b300,NA,NA,NA,NA,33839.2
QV100-SASS-accel-17f819f-gpgpu-d38b300,NA,NA,NA,NA,30070.2
QV100-SASS-accel-2f29d2d-gpgpu-1d39b6f,NA,NA,NA,NA,33841.2
QV100-SASS-accel-786503a-gpgpu-13c6711,NA,NA,NA,NA,35163.2
QV100-SASS-accel-53584fc-gpgpu-13c6711,NA,NA,NA,NA,33868.1
QV100-SASS-accel-e02c99d-gpgpu-13c6711,NA,NA,NA,NA,33988.2
QV100-SASS-accel-bccdebb-gpgpu-13c6711,NA,NA,NA,NA,33270.8
QV100-SASS-accel-0f84efb-gpgpu-74cdacd,NA,NA,NA,NA,25024.6
QV100-SASS-accel-7feb41c-gpgpu-74cdacd,NA,NA,NA,NA,33451.4
QV100-SASS-accel-8f77aae-gpgpu-948c0e1,NA,NA,NA,NA,29848.2
QV100-SASS-accel-8f2c50f-gpgpu-6dd3bfc,NA,NA,NA,NA,28856.0
QV100-SASS-accel-2f19b3d-gpgpu-e033c1f,NA,NA,NA,NA,29656.4
QV100-SASS-accel-17e94d7-gpgpu-e033c1f,NA,NA,NA,NA,29814.6
QV100-SASS-accel-dc0bece-gpgpu-e033c1f,NA,NA,NA,NA,28979.7
QV100-SASS-accel-21f6fea-gpgpu-e033c1f,NA,NA,NA,NA,28582.3
QV100-SASS-accel-a88075e-gpgpu-e033c1f,NA,NA,NA,NA,31037.0
QV100-SASS-accel-470e82b-gpgpu-73db3f7,NA,NA,NA,NA,30594.2
QV100-SASS-accel-a6c1a7a-gpgpu-66ae881,NA,NA,NA,NA,28825.0
QV100-SASS-accel-572f6fd-gpgpu-301be9e,NA,NA,NA,NA,34680.6
QV100-SASS-accel-92027de-gpgpu-58beccb,NA,NA,NA,NA,33189.1
QV100-SASS-accel-0c80a10-gpgpu-58beccb,NA,NA,NA,NA,28507.6
QV100-SASS-accel-53da2df-gpgpu-a0c12f5,NA,NA,NA,NA,33826.1
QV100-SASS-accel-86f4430-gpgpu-a0c12f5,NA,NA,NA,NA,35618.2
QV100-SASS-accel-c1a12bc-gpgpu-9aeacdf,NA,NA,NA,NA,29001.0
QV100-SASS-accel-a1ca547-gpgpu-9aeacdf,NA,NA,NA,NA,31149.6
QV100-SASS-accel-a1ca547-gpgpu-67fc78c,NA,NA,NA,NA,35523.2
QV100-SASS-accel-_modifi-gpgpu-67fc78c,NA,NA,NA,NA,31665.8
QV100-SASS-accel-c5fa0e8-gpgpu-bc268aa,NA,NA,NA,NA,136699.7
QV100-SASS-accel-43a51f3-gpgpu-7d3ad23,NA,NA,NA,NA,134426.9
QV100-SASS-accel-4ac0e40-gpgpu-7d3ad23,NA,NA,NA,NA,138291.9
QV100-SASS-accel-efa370c-gpgpu-6b22d66,NA,NA,NA,NA,159771.7
QV100-SASS-accel-66ed9f2-gpgpu-6b22d66,NA,NA,NA,NA,132892.0
QV100-SASS-accel-b1c61bc-gpgpu-6b22d66,NA,NA,NA,NA,129716.9
QV100-SASS-accel-b3d9838-gpgpu-22159f1,NA,NA,NA,NA,137109.4
QV100-SASS-accel-3ff1be8-gpgpu-67d8a3b,NA,NA,NA,NA,138645.9
QV100-SASS-accel-3ff1be8-gpgpu-9d88a1c,NA,NA,NA,NA,132675.1
QV100-SASS-accel-879dc35-gpgpu-3364474,NA,NA,NA,NA,159364.8
QV100-SASS-accel-e7b698e-gpgpu-3364474,NA,NA,NA,NA,149767.4
QV100-SASS-accel-1688c9d-gpgpu-3364474,NA,NA,NA,NA,171388.7
QV100-SASS-accel-a634fe0-gpgpu-3364474,NA,NA,NA,NA,163588.1
QV100-SASS-accel-7a8e345-gpgpu-3364474,NA,NA,NA,NA,159653.9
QV100-SASS-accel-d3ba55f-gpgpu-a3c52cf,NA,NA,NA,NA,178923.1
QV100-SASS-accel-ec00037-gpgpu-a3c52cf,NA,NA,NA,NA,182395.3
QV100-SASS-accel-a619790-gpgpu-a3c52cf,NA,NA,NA,NA,178968.9
QV100-SASS-accel-31777f7-gpgpu-a3c52cf,NA,NA,NA,NA,163238.9
QV100-SASS-accel-6c06571-gpgpu-b18ee39,NA,NA,NA,NA,165094.7
QV100-SASS-accel-96d7923-gpgpu-b18ee39,NA,NA,NA,NA,177474.9
QV100-SASS-accel-ff9a5d6-gpgpu-b18ee39,NA,NA,NA,NA,161578.9
QV100-SASS-accel-3c96d32-gpgpu-b18ee39,NA,NA,NA,NA,38136.4
QV100-SASS-accel-d7f397a-gpgpu-b18ee39,NA,NA,NA,NA,156902.4
QV100-SASS-accel-963526a-gpgpu-b18ee39,390787,260910,35132,333390,234558.5
QV100-SASS-accel-55194db-gpgpu-6c3cf4f,314502,206718,25392,216704,162583.4
QV100-SASS-accel-b585512-gpgpu-6c3cf4f,221404,146952,19141,216704,144897.1
QV100-SASS-accel-bf35ab0-gpgpu-6c3cf4f,389554,224301,30600,206384,169214.4
QV100-SASS-accel-f0e4574-gpgpu-6c3cf4f,365553,225613,26432,201585,158619.9
QV100-SASS-accel-9be0e3c-gpgpu-6c3cf4f,269691,137766,25987,188438,140465.5
QV100-SASS-accel-1b34b87-gpgpu-6c3cf4f,188126,114438,23264,206384,160267.8
QV100-SASS-accel-f28591a-gpgpu-6c3cf4f,300562,213957,26208,206384,178331.1
QV100-SASS-accel-3016c65-gpgpu-6c3cf4f,163848,92999,17848,240782,159688.1
QV100-SASS-accel-0a56c96-gpgpu-15f3c31,126783,66485,20362,216704,136979.2
QV100-SASS-accel-6d7eb10-gpgpu-bc7bde2,178908,112498,21138,206384,149401.4
QV100-SASS-accel-a6ee5cb-gpgpu-bc7bde2,134669,86434,15333,298902,133834.5

----------------------------------------------------------------------------------------------------,,,,,
gpgpu_simulation_rate\s+=\s+(.*)\s+\(cycle\/sec\),,,,,
CFG,l2_bw_32f/__tpb_1024___tpsm_1024___fast--_Z5l2_bwPmS_PfS0_jj--0,l2_bw_64f/__tpb_1024___tpsm_1024___fast--_Z5l2_bwPjS_PdS0_jj--0,mem_bw/__tpb_1024___tpsm_1024--_Z6mem_bwPfS_S_S_S_S_PjS0_j--0,shared_bw/__tpb_1024___tpsm_1024___blocks_1--_Z9shared_bwPmS_Pjj--0,AV--VG
QV100-SASS-accel-f677b74-gpgpu-deb5eb5,NA,NA,NA,NA,799.1
QV100-SASS-accel-c366657-gpgpu-deb5eb5,NA,NA,NA,NA,776.9
QV100-SASS-accel-a72607f-gpgpu-deb5eb5,NA,NA,NA,NA,814.4
QV100-SASS-accel-4dbd5b1-gpgpu-deb5eb5,NA,NA,NA,NA,806.7
QV100-SASS-accel-60ad810-gpgpu-deb5eb5,NA,NA,NA,NA,808.8
QV100-SASS-accel-0ce7699-gpgpu-deb5eb5,NA,NA,NA,NA,792.0
QV100-SASS-accel-6812c12-gpgpu-deb5eb5,NA,NA,NA,NA,787.6
QV100-SASS-accel-31082a4-gpgpu-1ee03f0,NA,NA,NA,NA,713.5
QV100-SASS-accel-28e2777-gpgpu-1ee03f0,NA,NA,NA,NA,782.1
QV100-SASS-accel-10dc9a0-gpgpu-1ee03f0,NA,NA,NA,NA,762.2
QV100-SASS-accel-9719269-gpgpu-c51350d,NA,NA,NA,NA,779.2
QV100-SASS-accel-6b6f836-gpgpu-585dcf5,NA,NA,NA,NA,715.2
QV100-SASS-accel-252e8c4-gpgpu-585dcf5,NA,NA,NA,NA,757.1
QV100-SASS-accel-a4e0907-gpgpu-6c9e13d,NA,NA,NA,NA,766.9
QV100-SASS-accel-fea3381-gpgpu-6ad461a,NA,NA,NA,NA,687.2
QV100-SASS-accel-16c3068-gpgpu-6ad461a,NA,NA,NA,NA,756.8
QV100-SASS-accel-8f124d9-gpgpu-99b5997,NA,NA,NA,NA,737.2
QV100-SASS-accel-7a31963-gpgpu-84c4f46,NA,NA,NA,NA,800.9
QV100-SASS-accel-a8c1d6d-gpgpu-84c4f46,NA,NA,NA,NA,706.7
QV100-SASS-accel-000be7f-gpgpu-e466afb,NA,NA,NA,NA,753.3
QV100-SASS-accel-1cb6168-gpgpu-d38b300,NA,NA,NA,NA,660.0
QV100-SASS-accel-a9305c5-gpgpu-d38b300,NA,NA,NA,NA,617.8
QV100-SASS-accel-5b93243-gpgpu-d38b300,NA,NA,NA,NA,570.2
QV100-SASS-accel-5745567-gpgpu-d38b300,NA,NA,NA,NA,617.6
QV100-SASS-accel-8d1cf8e-gpgpu-d38b300,NA,NA,NA,NA,688.2
QV100-SASS-accel-17f819f-gpgpu-d38b300,NA,NA,NA,NA,615.3
QV100-SASS-accel-2f29d2d-gpgpu-1d39b6f,NA,NA,NA,NA,704.4
QV100-SASS-accel-786503a-gpgpu-13c6711,NA,NA,NA,NA,745.8
QV100-SASS-accel-53584fc-gpgpu-13c6711,NA,NA,NA,NA,705.4
QV100-SASS-accel-e02c99d-gpgpu-13c6711,NA,NA,NA,NA,730.3
QV100-SASS-accel-bccdebb-gpgpu-13c6711,NA,NA,NA,NA,735.9
QV100-SASS-accel-0f84efb-gpgpu-74cdacd,NA,NA,NA,NA,737.2
QV100-SASS-accel-7feb41c-gpgpu-74cdacd,NA,NA,NA,NA,693.6
QV100-SASS-accel-8f77aae-gpgpu-948c0e1,NA,NA,NA,NA,611.9
QV100-SASS-accel-8f2c50f-gpgpu-6dd3bfc,NA,NA,NA,NA,617.1
QV100-SASS-accel-2f19b3d-gpgpu-e033c1f,NA,NA,NA,NA,658.7
QV100-SASS-accel-17e94d7-gpgpu-e033c1f,NA,NA,NA,NA,634.2
QV100-SASS-accel-dc0bece-gpgpu-e033c1f,NA,NA,NA,NA,611.5
QV100-SASS-accel-21f6fea-gpgpu-e033c1f,NA,NA,NA,NA,640.4
QV100-SASS-accel-a88075e-gpgpu-e033c1f,NA,NA,NA,NA,655.9
QV100-SASS-accel-470e82b-gpgpu-73db3f7,NA,NA,NA,NA,670.3
QV100-SASS-accel-a6c1a7a-gpgpu-66ae881,NA,NA,NA,NA,616.2
QV100-SASS-accel-572f6fd-gpgpu-301be9e,NA,NA,NA,NA,705.9
QV100-SASS-accel-92027de-gpgpu-58beccb,NA,NA,NA,NA,682.8
QV100-SASS-accel-0c80a10-gpgpu-58beccb,NA,NA,NA,NA,612.1
QV100-SASS-accel-53da2df-gpgpu-a0c12f5,NA,NA,NA,NA,692.4
QV100-SASS-accel-86f4430-gpgpu-a0c12f5,NA,NA,NA,NA,724.2
QV100-SASS-accel-c1a12bc-gpgpu-9aeacdf,NA,NA,NA,NA,612.3
QV100-SASS-accel-a1ca547-gpgpu-9aeacdf,NA,NA,NA,NA,653.4
QV100-SASS-accel-a1ca547-gpgpu-67fc78c,NA,NA,NA,NA,717.6
QV100-SASS-accel-_modifi-gpgpu-67fc78c,NA,NA,NA,NA,630.7
QV100-SASS-accel-c5fa0e8-gpgpu-bc268aa,NA,NA,NA,NA,3150.5
QV100-SASS-accel-43a51f3-gpgpu-7d3ad23,NA,NA,NA,NA,3157.0
QV100-SASS-accel-4ac0e40-gpgpu-7d3ad23,NA,NA,NA,NA,3110.9
QV100-SASS-accel-efa370c-gpgpu-6b22d66,NA,NA,NA,NA,3603.8
QV100-SASS-accel-66ed9f2-gpgpu-6b22d66,NA,NA,NA,NA,3089.4
QV100-SASS-accel-b1c61bc-gpgpu-6b22d66,NA,NA,NA,NA,3091.0
QV100-SASS-accel-b3d9838-gpgpu-22159f1,NA,NA,NA,NA,3150.8
QV100-SASS-accel-3ff1be8-gpgpu-67d8a3b,NA,NA,NA,NA,3205.7
QV100-SASS-accel-3ff1be8-gpgpu-9d88a1c,NA,NA,NA,NA,3093.1
QV100-SASS-accel-879dc35-gpgpu-3364474,NA,NA,NA,NA,2920.9
QV100-SASS-accel-e7b698e-gpgpu-3364474,NA,NA,NA,NA,2940.2
QV100-SASS-accel-1688c9d-gpgpu-3364474,NA,NA,NA,NA,3068.5
QV100-SASS-accel-a634fe0-gpgpu-3364474,NA,NA,NA,NA,3093.6
QV100-SASS-accel-7a8e345-gpgpu-3364474,NA,NA,NA,NA,2898.8
QV100-SASS-accel-d3ba55f-gpgpu-a3c52cf,NA,NA,NA,NA,2934.2
QV100-SASS-accel-ec00037-gpgpu-a3c52cf,NA,NA,NA,NA,3045.0
QV100-SASS-accel-a619790-gpgpu-a3c52cf,NA,NA,NA,NA,2973.1
QV100-SASS-accel-31777f7-gpgpu-a3c52cf,NA,NA,NA,NA,2808.0
QV100-SASS-accel-6c06571-gpgpu-b18ee39,NA,NA,NA,NA,2918.5
QV100-SASS-accel-96d7923-gpgpu-b18ee39,NA,NA,NA,NA,2935.8
QV100-SASS-accel-ff9a5d6-gpgpu-b18ee39,NA,NA,NA,NA,2804.6
QV100-SASS-accel-3c96d32-gpgpu-b18ee39,NA,NA,NA,NA,712.3
QV100-SASS-accel-d7f397a-gpgpu-b18ee39,NA,NA,NA,NA,2887.8
QV100-SASS-accel-963526a-gpgpu-b18ee39,190,249,185,5798,4363.4
QV100-SASS-accel-55194db-gpgpu-6c3cf4f,153,197,133,3769,3021.5
QV100-SASS-accel-b585512-gpgpu-6c3cf4f,107,140,100,3769,2835.5
QV100-SASS-accel-bf35ab0-gpgpu-6c3cf4f,189,214,161,3589,3130.9
QV100-SASS-accel-f0e4574-gpgpu-6c3cf4f,177,216,139,3506,2806.4
QV100-SASS-accel-9be0e3c-gpgpu-6c3cf4f,131,131,136,3277,2760.8
QV100-SASS-accel-1b34b87-gpgpu-6c3cf4f,91,109,122,3589,3236.9
QV100-SASS-accel-f28591a-gpgpu-6c3cf4f,146,204,138,3589,3276.2
QV100-SASS-accel-3016c65-gpgpu-6c3cf4f,79,89,94,4188,3282.8
QV100-SASS-accel-0a56c96-gpgpu-15f3c31,61,64,107,3769,2965.7
QV100-SASS-accel-6d7eb10-gpgpu-bc7bde2,86,108,111,3589,3145.4
QV100-SASS-accel-a6ee5cb-gpgpu-bc7bde2,65,83,80,5199,1356.8

----------------------------------------------------------------------------------------------------,,,,,
gpgpu_silicon_slowdown\s*=\s*(.*)x,,,,,
CFG,l2_bw_32f/__tpb_1024___tpsm_1024___fast--_Z5l2_bwPmS_PfS0_jj--0,l2_bw_64f/__tpb_1024___tpsm_1024___fast--_Z5l2_bwPjS_PdS0_jj--0,mem_bw/__tpb_1024___tpsm_1024--_Z6mem_bwPfS_S_S_S_S_PjS0_j--0,shared_bw/__tpb_1024___tpsm_1024___blocks_1--_Z9shared_bwPmS_Pjj--0,AV--VG
QV100-SASS-accel-f677b74-gpgpu-deb5eb5,NA,NA,NA,NA,2143231.2
QV100-SASS-accel-c366657-gpgpu-deb5eb5,NA,NA,NA,NA,3039961.2
QV100-SASS-accel-a72607f-gpgpu-deb5eb5,NA,NA,NA,NA,2688519.9
QV100-SASS-accel-4dbd5b1-gpgpu-deb5eb5,NA,NA,NA,NA,2376002.4
QV100-SASS-accel-60ad810-gpgpu-deb5eb5,NA,NA,NA,NA,2634397.7
QV100-SASS-accel-0ce7699-gpgpu-deb5eb5,NA,NA,NA,NA,1429292.0
QV100-SASS-accel-6812c12-gpgpu-deb5eb5,NA,NA,NA,NA,2542176.3
QV100-SASS-accel-31082a4-gpgpu-1ee03f0,NA,NA,NA,NA,2785187.1
QV100-SASS-accel-28e2777-gpgpu-1ee03f0,NA,NA,NA,NA,2354795.6
QV100-SASS-accel-10dc9a0-gpgpu-1ee03f0,NA,NA,NA,NA,2524662.8
QV100-SASS-accel-9719269-gpgpu-c51350d,NA,NA,NA,NA,2498134.7
QV100-SASS-accel-6b6f836-gpgpu-585dcf5,NA,NA,NA,NA,2845446.1
QV100-SASS-accel-252e8c4-gpgpu-585dcf5,NA,NA,NA,NA,2531989.9
QV100-SASS-accel-a4e0907-gpgpu-6c9e13d,NA,NA,NA,NA,2444229.9
QV100-SASS-accel-fea3381-gpgpu-6ad461a,NA,NA,NA,NA,2693133.4
QV100-SASS-accel-16c3068-gpgpu-6ad461a,NA,NA,NA,NA,2437205.9
QV100-SASS-accel-8f124d9-gpgpu-99b5997,NA,NA,NA,NA,2557724.8
QV100-SASS-accel-7a31963-gpgpu-84c4f46,NA,NA,NA,NA,2398001.2
QV100-SASS-accel-a8c1d6d-gpgpu-84c4f46,NA,NA,NA,NA,3400591.3
QV100-SASS-accel-000be7f-gpgpu-e466afb,NA,NA,NA,NA,3487515.2
QV100-SASS-accel-1cb6168-gpgpu-d38b300,NA,NA,NA,NA,4000980.4
QV100-SASS-accel-a9305c5-gpgpu-d38b300,NA,NA,NA,NA,4043103.4
QV100-SASS-accel-5b93243-gpgpu-d38b300,NA,NA,NA,NA,4293494.8
QV100-SASS-accel-5745567-gpgpu-d38b300,NA,NA,NA,NA,4458342.0
QV100-SASS-accel-8d1cf8e-gpgpu-d38b300,NA,NA,NA,NA,3777617.9
QV100-SASS-accel-17f819f-gpgpu-d38b300,NA,NA,NA,NA,3808220.0
QV100-SASS-accel-2f29d2d-gpgpu-1d39b6f,NA,NA,NA,NA,3759313.9
QV100-SASS-accel-786503a-gpgpu-13c6711,NA,NA,NA,NA,3247886.6
QV100-SASS-accel-53584fc-gpgpu-13c6711,NA,NA,NA,NA,3312583.0
QV100-SASS-accel-e02c99d-gpgpu-13c6711,NA,NA,NA,NA,3384915.9
QV100-SASS-accel-bccdebb-gpgpu-13c6711,NA,NA,NA,NA,3616940.1
QV100-SASS-accel-0f84efb-gpgpu-74cdacd,NA,NA,NA,NA,2003944.8
QV100-SASS-accel-7feb41c-gpgpu-74cdacd,NA,NA,NA,NA,3264755.6
QV100-SASS-accel-8f77aae-gpgpu-948c0e1,NA,NA,NA,NA,4497635.9
QV100-SASS-accel-8f2c50f-gpgpu-6dd3bfc,NA,NA,NA,NA,3859635.2
QV100-SASS-accel-2f19b3d-gpgpu-e033c1f,NA,NA,NA,NA,4065089.1
QV100-SASS-accel-17e94d7-gpgpu-e033c1f,NA,NA,NA,NA,3667980.8
QV100-SASS-accel-dc0bece-gpgpu-e033c1f,NA,NA,NA,NA,4087294.3
QV100-SASS-accel-21f6fea-gpgpu-e033c1f,NA,NA,NA,NA,4025289.6
QV100-SASS-accel-a88075e-gpgpu-e033c1f,NA,NA,NA,NA,3754531.5
QV100-SASS-accel-470e82b-gpgpu-73db3f7,NA,NA,NA,NA,3644942.4
QV100-SASS-accel-a6c1a7a-gpgpu-66ae881,NA,NA,NA,NA,3330336.1
QV100-SASS-accel-572f6fd-gpgpu-301be9e,NA,NA,NA,NA,2538111.2
QV100-SASS-accel-92027de-gpgpu-58beccb,NA,NA,NA,NA,2717797.2
QV100-SASS-accel-0c80a10-gpgpu-58beccb,NA,NA,NA,NA,3332682.5
QV100-SASS-accel-53da2df-gpgpu-a0c12f5,NA,NA,NA,NA,2884563.7
QV100-SASS-accel-86f4430-gpgpu-a0c12f5,NA,NA,NA,NA,2534622.9
QV100-SASS-accel-c1a12bc-gpgpu-9aeacdf,NA,NA,NA,NA,3577750.9
QV100-SASS-accel-a1ca547-gpgpu-9aeacdf,NA,NA,NA,NA,2909212.0
QV100-SASS-accel-a1ca547-gpgpu-67fc78c,NA,NA,NA,NA,2550443.1
QV100-SASS-accel-_modifi-gpgpu-67fc78c,NA,NA,NA,NA,3125597.0
QV100-SASS-accel-c5fa0e8-gpgpu-bc268aa,NA,NA,NA,NA,1368835.8
QV100-SASS-accel-43a51f3-gpgpu-7d3ad23,NA,NA,NA,NA,1714624.2
QV100-SASS-accel-4ac0e40-gpgpu-7d3ad23,NA,NA,NA,NA,1337914.3
QV100-SASS-accel-efa370c-gpgpu-6b22d66,NA,NA,NA,NA,1091828.3
QV100-SASS-accel-66ed9f2-gpgpu-6b22d66,NA,NA,NA,NA,1387625.7
QV100-SASS-accel-b1c61bc-gpgpu-6b22d66,NA,NA,NA,NA,1945323.7
QV100-SASS-accel-b3d9838-gpgpu-22159f1,NA,NA,NA,NA,1393790.2
QV100-SASS-accel-3ff1be8-gpgpu-67d8a3b,NA,NA,NA,NA,1488889.9
QV100-SASS-accel-3ff1be8-gpgpu-9d88a1c,NA,NA,NA,NA,1347742.1
QV100-SASS-accel-879dc35-gpgpu-3364474,NA,NA,NA,NA,2317363.4
QV100-SASS-accel-e7b698e-gpgpu-3364474,NA,NA,NA,NA,2664080.2
QV100-SASS-accel-1688c9d-gpgpu-3364474,NA,NA,NA,NA,2271936.7
QV100-SASS-accel-a634fe0-gpgpu-3364474,NA,NA,NA,NA,2246494.4
QV100-SASS-accel-7a8e345-gpgpu-3364474,NA,NA,NA,NA,2370750.7
QV100-SASS-accel-d3ba55f-gpgpu-a3c52cf,NA,NA,NA,NA,1407990.1
QV100-SASS-accel-ec00037-gpgpu-a3c52cf,NA,NA,NA,NA,1472927.9
QV100-SASS-accel-a619790-gpgpu-a3c52cf,NA,NA,NA,NA,1426090.0
QV100-SASS-accel-31777f7-gpgpu-a3c52cf,NA,NA,NA,NA,1548257.5
QV100-SASS-accel-6c06571-gpgpu-b18ee39,NA,NA,NA,NA,1731083.0
QV100-SASS-accel-96d7923-gpgpu-b18ee39,NA,NA,NA,NA,1430175.8
QV100-SASS-accel-ff9a5d6-gpgpu-b18ee39,NA,NA,NA,NA,1868656.4
QV100-SASS-accel-3c96d32-gpgpu-b18ee39,NA,NA,NA,NA,9091051.2
QV100-SASS-accel-d7f397a-gpgpu-b18ee39,NA,NA,NA,NA,2059091.5
QV100-SASS-accel-963526a-gpgpu-b18ee39,5957894,4546184,6118918,195239,1295745.0
QV100-SASS-accel-55194db-gpgpu-6c3cf4f,7398692,5746192,8511278,300344,1805895.5
QV100-SASS-accel-b585512-gpgpu-6c3cf4f,10579439,8085714,11320000,300344,2306959.2
QV100-SASS-accel-bf35ab0-gpgpu-6c3cf4f,5989417,5289719,7031055,315408,1618666.6
QV100-SASS-accel-f0e4574-gpgpu-6c3cf4f,6395480,5240740,8143884,322875,1753903.5
QV100-SASS-accel-9be0e3c-gpgpu-6c3cf4f,8641221,8641221,8323529,345437,2107069.4
QV100-SASS-accel-1b34b87-gpgpu-6c3cf4f,12439560,10385321,9278688,315408,2440483.6
QV100-SASS-accel-f28591a-gpgpu-6c3cf4f,7753424,5549019,8202898,315408,1730936.4
QV100-SASS-accel-3016c65-gpgpu-6c3cf4f,14329113,12719101,12042553,270296,2859178.4
QV100-SASS-accel-0a56c96-gpgpu-15f3c31,18557377,17687500,10579439,300344,3340119.2
QV100-SASS-accel-6d7eb10-gpgpu-bc7bde2,13162790,10481481,10198198,315408,2553823.3
QV100-SASS-accel-a6ee5cb-gpgpu-bc7bde2,17415384,13638554,14150000,217734,11355418.0

----------------------------------------------------------------------------------------------------,,,,,
gpu_tot_ipc\s*=\s*(.*),,,,,
CFG,l2_bw_32f/__tpb_1024___tpsm_1024___fast--_Z5l2_bwPmS_PfS0_jj--0,l2_bw_64f/__tpb_1024___tpsm_1024___fast--_Z5l2_bwPjS_PdS0_jj--0,mem_bw/__tpb_1024___tpsm_1024--_Z6mem_bwPfS_S_S_S_S_PjS0_j--0,shared_bw/__tpb_1024___tpsm_1024___blocks_1--_Z9shared_bwPmS_Pjj--0,AV--VG
QV100-SASS-accel-f677b74-gpgpu-deb5eb5,NA,NA,NA,NA,98.3
QV100-SASS-accel-c366657-gpgpu-deb5eb5,NA,NA,NA,NA,98.7
QV100-SASS-accel-a72607f-gpgpu-deb5eb5,NA,NA,NA,NA,98.3
QV100-SASS-accel-4dbd5b1-gpgpu-deb5eb5,NA,NA,NA,NA,98.3
QV100-SASS-accel-60ad810-gpgpu-deb5eb5,NA,NA,NA,NA,98.3
QV100-SASS-accel-0ce7699-gpgpu-deb5eb5,NA,NA,NA,NA,76.3
QV100-SASS-accel-6812c12-gpgpu-deb5eb5,NA,NA,NA,NA,98.3
QV100-SASS-accel-31082a4-gpgpu-1ee03f0,NA,NA,NA,NA,101.7
QV100-SASS-accel-28e2777-gpgpu-1ee03f0,NA,NA,NA,NA,101.7
QV100-SASS-accel-10dc9a0-gpgpu-1ee03f0,NA,NA,NA,NA,101.7
QV100-SASS-accel-9719269-gpgpu-c51350d,NA,NA,NA,NA,101.7
QV100-SASS-accel-6b6f836-gpgpu-585dcf5,NA,NA,NA,NA,100.3
QV100-SASS-accel-252e8c4-gpgpu-585dcf5,NA,NA,NA,NA,100.3
QV100-SASS-accel-a4e0907-gpgpu-6c9e13d,NA,NA,NA,NA,103.9
QV100-SASS-accel-fea3381-gpgpu-6ad461a,NA,NA,NA,NA,99.6
QV100-SASS-accel-16c3068-gpgpu-6ad461a,NA,NA,NA,NA,99.6
QV100-SASS-accel-8f124d9-gpgpu-99b5997,NA,NA,NA,NA,101.7
QV100-SASS-accel-7a31963-gpgpu-84c4f46,NA,NA,NA,NA,101.7
QV100-SASS-accel-a8c1d6d-gpgpu-84c4f46,NA,NA,NA,NA,101.7
QV100-SASS-accel-000be7f-gpgpu-e466afb,NA,NA,NA,NA,100.0
QV100-SASS-accel-1cb6168-gpgpu-d38b300,NA,NA,NA,NA,99.1
QV100-SASS-accel-a9305c5-gpgpu-d38b300,NA,NA,NA,NA,99.1
QV100-SASS-accel-5b93243-gpgpu-d38b300,NA,NA,NA,NA,99.1
QV100-SASS-accel-5745567-gpgpu-d38b300,NA,NA,NA,NA,99.1
QV100-SASS-accel-8d1cf8e-gpgpu-d38b300,NA,NA,NA,NA,99.1
QV100-SASS-accel-17f819f-gpgpu-d38b300,NA,NA,NA,NA,99.1
QV100-SASS-accel-2f29d2d-gpgpu-1d39b6f,NA,NA,NA,NA,99.8
QV100-SASS-accel-786503a-gpgpu-13c6711,NA,NA,NA,NA,98.9
QV100-SASS-accel-53584fc-gpgpu-13c6711,NA,NA,NA,NA,98.9
QV100-SASS-accel-e02c99d-gpgpu-13c6711,NA,NA,NA,NA,98.9
QV100-SASS-accel-bccdebb-gpgpu-13c6711,NA,NA,NA,NA,98.6
QV100-SASS-accel-0f84efb-gpgpu-74cdacd,NA,NA,NA,NA,38.3
QV100-SASS-accel-7feb41c-gpgpu-74cdacd,NA,NA,NA,NA,98.6
QV100-SASS-accel-8f77aae-gpgpu-948c0e1,NA,NA,NA,NA,98.6
QV100-SASS-accel-8f2c50f-gpgpu-6dd3bfc,NA,NA,NA,NA,98.6
QV100-SASS-accel-2f19b3d-gpgpu-e033c1f,NA,NA,NA,NA,98.6
QV100-SASS-accel-17e94d7-gpgpu-e033c1f,NA,NA,NA,NA,98.6
QV100-SASS-accel-dc0bece-gpgpu-e033c1f,NA,NA,NA,NA,98.6
QV100-SASS-accel-21f6fea-gpgpu-e033c1f,NA,NA,NA,NA,98.8
QV100-SASS-accel-a88075e-gpgpu-e033c1f,NA,NA,NA,NA,99.1
QV100-SASS-accel-470e82b-gpgpu-73db3f7,NA,NA,NA,NA,99.1
QV100-SASS-accel-a6c1a7a-gpgpu-66ae881,NA,NA,NA,NA,101.3
QV100-SASS-accel-572f6fd-gpgpu-301be9e,NA,NA,NA,NA,101.3
QV100-SASS-accel-92027de-gpgpu-58beccb,NA,NA,NA,NA,101.3
QV100-SASS-accel-0c80a10-gpgpu-58beccb,NA,NA,NA,NA,101.3
QV100-SASS-accel-53da2df-gpgpu-a0c12f5,NA,NA,NA,NA,101.3
QV100-SASS-accel-86f4430-gpgpu-a0c12f5,NA,NA,NA,NA,101.3
QV100-SASS-accel-c1a12bc-gpgpu-9aeacdf,NA,NA,NA,NA,101.3
QV100-SASS-accel-a1ca547-gpgpu-9aeacdf,NA,NA,NA,NA,101.3
QV100-SASS-accel-a1ca547-gpgpu-67fc78c,NA,NA,NA,NA,101.3
QV100-SASS-accel-_modifi-gpgpu-67fc78c,NA,NA,NA,NA,101.3
QV100-SASS-accel-c5fa0e8-gpgpu-bc268aa,NA,NA,NA,NA,126.2
QV100-SASS-accel-43a51f3-gpgpu-7d3ad23,NA,NA,NA,NA,126.2
QV100-SASS-accel-4ac0e40-gpgpu-7d3ad23,NA,NA,NA,NA,126.2
QV100-SASS-accel-efa370c-gpgpu-6b22d66,NA,NA,NA,NA,126.2
QV100-SASS-accel-66ed9f2-gpgpu-6b22d66,NA,NA,NA,NA,126.2
QV100-SASS-accel-b1c61bc-gpgpu-6b22d66,NA,NA,NA,NA,126.2
QV100-SASS-accel-b3d9838-gpgpu-22159f1,NA,NA,NA,NA,126.2
QV100-SASS-accel-3ff1be8-gpgpu-67d8a3b,NA,NA,NA,NA,126.2
QV100-SASS-accel-3ff1be8-gpgpu-9d88a1c,NA,NA,NA,NA,126.2
QV100-SASS-accel-879dc35-gpgpu-3364474,NA,NA,NA,NA,261.6
QV100-SASS-accel-e7b698e-gpgpu-3364474,NA,NA,NA,NA,261.6
QV100-SASS-accel-1688c9d-gpgpu-3364474,NA,NA,NA,NA,261.6
QV100-SASS-accel-a634fe0-gpgpu-3364474,NA,NA,NA,NA,261.6
QV100-SASS-accel-7a8e345-gpgpu-3364474,NA,NA,NA,NA,261.6
QV100-SASS-accel-d3ba55f-gpgpu-a3c52cf,NA,NA,NA,NA,262.3
QV100-SASS-accel-ec00037-gpgpu-a3c52cf,NA,NA,NA,NA,262.3
QV100-SASS-accel-a619790-gpgpu-a3c52cf,NA,NA,NA,NA,262.3
QV100-SASS-accel-31777f7-gpgpu-a3c52cf,NA,NA,NA,NA,262.3
QV100-SASS-accel-6c06571-gpgpu-b18ee39,NA,NA,NA,NA,262.3
QV100-SASS-accel-96d7923-gpgpu-b18ee39,NA,NA,NA,NA,262.3
QV100-SASS-accel-ff9a5d6-gpgpu-b18ee39,NA,NA,NA,NA,262.3
QV100-SASS-accel-3c96d32-gpgpu-b18ee39,NA,NA,NA,NA,262.3
QV100-SASS-accel-d7f397a-gpgpu-b18ee39,NA,NA,NA,NA,262.3
QV100-SASS-accel-963526a-gpgpu-b18ee39,2053.8623,1044.1750,189.7108,57.4922,261.5
QV100-SASS-accel-55194db-gpgpu-6c3cf4f,2053.8623,1044.1750,189.7108,57.4922,261.5
QV100-SASS-accel-b585512-gpgpu-6c3cf4f,2053.8623,1044.1750,189.7108,57.4922,261.5
QV100-SASS-accel-bf35ab0-gpgpu-6c3cf4f,2053.8623,1044.1750,189.7108,57.4922,261.5
QV100-SASS-accel-f0e4574-gpgpu-6c3cf4f,2053.8623,1044.1750,189.7108,57.4922,261.5
QV100-SASS-accel-9be0e3c-gpgpu-6c3cf4f,2053.8623,1044.1750,189.7108,57.4922,261.5
QV100-SASS-accel-1b34b87-gpgpu-6c3cf4f,2053.8623,1044.1750,189.7108,57.4922,261.5
QV100-SASS-accel-f28591a-gpgpu-6c3cf4f,2053.8623,1044.1750,189.7108,57.4922,261.5
QV100-SASS-accel-3016c65-gpgpu-6c3cf4f,2053.8623,1044.1750,189.7108,57.4922,261.5
QV100-SASS-accel-0a56c96-gpgpu-15f3c31,2061.0588,1037.4181,189.7108,57.4922,264.8
QV100-SASS-accel-6d7eb10-gpgpu-bc7bde2,2061.0588,1037.4181,189.7108,57.4922,264.8
QV100-SASS-accel-a6ee5cb-gpgpu-bc7bde2,2061.0588,1037.4181,189.7108,57.4922,836.4

